/** 
 * <feature scope="SanteDB.Persistence.Data" id="00010000-02" name="Initialize:001-02" invariantName="sqlite">
 *	<summary>Core concept dictionary</summary>
 *	<remarks>This script installs the necessary core concept dictionary into SanteDB</remarks>
 *  <isInstalled mustSucceed="true">SELECT COUNT(CD_ID) = 1 FROM CD_TBL WHERE CD_ID = x'216D7AA8A62CEA4A88F36135CCEB58D1';</isInstalled>
 * </feature>
 */
INSERT INTO CD_TBL VALUES(x'216D7AA8A62CEA4A88F36135CCEB58D1');
INSERT INTO CD_TBL VALUES(x'BD4C06C806FA3045B4301A52F1530C27');
INSERT INTO CD_TBL VALUES(x'905FEFBD9754264F956C8F818CCE2BD2');
INSERT INTO CD_TBL VALUES(x'F1CB4FC3FEE0894990FD0DC49E1B9685');
INSERT INTO CD_TBL VALUES(x'C4A34ACDD502C94C9088EF8F31E321C5');
INSERT INTO CD_TBL VALUES (x'A160D9BB5338134BB62AD768F93A08C5');
INSERT INTO CD_TBL VALUES (x'CF2C6C84025B3F4BBEB43D69CE7830DD');
INSERT INTO CD_TBL VALUES (x'34A64B0F0751AB4E965825BE293CD831');
INSERT INTO CD_TBL VALUES (x'B4F7572565E46549B016766F192131AB');
INSERT INTO CD_TBL VALUES (x'7FC4984BA5EA2C47A2C697DDDC0CB68C');
INSERT INTO CD_TBL VALUES (x'1921B5540917984089115DF6D6C84140');
INSERT INTO CD_TBL VALUES (x'D3B684BE6D447E4EB35D2925F9F93434');
INSERT INTO CD_TBL VALUES (x'3CC58719B87A61449EBC0D428744A8C0');
INSERT INTO CD_TBL VALUES (x'2C64A94354A0DF459BEE99274B4635CD');
INSERT INTO CD_TBL VALUES (x'4A9B61578A2C7446A7FC8E4F9AEB4903');
INSERT INTO CD_TBL VALUES (x'C622D0288B8AC4479E6A2BC67308739E');
INSERT INTO CD_TBL VALUES (x'93228E11460F784B8252AB078AFB32D3');
INSERT INTO CD_TBL VALUES (x'769E8240EC330C42AE79C9B9DC5A3481');
INSERT INTO CD_TBL VALUES (x'A1E30408E6ABFB4B9AD35484F170D181');
INSERT INTO CD_TBL VALUES (x'A98DC5807C910B45843FDE21E4AE41A9');
INSERT INTO CD_TBL VALUES (x'B04A302233B14A49AD304D9170176F99');
INSERT INTO CD_TBL VALUES (x'902E7E48ABC29346B1902C4E2F0E7CEC');
INSERT INTO CD_TBL VALUES (x'9D2BE27C62E07C44A92171E690EBD5CF');
INSERT INTO CD_TBL VALUES (x'1FD338EC87A121499FB6FF9D227E9E9C');
INSERT INTO CD_TBL VALUES (x'C62F6BBC4265EC4B96EB8573A606DBB4');
INSERT INTO CD_TBL VALUES (x'7B4194AB1A0D464C8D556C3FBA04ED7E');
INSERT INTO CD_TBL VALUES (x'9E9ED082129BDD47ACBA0557CC025BD7');
INSERT INTO CD_TBL VALUES (x'7E3C2A9377AD0A458A1F030FC2855450');
INSERT INTO CD_TBL VALUES (x'4F9864A0479880448BEADDDF64B3C77C');
INSERT INTO CD_TBL VALUES (x'EA0EA773CD066548A5F7F010E33BA4F3');
INSERT INTO CD_TBL VALUES (x'4D047FB4C8A9654A9F84D99D913BEB97');
INSERT INTO CD_TBL VALUES (x'181FA621C51FC047A235721D2F965E33');
INSERT INTO CD_TBL VALUES (x'9F408FF3923E6B4EB8FDB2ABC7E6C177');
INSERT INTO CD_TBL VALUES (x'AA49AEFDCB6FAE409653744E87FDD692');
INSERT INTO CD_TBL VALUES (x'6AF1139662F9274C8489B78AEBD7E2EC');
INSERT INTO CD_TBL VALUES (x'0CF4C2904E7860428B9166BB032D3652');
INSERT INTO CD_TBL VALUES (x'50E6761A4202404B9267BF3A5B386C96');
INSERT INTO CD_TBL VALUES (x'C923505A539A4F4FA9B25938C71041E7');
INSERT INTO CD_TBL VALUES (x'9C0C4A7A1CCF3A42987ED2A5717AC74E');
INSERT INTO CD_TBL VALUES (x'1F5474ECC4872743A4B997F325501747');
INSERT INTO CD_TBL VALUES (x'704089296BA7EF478C16D84E0ACD9EA6');
INSERT INTO CD_TBL VALUES (x'BC426564E4728B48BBF4865D452E62EC');
INSERT INTO CD_TBL VALUES (x'0F54B9788B436F4B8D83AAF4979DBC64');
INSERT INTO CD_TBL VALUES (x'0C59FE26843674459359057FDD06BA61');
INSERT INTO CD_TBL VALUES (x'6881F685432A3245BC79191FA0B47C8B');
INSERT INTO CD_TBL VALUES (x'DC1CC82856CA924CB691094E89630642');
INSERT INTO CD_TBL VALUES (x'C00F285A268C9141B204B1B1E4E19462');
INSERT INTO CD_TBL VALUES (x'1D8A4899976D13408C91DED6AD3B8E89');
INSERT INTO CD_TBL VALUES (x'25D3E407B9637D48A22C9B194C09A6BA');
INSERT INTO CD_TBL VALUES (x'17A7B1C3D074E34A830CEFDDCC57BB92');
INSERT INTO CD_TBL VALUES (x'A8C8D4167657344CB189018D236F1CB6');
INSERT INTO CD_TBL VALUES (x'BBE62A80B8311A409D409CE3C3DA227C');
INSERT INTO CD_TBL VALUES (x'5F9AA42C50AF2D4092637725071C3ED9');
INSERT INTO CD_TBL VALUES (x'97101EF89EED1B469E1F52BD7ED47236');
INSERT INTO CD_TBL VALUES (x'8D6BA53158B33A45A3C8B1D60EE52578');
INSERT INTO CD_TBL VALUES (x'869A825043663C42BBAEEB3119575349');
INSERT INTO CD_TBL VALUES (x'C012349BB9ADFA419B232557BD0B3348');
INSERT INTO CD_TBL VALUES (x'DA9A504F66D3AC41BD84E0B3046A0FFC');
INSERT INTO CD_TBL VALUES (x'0D1469E75E19DF4FB64F0DA4ECF74B36');
INSERT INTO CD_TBL VALUES (x'6CC01B22F42744428EFEA7B968FBDBD6');
INSERT INTO CD_TBL VALUES (x'41A920D906EC0D4D9F60631B790F8E0D');
INSERT INTO CD_TBL VALUES (x'92F830F7CCEBBC438D39BDA98BC76563');
INSERT INTO CD_TBL VALUES (x'690AF4E0090EE144BD37080AC88661E3');
INSERT INTO CD_TBL VALUES (x'FBB222DA0BBFA64A8DCCCB4C4CAD1CA8');
INSERT INTO CD_TBL VALUES (x'80B198C8D0DA15419200F48329FD7771');
INSERT INTO CD_TBL VALUES (x'2BD1BECFB1FFD748B0AB68F898A76749');
INSERT INTO CD_TBL VALUES (x'071FA7A53502E842BEABADEFEB357BF5');
INSERT INTO CD_TBL VALUES (x'8F312B749881DE4D9B4334D20D0C18E2');
INSERT INTO CD_TBL VALUES (x'7C2DD7A02FB31946A943F40CED704DF6');
INSERT INTO CD_TBL VALUES (x'B3D74DC44E4E3F499ACE557CA3C672A7');
INSERT INTO CD_TBL VALUES (x'8C4DD0441BA8CE478857C88CC92E8DFC');
INSERT INTO CD_TBL VALUES (x'0AFB55EB6D12974FA7E4454D600C5C9A');
INSERT INTO CD_TBL VALUES (x'0BC08CD139C3A5479FF923C77542A5C3');
INSERT INTO CD_TBL VALUES (x'64A3C065BFB1164B8C286D1E2FC90AD1');
INSERT INTO CD_TBL VALUES (x'07FDF16926BA924E8AD0DEAC7559E90F');
INSERT INTO CD_TBL VALUES (x'04FF7313EFA60A42B1D04A07465FE8E8');
INSERT INTO CD_TBL VALUES (x'24F36FB774B1B740A6ACD1FDF8E23967');
INSERT INTO CD_TBL VALUES (x'CF9B010B1FC58C4BBFAEB7232A7DFB59');
INSERT INTO CD_TBL VALUES (x'44E52D4AC9F8294EB156DF478D5CBE25');
INSERT INTO CD_TBL VALUES (x'5AA2F1FB74B81B4D83A9DA193869EE78');
INSERT INTO CD_TBL VALUES (x'9632CD7458CB84499750D077A130CE05');
INSERT INTO CD_TBL VALUES (x'ADCF9FE21DEC604CA055039A494248AE');
INSERT INTO CD_TBL VALUES (x'5E33F8FD121FE04D8356F8778ED41C21');
INSERT INTO CD_TBL VALUES (x'C9E5A58B3B69D449973CD7010F3A23EE');
INSERT INTO CD_TBL VALUES (x'C9E525903B69D449973CD7010F3A23EE');
INSERT INTO CD_TBL VALUES (x'75B56C8A22CF8441A2B7D9E99D2CD850');
INSERT INTO CD_TBL VALUES (x'42BFFC61E0B5B54F9392108A5C6DBEC7');
INSERT INTO CD_TBL VALUES (x'7FF66201A650434788B6EDCDE354CACA');
INSERT INTO CD_TBL VALUES (x'6A751FB9375B9E408CF9C985D5DBA2F1');
INSERT INTO CD_TBL VALUES (x'46A8E29DF2DDBC4E902E84508C5089EA');
INSERT INTO CD_TBL VALUES (x'BE7390D38F0F0E44B8C87034CC138A95');
INSERT INTO CD_TBL VALUES (x'32A39F2E9193C6489FC8920A750B25D3');
INSERT INTO CD_TBL VALUES (x'C29CA0E5E55AC2408E32687DBA06715D');
INSERT INTO CD_TBL VALUES (x'86C2FEFAD5890B429085054ACA9D1EEF');
INSERT INTO CD_TBL VALUES (x'91B6522422F12141B9DF76D990B43F35');
INSERT INTO CD_TBL VALUES (x'BC43702ACA6C7D44B2308414F790CDB6');
INSERT INTO CD_TBL VALUES (x'D69CFAA1E71C7E4FA0C17A503F9F1255');
INSERT INTO CD_TBL VALUES (x'55BD087C424DCD4992F86388D6C4183F');
INSERT INTO CD_TBL VALUES (x'F4643C0B0D22E544BDC64BFAD6120963');
INSERT INTO CD_TBL VALUES (x'B0B0F48CE584224185FE6AFA8240C218');
INSERT INTO CD_TBL VALUES (x'28E5ACC77D27FB4E94EEBFD1278F40F7');
INSERT INTO CD_TBL VALUES (x'7378AB21F38E784D9C194582B3C40631');
INSERT INTO CD_TBL VALUES (x'754FDD79E8682247A7F58BC2E08F5CD6');
INSERT INTO CD_TBL VALUES (x'B3FFB248DB07BA47AD73FC8FB8502471');
INSERT INTO CD_TBL VALUES (x'7DEEEF6EF5DFD346A6A7171EF93879C7');
INSERT INTO CD_TBL VALUES (x'285C1A4DB7DE1E41B75FD524F90DFA63');
INSERT INTO CD_TBL VALUES (x'F6AA351987D4824CAC17FB917B5B6D71');
INSERT INTO CD_TBL VALUES (x'DE089FF2A7785E4AAEAF7B545BA19A09');
INSERT INTO CD_TBL VALUES (x'ACA728AD6BA6C44291B4DE40A2B11980');
INSERT INTO CD_TBL VALUES (x'B7F14C609188FB49B95F3E4E875691BC');
INSERT INTO CD_TBL VALUES (x'D81E6571918C3948B76E9BFDD2EDBA43');
INSERT INTO CD_TBL VALUES (x'AF3FCBF05D4304479217B884F757BC14');
INSERT INTO CD_TBL VALUES (x'2AAF58F105D41646A45950E8494A9A56');
INSERT INTO CD_TBL VALUES (x'2BAD35CC99664649AE3876AB08193F41');
INSERT INTO CD_TBL VALUES (x'D2660DC5DAE5344AB2B74CD4FE4EF2C4');
INSERT INTO CD_TBL VALUES (x'484260391278604BBC548CC1FFFB1DE6');
INSERT INTO CD_TBL VALUES (x'82548AEC5920FC43A4CE04F71F64E3D8');
INSERT INTO CD_TBL VALUES (x'4FD94ED6A4E4A249A0D81E6F393AAB36');
INSERT INTO CD_TBL VALUES (x'F10564197EE04E49A56EB4B563CD85FC');
INSERT INTO CD_TBL VALUES (x'1D6AAD9771688C44A504CB82CABC0452');
INSERT INTO CD_TBL VALUES (x'2139504C6E1D4941A3C433F6BE4646CE');
INSERT INTO CD_TBL VALUES (x'870A8B4B2E7D6D40AEB01041C3841B57');
INSERT INTO CD_TBL VALUES (x'578584618DD7E540954F0B9C97307A04');
INSERT INTO CD_TBL VALUES (x'F8AD5D4575C1A145A85934283A8210F8');
INSERT INTO CD_TBL VALUES (x'164217A0396451439483A241A48029B7');
INSERT INTO CD_TBL VALUES (x'AD29BF6C51ACC948885ACFE3026ECF6E');
INSERT INTO CD_TBL VALUES (x'AE404C9C152C8145A496BE1ABFE4EB66');
INSERT INTO CD_TBL VALUES (x'D74A360A61F98A4D93F01FD4176548B3');
INSERT INTO CD_TBL VALUES (x'2334F6D99BBAD948BA38C404B784B670');
INSERT INTO CD_TBL VALUES (x'6E4E59A2FEE8684C82A5D3A46DBEC87D');
INSERT INTO CD_TBL VALUES (x'ED617A72352F094E8BB66D09E2BA8FEC');
INSERT INTO CD_TBL VALUES (x'66676A5A1D8E364DAE509B7D82D8A182');
INSERT INTO CD_TBL VALUES (x'2F0C9F3A22E33946A8E70DF67CAC761B');
INSERT INTO CD_TBL VALUES (x'91B29097A3B8854CA240C2C38885AD5D');
INSERT INTO CD_TBL VALUES (x'3DA204C7EF86114E9050F8AA10919FF2');
INSERT INTO CD_TBL VALUES (x'8B0F8E5E23BC474882AB49B8DD79981E');
INSERT INTO CD_TBL VALUES (x'27753FDEC9E3EF45857400CA4495F767');
INSERT INTO CD_TBL VALUES (x'7F35820BE05A4345AB8EA33E9B315BAB');
INSERT INTO CD_TBL VALUES (x'696D9D649C130640AE45AFF4649D6079');
INSERT INTO CD_TBL VALUES (x'B0969847D535424881095FDBEE14E8A4');
INSERT INTO CD_TBL VALUES (x'F7C7CAA5B7E3D84D872CDB0E7FCC2D84');
INSERT INTO CD_TBL VALUES (x'6CDB92675CFDB84A96F5ACE5665BDCB9');
INSERT INTO CD_TBL VALUES (x'3D0D9976273F394B836BBA87EEBA3328');
INSERT INTO CD_TBL VALUES (x'EE3512BE0A71324788FD6E895DE7C56D');
INSERT INTO CD_TBL VALUES (x'A9A560EA71E90D4FBB5DDC7A0C74A2C9');
INSERT INTO CD_TBL VALUES (x'5C1B40EC334C29429C72428FC5DB37FF');
INSERT INTO CD_TBL VALUES (x'7B29B6CB3C743C458476BA4C10A1C965');
INSERT INTO CD_TBL VALUES (x'8872E79909CB5040A8CF385513F32F0A');
INSERT INTO CD_TBL VALUES (x'0077060337CE5F408ED3E4965BA2F601');
INSERT INTO CD_TBL VALUES (x'217BE1BCB205024FBF7AC6D3561AA948');
INSERT INTO CD_TBL VALUES (x'DF44C72889D8444ABC1A2E9E9D64AF13');
INSERT INTO CD_TBL VALUES (x'3EB8817F780D85468BA4224EB315CE54');
INSERT INTO CD_TBL VALUES (x'D471544BFEE3F74585A2AE2B4F224757');
INSERT INTO CD_TBL VALUES (x'1E79FB289E171A46B16CCAC13A04BD0A');
INSERT INTO CD_TBL VALUES (x'EEDB923F5EA64F4398CE841FEEB02E3F');
INSERT INTO CD_TBL VALUES (x'B894C653D827DD4395A4BB318431D17C');
INSERT INTO CD_TBL VALUES (x'9979B801A7855C4F9B7E892F1195CFE3');
INSERT INTO CD_TBL VALUES (x'3479BB02B576C54CBD4258570F15EB4D');
INSERT INTO CD_TBL VALUES (x'CAA6A36DB02A324D9588E094F277F06D');
INSERT INTO CD_TBL VALUES (x'55923F355E76364380071D61AB09AAD6');
INSERT INTO CD_TBL VALUES (x'3A01BEC3C520204C840CD9DBB15D040E');
INSERT INTO CD_TBL VALUES (x'24367B7262EABB46A68BB9E49E302ECA');
INSERT INTO CD_TBL VALUES (x'5B1805AC805AA847B924060DEB6D0EB2');
INSERT INTO CD_TBL VALUES (x'215F175D63198945A400B5EF5F64842C');
INSERT INTO CD_TBL VALUES (x'DE25123C4E19CE49A41A0F9376B04C11');
INSERT INTO CD_TBL VALUES (x'74AC0F5BC65AE64499A46813C0E2F4A9');
INSERT INTO CD_TBL VALUES (x'A4705EFA6EA465468A2094D4D7B86FC8');
INSERT INTO CD_TBL VALUES (x'FA083F695A62D240B9286856099C0349');
INSERT INTO CD_TBL VALUES (x'6C13F6796514E845917EE7832BC8E3B2');
INSERT INTO CD_TBL VALUES (x'061EF94F392EE3449FBE0D828FE318FE');
INSERT INTO CD_TBL VALUES (x'124C476478B9B64BA58446DADEC2D952');
INSERT INTO CD_TBL VALUES (x'8757DCF94DDDC642A082AC7D11956FDA');
INSERT INTO CD_TBL VALUES (x'82BF2D1B03A5F44C9ECBA8E111B4674E');
INSERT INTO CD_TBL VALUES (x'33A3160746CD9D43BFD6BF788F3885FA');
INSERT INTO CD_TBL VALUES (x'3571088E6F8C1442BDD2448387D3F24C');
INSERT INTO CD_TBL VALUES (x'70CCD7CEBC12BB45AC46DDF41141E64B');
INSERT INTO CD_TBL VALUES (x'6E5DF36A7C5534409518E87BC6CFF808');
INSERT INTO CD_TBL VALUES (x'D93BDAFDEEA39C479B2D89BA49F09B85');
INSERT INTO CD_TBL VALUES (x'8DB98236144B2B4E92F5AA7ABF522E28');
INSERT INTO CD_TBL VALUES (x'E7B5E78D41C9BD42B73552D750EFC5E6');
INSERT INTO CD_TBL VALUES (x'45D47F8690D41946804E75C04B8A0E57');
INSERT INTO CD_TBL VALUES (x'4BA0B77765C0AF4F8EC02CDAD4AE372B');
INSERT INTO CD_TBL VALUES (x'0114BD33DBDFE740A9140A695AD5186E');
INSERT INTO CD_TBL VALUES (x'DF987F75E0146A44BD50BB0AFFB34F09');
INSERT INTO CD_TBL VALUES (x'8D14D2B135BB37438FE6021F5A3AC8A3');
INSERT INTO CD_TBL VALUES (x'425F98256A475544A9774E97A554D710');
INSERT INTO CD_TBL VALUES (x'4FE7E41E2D54444596F6266A6247F274');
INSERT INTO CD_TBL VALUES (x'34238E3BCC4C244F8AAE37341EA03D3E');
INSERT INTO CD_TBL VALUES (x'5231B1353CE4CB4B8649A9E83BEE33A2');
INSERT INTO CD_TBL VALUES (x'724684D4D7C04C4383776DD0655B0532');
INSERT INTO CD_TBL VALUES (x'7962259DACF1B346A974DD13E2AD4F72');
INSERT INTO CD_TBL VALUES (x'377F903D5C08264CB59B62E40621DAFD');
INSERT INTO CD_TBL VALUES (x'8FD78EF2AB85A147BA08B5051E62D6C3');
INSERT INTO CD_TBL VALUES (x'0F9B044789F1194E9AA87C38ADB2491A');
INSERT INTO CD_TBL VALUES (x'5B2A1AF313CEE147A0FBD704F31547DB');
INSERT INTO CD_TBL VALUES (x'0CA0E2CBD5E1E944AAE3D7D03E3C2EFA');
INSERT INTO CD_TBL VALUES (x'C07BAD43D82E274B97E5B3DB00A07D17');
INSERT INTO CD_TBL VALUES (x'E66AC966C4C5664D9BD0A00C56E831DA');
INSERT INTO CD_TBL VALUES (x'13953CB41C1CD04E92DB55A904C122E6');
INSERT INTO CD_TBL VALUES (x'8DB0CF1BFAC6DD4198BF06336A33A3B7');
INSERT INTO CD_TBL VALUES (x'570CB1F5E13AEA4186491CF8D9848AE1');
INSERT INTO CD_TBL VALUES (x'D12B520CA2DFCB43A98EF6FF137968AE');
INSERT INTO CD_TBL VALUES (x'C048ADD79D88E24199E9BE5E6C5327B2');
INSERT INTO CD_TBL VALUES (x'FE7F59EF65D99843B55A650530EBB997');
INSERT INTO CD_TBL VALUES (x'7E05FEB9577FEB4289D767C69646C0C4');
INSERT INTO CD_TBL VALUES (x'466CEFF1EB058244BAEBEAF0A8E5FFEF');
INSERT INTO CD_TBL VALUES (x'D8FE046B64C19C46910BF824C2BDA4F0');
INSERT INTO CD_TBL VALUES (x'6F9CCDBAA93F1E48963637457962804D');
INSERT INTO CD_TBL VALUES (x'E15145736029684A93A2B277DB072A43');
INSERT INTO CD_TBL VALUES (x'D222C907C9125A4195D49B3FED4959D6');
INSERT INTO CD_TBL VALUES (x'EF17C0CE494EAF418596ABAD1A91C9D0');
INSERT INTO CD_TBL VALUES (x'09DD21654B33BF4F9C891AD5A804326C');
INSERT INTO CD_TBL VALUES (x'A5D9F98F06A2664582CD67B770D7CE8A');
INSERT INTO CD_TBL VALUES (x'6675150CE9D176498542473CAA9BA2A4');
INSERT INTO CD_TBL VALUES (x'3FD8FCA88B804B498A1CEC2C6DBC3DFA');
INSERT INTO CD_TBL VALUES (x'05B7C1DD68C77A4C8F6976AD4B167B40');
INSERT INTO CD_TBL VALUES (x'957E2CB5B8884C4C836A934277AFDB92');
INSERT INTO CD_TBL VALUES (x'487EEFF3B7D83040B431AFF7E0E1CB76');
INSERT INTO CD_TBL VALUES (x'CBDFB031BAD72A4598B945EBCCD30732');
INSERT INTO CD_TBL VALUES (x'FE0CBE9BABFAC94DA28FC001E3E95E6E');
INSERT INTO CD_TBL VALUES (x'DA7A54F5B91EBB40B163081567D869E7');
INSERT INTO CD_TBL VALUES (x'F4F83D7024B1C54495061AB74DDFD91D');
INSERT INTO CD_TBL VALUES (x'7C0839ABD3171A42A1E32DE4E0AB9FAF');
INSERT INTO CD_TBL VALUES (x'21A6029C6585B44694FFA2BD210989B1');
INSERT INTO CD_TBL VALUES (x'938C0F5BC957FF4DB59A9564739EF445');
INSERT INTO CD_TBL VALUES (x'35B9C8C54F29904C9D81CBF914BF5808');
INSERT INTO CD_TBL VALUES (x'3BDF8067BDAFA3448627CBB3DC2F02F6');
INSERT INTO CD_TBL VALUES (x'DB7F65D6F34E3141AF7914E01A21FACA');
INSERT INTO CD_TBL VALUES (x'CDD8B677A0051F4B9E14B895203BF40C');
INSERT INTO CD_TBL VALUES (x'5CA17D116408004FA9879B9854CBA44E');
INSERT INTO CD_TBL VALUES (x'E83FFDAB2695FB48B36635BACA9BD170');
INSERT INTO CD_TBL VALUES (x'178DE9204DE2644CB09E521A177CCD05');
INSERT INTO CD_TBL VALUES (x'A7DF34FFD3C68B4FBC9F14BCDC13BA6C');
INSERT INTO CD_TBL VALUES (x'72175F4580F5E84786BDB5CE25D351F9');
INSERT INTO CD_TBL VALUES (x'AAF7BA41FD5F2144831F42D4AB3DE38A');
INSERT INTO CD_TBL VALUES (x'7625B9C6621D964887996F931F8AB607');
INSERT INTO CD_TBL VALUES (x'D9F7FF08C7BA7B41B026C9BEE52F4A37');
INSERT INTO CD_TBL VALUES (x'8F4B9B63D3AF63499E79EF0D3928796A');
INSERT INTO CD_TBL VALUES (x'DE205184F7E6EC4C94AAE6E943C91367');
INSERT INTO CD_TBL VALUES (x'52B5FEB2AF8EFE45A397F789D6F4728A');
INSERT INTO CD_TBL VALUES (x'6B1B2B2174B0754A862DE4E194252044');
INSERT INTO CD_TBL VALUES (x'E470F6CF5E968842B96647A44479D2AD');
INSERT INTO CD_TBL VALUES (x'A0280C02527CF442A046DB9E329D5A42');
INSERT INTO CD_TBL VALUES (x'69A444CAD78184449189CA1D55AFECBC');
INSERT INTO CD_TBL VALUES (x'4E4274D892C6D84FB94E642E1CBF83E9');
INSERT INTO CD_TBL VALUES (x'0878EB035108E249B773663B0AC2BD38');
INSERT INTO CD_TBL VALUES (x'7B297115ED8602408B4013403CBA68AB');
INSERT INTO CD_TBL VALUES (x'68172F199ED39D4087BE5AFD0EE0D1FE');
INSERT INTO CD_TBL VALUES (x'C093AF06FC08F44DB084190D680331E0');
INSERT INTO CD_TBL VALUES (x'58D3E86B91F53A4A9A571889B0147C7E');
INSERT INTO CD_TBL VALUES (x'B132AE7EAE27784E909B9F7D07E1C446');
INSERT INTO CD_TBL VALUES (x'767F676105DC6D4691DE47EFC8E7A3E6');
INSERT INTO CD_TBL VALUES (x'78E26D67AA64F2449B6960D61FC1F5F5');
INSERT INTO CD_TBL VALUES (x'B59180D3659021478A1FBFBB3B4BF447');
INSERT INTO CD_TBL VALUES (x'26A4143B37632A4FB83BE6BE7DBCD5A5');
INSERT INTO CD_TBL VALUES (x'6759921348E7D64DB5621E1DA3DDFB06');
INSERT INTO CD_TBL VALUES (x'5ECC9B092F8E504DB5099F9D5BBEB58E');
INSERT INTO CD_TBL VALUES (x'F2BAF7AC1F22C24B8116CEB5165BE079');
INSERT INTO CD_TBL VALUES (x'05F23DDCEF185448AC0068C295C9C744');
INSERT INTO CD_TBL VALUES (x'378657D1CBE15E41B3194011DA033813');
INSERT INTO CD_TBL VALUES (x'2AE02ADB12FF1B4C9C5BECDD41AF8583');
INSERT INTO CD_TBL VALUES (x'F8A0B6816AB85F499D5D8A4073FDD882');
INSERT INTO CD_TBL VALUES (x'8516D85799E3BD4A874496454188A9FA');
INSERT INTO CD_TBL VALUES (x'94ACBE8DCBCC1244A99009BAB26DD048');
INSERT INTO CD_TBL VALUES (x'178D9122DCD33541A0034C1C52E57E75');
INSERT INTO CD_TBL VALUES (x'9A25CE8F59B8E34A81600221F6AB1650');
INSERT INTO CD_TBL VALUES (x'A261DA55867BF3479B0BBA47DC99C950');
INSERT INTO CD_TBL VALUES (x'A97C6DC6C2C6B1469276AD76BAF04B07');
INSERT INTO CD_TBL VALUES (x'F1E309325822634B81822C888DA66CF0');
INSERT INTO CD_TBL VALUES (x'BCC371987AB59D47A0317B56CB06FA84');
INSERT INTO CD_TBL VALUES (x'05E9C6FF1D160B4C8CDEA04E9E9D0CD5');
INSERT INTO CD_TBL VALUES (x'10ACF9EBC9B57A4091A4360BFB7E0FB9');
INSERT INTO CD_TBL VALUES (x'70EE6EC412563F478D24595EA15C9C39');
INSERT INTO CD_TBL VALUES (x'57F3950321686245819249AC3C94F548');
INSERT INTO CD_TBL VALUES (x'D67AFF12CD0ABA4BA624C7A03D3F8A6B');
INSERT INTO CD_TBL VALUES (x'DF6F13E572CE5747A1CC24E1CC98F034');
INSERT INTO CD_TBL VALUES (x'3485A8BA79DC424990CDE047BA24F34F');
INSERT INTO CD_TBL VALUES (x'FC7B284ACA72B6469D34380EEAE9369A');
INSERT INTO CD_TBL VALUES (x'651E757130CC804085DE5C19D5201772');
INSERT INTO CD_TBL VALUES (x'E801D07F5154484AB5B6DA5928DCE03F');
INSERT INTO CD_TBL VALUES (x'E392E18B1A973C4CB795554B0B5AD672');
INSERT INTO CD_TBL VALUES (x'513FE159CA0C3E438A458EC24B332ECE');
INSERT INTO CD_TBL VALUES (x'8168E62BE1877341B9505534334EE08B');
INSERT INTO CD_TBL VALUES (x'6365C7040B0EC44996646EB3CBD771D1');
INSERT INTO CD_TBL VALUES (x'B8BF98BD21C6EC48919E65A65E334D37');
INSERT INTO CD_TBL VALUES (x'337C0D2DA0C37A4992D8D27095F1E2E7');
INSERT INTO CD_TBL VALUES (x'7EC6E33F5AEB4045BDCD5AE2A5FFBBEF');
INSERT INTO CD_TBL VALUES (x'541FE7A56CCEF4488DA5F8C61B04B7CF');
INSERT INTO CD_TBL VALUES (x'8D79130417407A489A8FDDF40A21F48C');
INSERT INTO CD_TBL VALUES (x'D8881C238929F9488AD7DF27ADCE9948');
INSERT INTO CD_TBL VALUES (x'F71F58C89976884784DDD6B28EDFA919');
INSERT INTO CD_TBL VALUES (x'F0F21A0C62615847B532ECECE14D5A24');
INSERT INTO CD_TBL VALUES (x'8B793CB8671BD84793537A8687967A63');
INSERT INTO CD_TBL VALUES (x'C597D4A88CC6DD4BB8331202735BA0AC');
INSERT INTO CD_TBL VALUES (x'C967AA528945434D99FC0E3DA3B116E9');
INSERT INTO CD_TBL VALUES (x'37BCF4B2F5B7364886F5500D72A552D0');
INSERT INTO CD_TBL VALUES (x'B3D9468F301A9240B3EDC1BC0C4189B7');
INSERT INTO CD_TBL VALUES (x'6393A850593F714285FDF79E8AC11F41');
INSERT INTO CD_TBL VALUES (x'F6115ADDF891D244AEF17AD8F5B690A2');
INSERT INTO CD_TBL VALUES (x'7B2CC05DD9886741A0C73EBBE67EC625');
INSERT INTO CD_TBL VALUES (x'D5A2AF0117EF414F83D4B166308E998F');
INSERT INTO CD_TBL VALUES (x'E9251B409660E04F8FEAD7EB40E37592');
INSERT INTO CD_TBL VALUES (x'837B39EAAF597A4D93F871E615072AAE');
INSERT INTO CD_TBL VALUES (x'922791BE37F67343A48D6C9F838191E2');
INSERT INTO CD_TBL VALUES (x'2B168AECF7818843B695E998369C2425');
INSERT INTO CD_TBL VALUES (x'8A3FC169E2290B41B5ADF616F7191B14');
INSERT INTO CD_TBL VALUES (x'B457AE415F5FE5498C774BA7969FF469');
INSERT INTO CD_TBL VALUES (x'907979706D39424590A27F5F1ABF0AD1');
INSERT INTO CD_TBL VALUES (x'01A00E3E3E12A449B28C939E5D5EA488');
INSERT INTO CD_TBL VALUES (x'9B3E228417324D40AD473EF9BDE43DCB');
INSERT INTO CD_TBL VALUES (x'B091C3EF744DE44691E6C03F315555E2');
INSERT INTO CD_TBL VALUES (x'D2B4EA2FD56BA84D905782FF9BF6A1BC');
INSERT INTO CD_TBL VALUES (x'BCDFB42FDD646846B2E50D5C743C9A9F');
INSERT INTO CD_TBL VALUES (x'60BE9D4E4E3E7440A4320BB4E47EB62D');
INSERT INTO CD_TBL VALUES (x'330B8A95D7C3EF47959659EEE434EB2D');
INSERT INTO CD_TBL VALUES (x'6916CD17AF5A6049BD23988209EBA352');
INSERT INTO CD_TBL VALUES (x'97E7BDE7ACDE634C9F611DDBD38B98F3');
INSERT INTO CD_TBL VALUES (x'BA0B571D4282DB4FBD63C2E7601A64C6');
INSERT INTO CD_TBL VALUES (x'D780170981CD154CA082FD969B5BAF85');
INSERT INTO CD_TBL VALUES (x'84DA15FFE664BE4795C23C5F4629913A');
INSERT INTO CD_TBL VALUES (x'30FDEE2BAF62E44083EC127F3FB6834A');
INSERT INTO CD_TBL VALUES (x'C1CF92F2D1E43F48B67BB2367BB53451');
INSERT INTO CD_TBL VALUES (x'0951AC0AAE30494BA780735CC77218EE');
INSERT INTO CD_TBL VALUES (x'5C6769197E010F48B0A833A03D4B4068');
INSERT INTO CD_TBL VALUES (x'D3B05929A11572469D074ECE0497BDC5');
INSERT INTO CD_TBL VALUES (x'87EF045CA30CD94B9B7F4C2D41101535');
INSERT INTO CD_TBL VALUES (x'21ABD5C80A0A194E9209D0B23E06C1B1');
INSERT INTO CD_TBL VALUES (x'30611F4D60C08C4F8EB3C1DBA2B0DB81');
INSERT INTO CD_TBL VALUES (x'620900C35E27CC4C9BC94DD9525BB9C7');
INSERT INTO CD_TBL VALUES (x'1632DCFE31FD8F49AE54D95296A73636');
INSERT INTO CD_TBL VALUES (x'5B00342E7671BE4281E167B63F68B4CD');
INSERT INTO CD_TBL VALUES (x'EB06F20E9A18D84F965C6044AC8854B8');
INSERT INTO CD_TBL VALUES (x'4CFAD2EB41A42944AAC668D46D8C96BF');
INSERT INTO CD_TBL VALUES (x'15192D61AF8F5D47A1906902591EB6DC');
INSERT INTO CD_TBL VALUES (x'F1F0E9F821D33846A3A8043511EAECFC');
INSERT INTO CD_TBL VALUES (x'83FDBECE66E36442BA1370CFB2B4CDB2');
INSERT INTO CD_TBL VALUES (x'E890D1958222C84AA53A02B49D9D3A8C');
INSERT INTO CD_TBL VALUES (x'F072A54E6DC83948BD45344285157C92');
INSERT INTO CD_TBL VALUES (x'C56FEC8652B94E4E8407AA3369AA5D51');
INSERT INTO CD_TBL VALUES (x'72485D41D55C3040B4B8677959A2DD1A');
INSERT INTO CD_TBL VALUES (x'D97CC7D4D8EE62449A442AB5AF40B711');
INSERT INTO CD_TBL VALUES (x'BE6D7D3CD03DCC4D917DD932375C021E');
INSERT INTO CD_TBL VALUES (x'9DD6D1652C896149837991C5AA70D16E');
INSERT INTO CD_TBL VALUES (x'437426EDFC265F4E96470C0AB3AD5696');
INSERT INTO CD_TBL VALUES (x'B8EDF4719FFF3641BB66EFEE62CE4A74');
INSERT INTO CD_TBL VALUES (x'BC4C7C6C19553B46B23D31DC0238B172');
INSERT INTO CD_TBL VALUES (x'915DF1CAAFDC014288BB1F41D116D01C');
INSERT INTO CD_TBL VALUES (x'C2927BD409AE134DBC452D545706E731');
INSERT INTO CD_TBL VALUES (x'AEA18D9255DB0F45812973E7D1218653');
INSERT INTO CD_TBL VALUES (x'E9E699EA42BA8F4FB0F7CFB46B5DF629');
INSERT INTO CD_TBL VALUES (x'AABFB0AB82309442B8F65E9EC041B5A0');
INSERT INTO CD_TBL VALUES (x'1C2F8F0B0B199645891288D21D367EE1');
INSERT INTO CD_TBL VALUES (x'820E4AA5FAA79C4AB36F39E976BBE29A');
INSERT INTO CD_TBL VALUES (x'523A8164EC19E843AEA9E7527CDEA88A');
INSERT INTO CD_TBL VALUES (x'853402985FF851418330C4ADFDE0B579');
INSERT INTO CD_TBL VALUES (x'5626C3EE6AFADC4091452487F1E561EF');
INSERT INTO CD_TBL VALUES (x'32B72E192622A844A802FE694C581A41');
INSERT INTO CD_TBL VALUES (x'A795B5B8179C124D958A8B098ABDC638');
INSERT INTO CD_TBL VALUES (x'A32DE0BE99A5144D905338CE443BC2B8');
INSERT INTO CD_TBL VALUES (x'4B85B0B68F94EE47B3C2688BD722AEAC');
INSERT INTO CD_TBL VALUES (x'77ED8C31D6CCD048B16F6EA4BE00A586');
INSERT INTO CD_TBL VALUES (x'B3CA93F1FACF714699AF6BE949BA96AA');
INSERT INTO CD_TBL VALUES (x'10C8CB2BBC5337439C0C303C52356659');
INSERT INTO CD_TBL VALUES (x'543E76C8A64ED44FAE315644BA0CBE0C');
INSERT INTO CD_TBL VALUES (x'590B18B2B279F54C9EA2FB36D9AD8C03');
INSERT INTO CD_TBL VALUES (x'778E57CAC2BC054395D5FFE559318AEA');
INSERT INTO CD_TBL VALUES (x'910E8E7C4978054DA9E92663F3C738DB');
INSERT INTO CD_TBL VALUES (x'C16D3CF7F4DD8142A4CF2DAFB8996B19');
INSERT INTO CD_TBL VALUES (x'FB3198439B27634CA2CAAA24A95BCECB');
INSERT INTO CD_TBL VALUES (x'5DC30C4B5CE0C446AFD82A03ECFE6DF1');
INSERT INTO CD_TBL VALUES (x'67607DA6583ECD4299D3B3B25F9C0B1E');
INSERT INTO CD_TBL VALUES (x'82267DC12BAA1A42A096F5D634234218');
INSERT INTO CD_TBL VALUES (x'989BCCE0E12DA74C9CC915CD488AE7AD');
INSERT INTO CD_TBL VALUES (x'EF0A0DC75FFCB648A2AB940667923DD1');
INSERT INTO CD_TBL VALUES (x'5030B73533B4B44C972AD8E2CDA72C7E');
INSERT INTO CD_TBL VALUES (x'BB65BFC849A72C4CA8412E3B3B4B4CA1');
INSERT INTO CD_TBL VALUES (x'A864DC387534B140862138673DD243D1');
INSERT INTO CD_TBL VALUES (x'523F72F404E85341864955A8C8CD0263');
INSERT INTO CD_TBL VALUES (x'282F9EF9C8492843AD66EC57950C758E');
INSERT INTO CD_TBL VALUES (x'ABC565D3D24AD740AFC20CDC734D2B4F');
INSERT INTO CD_TBL VALUES (x'90D62DCD879B5E4FA0877BD0B1CF9248');
INSERT INTO CD_TBL VALUES (x'371F4B9C28748B4F84A7C08E8FF1FCE0');
INSERT INTO CD_TBL VALUES (x'44E3B187545ACE468668FF4D2363F61B');
INSERT INTO CD_TBL VALUES (x'3FE1310371F4BD4F92DC66E0A46239D5');
INSERT INTO CD_TBL VALUES (x'57A0847DCC1F5440A51FB77D230FC6D1');
INSERT INTO CD_TBL VALUES (x'21357A6E67290A4C80EC6C5C197B2178');
INSERT INTO CD_TBL VALUES (x'886BBEF38FBC6342A77986F21EA10A47');
INSERT INTO CD_TBL VALUES (x'E9414909DBA3B548862CBC289BD7F86C');
INSERT INTO CD_TBL VALUES (x'BBA6E3F42E61B2469F77FF844D971198');
INSERT INTO CD_TBL VALUES (x'82A794AE851441429BCA5B09DB2156BF');
INSERT INTO CD_TBL VALUES (x'03ABF20F0A6ED140894704C4937B4CC4');
INSERT INTO CD_TBL VALUES (x'530D382422EA20489F068671F774F133');
INSERT INTO CD_TBL VALUES (x'E2874C0AC3166143BE3CDD765EE4BC7D');
INSERT INTO CD_TBL VALUES (x'D05794735A839C4A811C42B5E92ED1CA');
INSERT INTO CD_TBL VALUES (x'695BA28FC2C9404C84C10EA9641A12EC');
INSERT INTO CD_TBL VALUES (x'3726FEAB38D39040B3A53EC19A47BE6A');
INSERT INTO CD_TBL VALUES (x'9231F28B75DEEB48ABEE81A9A15332F8');
INSERT INTO CD_TBL VALUES (x'1C930F1C499C524A8FBF5217C52EA778');
INSERT INTO CD_TBL VALUES (x'3C1A186A41722543B011630D3CA6DC4A');
INSERT INTO CD_TBL VALUES (x'D82E4B2B0CF99341870AF48BC39657C1');
INSERT INTO CD_TBL VALUES (x'3FB465810381D34EBAC64FC0DF8C1A84');
INSERT INTO CD_TBL VALUES (x'73671DE8E3972D4BB6A3A4624BA5C6A9');
INSERT INTO CD_TBL VALUES (x'E7F0FD76E0CFB4479630C645F254CDFD');
INSERT INTO CD_TBL VALUES (x'E282B13D3B65FD4BA30032F23345D1C0');
INSERT INTO CD_TBL VALUES (x'C76ED638C80C09469675B6FF91EDE605');
INSERT INTO CD_TBL VALUES (x'CC8ED140F88F034E8E5897A980F04060');
INSERT INTO CD_TBL VALUES (x'81DD01B41C93AD4A8FD822A6AC2EA3DC');
INSERT INTO CD_TBL VALUES (x'5D4BE2BF329CF34DAD7BEAA19E7D4AFB');
INSERT INTO CD_TBL VALUES (x'45C3FB02251A784FAEEAA12584A1EEC3');
INSERT INTO CD_TBL VALUES (x'11EB8F5281AE6A42BE1FCE74C83009EB');
INSERT INTO CD_TBL VALUES (x'4494C548C0FEB843AA2C7AEDB70733AD');
INSERT INTO CD_TBL VALUES (x'2CBA30B6008AD846BF64870D381D8917');
INSERT INTO CD_TBL VALUES (x'A2DD3AC3EDA492408D9CB8E3FBD5D90B');
INSERT INTO CD_TBL VALUES (x'3F99B13C03373F4587BE21B606DB7631');
INSERT INTO CD_TBL VALUES (x'6344A6F775BCD444A8CAC9FBC2C87175');
INSERT INTO CD_TBL VALUES (x'F96D64FA647D1F4DAE9A6261FD5FD6AE');
INSERT INTO CD_TBL VALUES (x'F2E2CA25ECD1FE4EA92FD479785F7D8A');
INSERT INTO CD_TBL VALUES (x'B9EC528462D74A4C96B281D130CB729B');
INSERT INTO CD_TBL VALUES (x'80C642CE83A7DE4CBCD1E261D6FD68A0');
INSERT INTO CD_TBL VALUES (x'4CA4AC627CB5FD449703FCDFF97C04B6');
INSERT INTO CD_TBL VALUES (x'5D35EA96680C1F488B6F1B00A101AB8F');
INSERT INTO CD_TBL VALUES (x'E5CD74D8767D1D4F97E6DB7E82BAC958');
INSERT INTO CD_TBL VALUES (x'D1D0E6AB374E7C4B9ACCEEDB2C36F9CD');
INSERT INTO CD_TBL VALUES (x'E6724FFEF8847642AE642EF1F2FF406F');
INSERT INTO CD_TBL VALUES (x'D387BC591816144F81D271072C1F37E9');
INSERT INTO CD_TBL VALUES (x'776A0F36B5FDB64FB2233CD1047FD08E');
INSERT INTO CD_TBL VALUES (x'2B8313EA382EB64BB55DAE749CCABA95');
INSERT INTO CD_TBL VALUES (x'D1DBE0666590F84A808D89EDD302F264');
INSERT INTO CD_TBL VALUES (x'E564FF2964B51A4192C76818C02A9E48');
INSERT INTO CD_TBL VALUES (x'8A9841F9551C0844AB57E9ED35B2A24D');
INSERT INTO CD_TBL VALUES (x'469C294E6FF0FC4EB3C0B7B659A120F2');
INSERT INTO CD_TBL VALUES (x'B11EF1DAC2FC2145A1C0DAEBAF0A923A');
INSERT INTO CD_TBL VALUES (x'757E098032A29F4A878F7E60EC70F921');
INSERT INTO CD_TBL VALUES (x'D2F15A5C6D0E8F4595743AD61C393A90');
INSERT INTO CD_TBL VALUES (x'0B893D23EF04654399AD26CB4E1F75F3');
INSERT INTO CD_TBL VALUES (x'BCDE888E75D1F3469B48106F9C151CD2');
INSERT INTO CD_TBL VALUES (x'2A96500AB460D844A7F61EB2AA5967CC');
INSERT INTO CD_TBL VALUES (x'D8E407A923D88F479C5A6FACAE6B4B5B');
INSERT INTO CD_TBL VALUES (x'9A689D059223FB4FB6AE682C9DED8DA2');
INSERT INTO CD_TBL VALUES (x'391B85E671A75E4A8AA89BA140B3DCA3');
INSERT INTO CD_TBL VALUES (x'65FB890B8ECA4D4A9D250BAE3F4D7A59');
INSERT INTO CD_TBL VALUES (x'7D1DA28EE96E9B44A1DCC4AA0FF7F5B9');
INSERT INTO CD_TBL VALUES (x'8B9E1E6AC3D0F0449906A6458685E269');
INSERT INTO CD_TBL VALUES (x'56FEAF606D12EE439FDE5F117E41C7A8');
INSERT INTO CD_TBL VALUES (x'58C7EE0A0FC2E44397898C44629F5941');
INSERT INTO CD_TBL VALUES (x'03A2CB0F38120140BEB719A667506ADE');
INSERT INTO CD_TBL VALUES (x'5089A9089133664AA1C8421C6FD82911');
INSERT INTO CD_TBL VALUES (x'39C9D52F08C550428EFB13B772E56B7F');
INSERT INTO CD_TBL VALUES (x'DB07DBBF2197C34E94E14BD9F0D6985C');
INSERT INTO CD_TBL VALUES (x'A462D3A33149EF4BAF18AC59DD092981');
INSERT INTO CD_TBL VALUES (x'45B3CBBFDB86BA43B47EE7411276AC7C');
INSERT INTO CD_TBL VALUES (x'FE0A2B5E4E72CD419BE29030646F2529');
INSERT INTO CD_TBL VALUES (x'DE853C8517482843A1216A3BDAFBF82E');
INSERT INTO CD_TBL VALUES (x'EDC1FABB6454004193C38685B052A2CF');
INSERT INTO CD_TBL VALUES (x'06B55E68976BC141B201B6B932A3F3AA');
INSERT INTO CD_TBL VALUES (x'F82C89FD4FDB4E4EA13B4EB3BDDE5BE5');
INSERT INTO CD_TBL VALUES (x'9852AB2E83BC2C499004ED3499246AFE');
INSERT INTO CD_TBL VALUES (x'04891ECDDC317443902DC91F1DE23C46');
INSERT INTO CD_TBL VALUES (x'1897AEDC81AB3747B07136CF1175804D');
INSERT INTO CD_TBL VALUES (x'CFD4179F7FA6C64A8C50718AF6E264EE');
INSERT INTO CD_TBL VALUES (x'92BA50CE21CDC443858234E7FBB3170F');
INSERT INTO CD_TBL VALUES (x'04C215F18584F34C88153C6738465E30');
INSERT INTO CD_TBL VALUES (x'5062CDDE8B7E774B895D31953CF1387A');
INSERT INTO CD_TBL VALUES (x'11BCF73488221A47AF38553AE6B8410C');
INSERT INTO CD_TBL VALUES (x'7BC5BD895CD8854E94E8C17049540A0D');
INSERT INTO CD_TBL VALUES (x'7B095159131ACE4BBBF29ABF52F98DC8');
INSERT INTO CD_TBL VALUES (x'17F9DE4CB04FDF4CB44DB73486C41845');
INSERT INTO CD_TBL VALUES (x'3A191EF76205E94699DD437D23663EC3');
INSERT INTO CD_TBL VALUES (x'4D7E43BB7274C148A6E7576545A782FA');
INSERT INTO CD_TBL VALUES (x'CC39055A3B098E44AEC60D529ED0087F');
INSERT INTO CD_TBL VALUES (x'E7EE72F14B7F224081D076393A1200AE');
INSERT INTO CD_TBL VALUES (x'5DC26B7EEA5D4546AF3DAA854B7B6F2F');
INSERT INTO CD_TBL VALUES (x'85D073CB6C02C74BA1DE356BFD636246');
INSERT INTO CD_TBL VALUES (x'F478A9CF0C140D4382F81E6F2D74F48D');
INSERT INTO CD_TBL VALUES (x'6092D9CD7C104E4AACAFD7C9C7E90FDD');
INSERT INTO CD_TBL VALUES (x'3E42FFA3D58171458EDF03C295189A23');
INSERT INTO CD_TBL VALUES (x'D2C1E57E211AB1418459CB160FA36C60');
INSERT INTO CD_TBL VALUES (x'58201171F963384B97D94CCF58574E51');
INSERT INTO CD_TBL VALUES (x'9533DF123BB41E42B505049515C228B1');
INSERT INTO CD_TBL VALUES (x'EC1A078B63909843B242E561915ABB51');
INSERT INTO CD_TBL VALUES (x'6C1B3204195BA244BE7A4A53A221A456');
INSERT INTO CD_TBL VALUES (x'C36229B3FAEA4641BBCD0E33789DE32C');
INSERT INTO CD_TBL VALUES (x'623DC9938D04644EA0CE7F2F62A8EC6E');
INSERT INTO CD_TBL VALUES (x'B87F3A57ADFEED4BB325C0FE68CE96CE');
INSERT INTO CD_TBL VALUES (x'11845EDC3FCB7F4B8E0EFC1D1FF3B084');
INSERT INTO CD_TBL VALUES (x'4ED27110E96F0F488A20B1825AE4D707');
INSERT INTO CD_TBL VALUES (x'0DEFC58C1139994D937F6CFDC2A27D55');
INSERT INTO CD_TBL VALUES (x'72CA58E66A3B9940AB6E7CF6861A5B61');
INSERT INTO CD_TBL VALUES (x'DFDE89B361BE6B45AA70786E1A5A69E0');

-- CONTAINER CAP CODES
INSERT INTO CD_TBL VALUES (x'5595205A3AFB7D43B0430190685A4284');
INSERT INTO CD_TBL VALUES (x'2409631E10CE8A4AA91DE319F517A6EC');
INSERT INTO CD_TBL VALUES (x'FE206A26FBDF8D4C9EADFDC7CD86C552');
INSERT INTO CD_TBL VALUES (x'DB762BEEE9852F4190BB47A94F8E4C30');
INSERT INTO CD_TBL VALUES (x'BEA97064B4FC3D46BB0C894D0CDDD4C2');
INSERT INTO CD_TBL VALUES (x'F60DC447693FCC47A84C33037E4BFFD9');
INSERT INTO CD_TBL VALUES (x'7C5B6905F76BF74AA0C9A5C8B2E63E05');

-- CONTAINER SEPARATOR CODES
INSERT INTO CD_TBL VALUES (x'F60F45EEED9B474C90D2671AB3041756');
INSERT INTO CD_TBL VALUES (x'EB242547D4C8F849862AEF4BD7CA0395');

-- Concept Classes
INSERT INTO CD_CLS_TBL (CLS_ID, CLS_NAME, MNEMONIC, CRT_PROV_ID)  VALUES (x'5452EE17258CBB4AB246083FBE9AFA15','Form Concept', 'Form', x'76A0DCFA90366E4AAF9EF1CD68E8C7E8');
INSERT INTO CD_CLS_TBL (CLS_ID, CLS_NAME, MNEMONIC, CRT_PROV_ID)  VALUES (x'5452FD17258CBB4AB246083FBE9AFA15','Classification Concept', 'ClassCode', x'76A0DCFA90366E4AAF9EF1CD68E8C7E8');
INSERT INTO CD_CLS_TBL (CLS_ID, CLS_NAME, MNEMONIC, CRT_PROV_ID)  VALUES (x'8231B95419FCA24782C6089FD70A4F45', 'Status', 'Status', x'76A0DCFA90366E4AAF9EF1CD68E8C7E8');
INSERT INTO CD_CLS_TBL (CLS_ID, CLS_NAME, MNEMONIC, CRT_PROV_ID)  VALUES (x'2297A9BBCE239A468FA510DEBA853D35', 'Mood', 'Mood', x'76A0DCFA90366E4AAF9EF1CD68E8C7E8');
INSERT INTO CD_CLS_TBL (CLS_ID, CLS_NAME, MNEMONIC, CRT_PROV_ID)  VALUES (x'CDFD1DF59B031F4E90BE3CF56AEF8DA4', 'Relationship Type', 'Relationship', x'76A0DCFA90366E4AAF9EF1CD68E8C7E8');
INSERT INTO CD_CLS_TBL (CLS_ID, CLS_NAME, MNEMONIC, CRT_PROV_ID)  VALUES (x'D300A9A87EA0024EB45F580D09BAF047', 'Route', 'Route', x'76A0DCFA90366E4AAF9EF1CD68E8C7E8');
INSERT INTO CD_CLS_TBL (CLS_ID, CLS_NAME, MNEMONIC, CRT_PROV_ID)  VALUES (x'4793F61E03EFF74FB3C56334448845E6', 'Unit of Measure', 'UnitOfMeasure', x'76A0DCFA90366E4AAF9EF1CD68E8C7E8');
INSERT INTO CD_CLS_TBL (CLS_ID, CLS_NAME, MNEMONIC, CRT_PROV_ID)  VALUES (x'39EACD92A3B95B4ABC88A6646C74240D', 'Diagnosis', 'Diagnosis', x'76A0DCFA90366E4AAF9EF1CD68E8C7E8');
INSERT INTO CD_CLS_TBL (CLS_ID, CLS_NAME, MNEMONIC, CRT_PROV_ID)  VALUES (x'07E245E4A3601A409B81A8AC2479F4A6', 'Findings', 'Finding', x'76A0DCFA90366E4AAF9EF1CD68E8C7E8');
INSERT INTO CD_CLS_TBL (CLS_ID, CLS_NAME, MNEMONIC, CRT_PROV_ID)  VALUES (x'E6F8D74BB8E4BC4D93A7CF14FBAF9700', 'Problem', 'Problem', x'76A0DCFA90366E4AAF9EF1CD68E8C7E8');
INSERT INTO CD_CLS_TBL (CLS_ID, CLS_NAME, MNEMONIC, CRT_PROV_ID)  VALUES (x'32BC9CDCEAB84441BEF1DC618E28F4D7', 'Drug or other Material', 'Material', x'76A0DCFA90366E4AAF9EF1CD68E8C7E8');
INSERT INTO CD_CLS_TBL (CLS_ID, CLS_NAME, MNEMONIC, CRT_PROV_ID)  VALUES (x'39346B0DBEC98044AF39EEB457C052D0', 'Other Classification', 'Other', x'76A0DCFA90366E4AAF9EF1CD68E8C7E8');
INSERT INTO CD_CLS_TBL (CLS_ID, CLS_NAME, MNEMONIC, CRT_PROV_ID)  VALUES (x'4A30D8FFEC43BC4E95FCFB4A4F2338F0', 'Stock control codes', 'Stock', x'76A0DCFA90366E4AAF9EF1CD68E8C7E8');
INSERT INTO CD_CLS_TBL (CLS_ID, CLS_NAME, MNEMONIC, CRT_PROV_ID)  VALUES (x'937BAC051E1BDD4787DDE56E353ECB94', 'Null Reason', 'NullReason', x'76A0DCFA90366E4AAF9EF1CD68E8C7E8');
INSERT INTO CD_CLS_TBL (CLS_ID, CLS_NAME, MNEMONIC, CRT_PROV_ID)  VALUES (x'252603ED3981DD4BAF25C54A6960F87D', 'Language', 'Language', x'76A0DCFA90366E4AAF9EF1CD68E8C7E8');

-- Concept Sets
INSERT INTO CD_SET_TBL (SET_ID, SET_NAME, MNEMONIC, OID, URL, CRT_PROV_ID) VALUES (x'AA06E9AAB327DB4CAFF1F08B0FD31E59', 'Concept Status', 'ConceptStatus', '1.3.6.1.4.1.33349.3.1.5.9.3.0', 'http://santedb.org/conceptset/concept-status', x'76A0DCFA90366E4AAF9EF1CD68E8C7E8');
INSERT INTO CD_SET_TBL (SET_ID, SET_NAME, MNEMONIC, OID, URL, CRT_PROV_ID) VALUES (x'E0FDC562AAA3DF4594E9242F4451644A', 'Act Class', 'ActClass', '1.3.6.1.4.1.33349.3.1.5.9.3.1', 'http://santedb.org/conceptset/act-class', x'76A0DCFA90366E4AAF9EF1CD68E8C7E8');
INSERT INTO CD_SET_TBL (SET_ID, SET_NAME, MNEMONIC, OID, URL, CRT_PROV_ID) VALUES (x'4FE4A8E6570ABD4E80A95C53B7A03D76', 'Act Mood', 'ActMood', '1.3.6.1.4.1.33349.3.1.5.9.3.2', 'http://santedb.org/conceptset/act-mood', x'76A0DCFA90366E4AAF9EF1CD68E8C7E8');
INSERT INTO CD_SET_TBL (SET_ID, SET_NAME, MNEMONIC, OID, URL, CRT_PROV_ID) VALUES (x'6A8FA4930868704C83A2D02178C2A883', 'Act Status', 'ActStatus', '1.3.6.1.4.1.33349.3.1.5.9.3.3', 'http://santedb.org/conceptset/act-status', x'76A0DCFA90366E4AAF9EF1CD68E8C7E8');
INSERT INTO CD_SET_TBL (SET_ID, SET_NAME, MNEMONIC, OID, URL, CRT_PROV_ID) VALUES (x'216A68CFE586E741AF070016A054227A', 'Act Relationship Type', 'ActRelationshipType', '1.3.6.1.4.1.33349.3.1.5.9.3.4', 'http://santedb.org/conceptset/act-relationship-type', x'76A0DCFA90366E4AAF9EF1CD68E8C7E8');
INSERT INTO CD_SET_TBL (SET_ID, SET_NAME, MNEMONIC, OID, URL, CRT_PROV_ID) VALUES (x'7CF84B40A6E75A4A89CF02E6804555A0', 'Act Interpretation', 'ActInterpretation', '1.3.6.1.4.1.33349.3.1.5.3.5', 'http://santedb.org/conceptset/act-interpretation', x'76A0DCFA90366E4AAF9EF1CD68E8C7E8');
INSERT INTO CD_SET_TBL (SET_ID, SET_NAME, MNEMONIC, OID, URL, CRT_PROV_ID) VALUES (x'67A56D4E9400234F855511DA499593AF', 'Entity Class', 'EntityClass', '1.3.6.1.4.1.33349.3.1.5.9.3.6', 'http://santedb.org/conceptset/entity-class', x'76A0DCFA90366E4AAF9EF1CD68E8C7E8');
INSERT INTO CD_SET_TBL (SET_ID, SET_NAME, MNEMONIC, OID, URL, CRT_PROV_ID) VALUES (x'408357C7FFA87D4D8105581016324E68', 'Entity Status', 'EntityStatus', '1.3.6.1.4.1.33349.3.1.5.9.3.7', 'http://santedb.org/conceptset/entity-status', x'76A0DCFA90366E4AAF9EF1CD68E8C7E8');
INSERT INTO CD_SET_TBL (SET_ID, SET_NAME, MNEMONIC, OID, URL, CRT_PROV_ID) VALUES (x'67A616EE85200A44B1E74032D10B9F40', 'Entity Relationship Type', 'EntityRelationshipType', '1.3.6.1.4.1.33349.3.1.5.9.3.8', 'http://santedb.org/conceptset/entity-relationship-type', x'76A0DCFA90366E4AAF9EF1CD68E8C7E8');
INSERT INTO CD_SET_TBL (SET_ID, SET_NAME, MNEMONIC, OID, URL, CRT_PROV_ID) VALUES (x'90768AC68DD7FC4A8A361EBDFB86F15F', 'Address Use', 'AddressUse', '1.3.6.1.4.1.33349.3.1.5.9.3.9', 'http://santedb.org/conceptset/address-use', x'76A0DCFA90366E4AAF9EF1CD68E8C7E8');
INSERT INTO CD_SET_TBL (SET_ID, SET_NAME, MNEMONIC, OID, URL, CRT_PROV_ID) VALUES (x'6958CA5C7B8AA34783DB041D5AF5C9DA', 'Address Component Type', 'AddressComponentType', '1.3.6.1.4.1.33349.3.1.5.9.3.10', 'http://santedb.org/conceptset/address-component-type', x'76A0DCFA90366E4AAF9EF1CD68E8C7E8');
INSERT INTO CD_SET_TBL (SET_ID, SET_NAME, MNEMONIC, OID, URL, CRT_PROV_ID) VALUES (x'8042F18D053DA645BFAE15B63DFC379F', 'Name Use', 'NameUse', '1.3.6.1.4.1.33349.3.1.5.9.3.11', 'http://santedb.org/conceptset/name-use', x'76A0DCFA90366E4AAF9EF1CD68E8C7E8');
INSERT INTO CD_SET_TBL (SET_ID, SET_NAME, MNEMONIC, OID, URL, CRT_PROV_ID) VALUES (x'8042F18D053DA645BFAE15B63DFC3791', 'Name Component Type', 'NameComponentType', '1.3.6.1.4.1.33349.3.1.5.9.3.18', 'http://santedb.org/conceptset/name-component-type', x'76A0DCFA90366E4AAF9EF1CD68E8C7E8');
INSERT INTO CD_SET_TBL (SET_ID, SET_NAME, MNEMONIC, OID, URL, CRT_PROV_ID) VALUES (x'E2E3AB1DB844454C910225EA147E5710', 'Telecom Address Use', 'TelecomAddressUse', '1.3.6.1.4.1.33349.3.1.5.9.3.12', 'http://santedb.org/conceptset/telecom-use', x'76A0DCFA90366E4AAF9EF1CD68E8C7E8');
INSERT INTO CD_SET_TBL (SET_ID, SET_NAME, MNEMONIC, OID, URL, CRT_PROV_ID) VALUES (x'2CB0790D4464B540ACA44009FB03AD54', 'Telecom Address Type', 'TelecomAddressType', '1.3.6.1.4.1.33349.3.1.5.9.3.13', 'http://santedb.org/conceptset/telecom-type', x'76A0DCFA90366E4AAF9EF1CD68E8C7E8');
INSERT INTO CD_SET_TBL (SET_ID, SET_NAME, MNEMONIC, OID, URL, CRT_PROV_ID) VALUES (x'9AA1F99585FAF74A93424BA3AF0DE72A', 'Service Code', 'ServiceCode', '1.3.6.1.4.1.33349.3.1.5.9.3.14', 'http://santedb.org/conceptset/service-code', x'76A0DCFA90366E4AAF9EF1CD68E8C7E8');
INSERT INTO CD_SET_TBL (SET_ID, SET_NAME, MNEMONIC, OID, URL, CRT_PROV_ID) VALUES (x'507E59D15A84E146B9AE6F99FF93D9DB', 'Industry Code', 'IndustryCode', '1.3.6.1.4.1.33349.3.1.5.9.3.15', 'http://santedb.org/conceptset/industry-type', x'76A0DCFA90366E4AAF9EF1CD68E8C7E8');
INSERT INTO CD_SET_TBL (SET_ID, SET_NAME, MNEMONIC, OID, URL, CRT_PROV_ID) VALUES (x'3CCDEEE9807BF9479CB655C8D3110FB0', 'Administrative Genders', 'AdministrativeGenderCode', '1.3.6.1.4.1.33349.3.1.5.9.3.16', 'http://santedb.org/conceptset/administrative-gender', x'76A0DCFA90366E4AAF9EF1CD68E8C7E8');
INSERT INTO CD_SET_TBL (SET_ID, SET_NAME, MNEMONIC, OID, URL, CRT_PROV_ID) VALUES (x'518935DEDC24DC488185F10B7EA4DCD1', 'Role Status', 'RoleStatus', '1.3.6.1.4.1.33349.3.1.5.9.3.17', 'http://santedb.org/conceptset/role-status', x'76A0DCFA90366E4AAF9EF1CD68E8C7E8');
INSERT INTO CD_SET_TBL (SET_ID, SET_NAME, MNEMONIC, OID, URL, CRT_PROV_ID) VALUES (x'D043C93EBE105B41BC3ADFA459738707','ActEncounterCode','ActEncounterCode','2.16.840.1.113883.5.4','http://santedb.org/conceptset/v3-ActEncounterCode', x'76A0DCFA90366E4AAF9EF1CD68E8C7E8');
INSERT INTO CD_SET_TBL (SET_ID, SET_NAME, MNEMONIC, OID, URL, CRT_PROV_ID) VALUES (x'AD75BCB6F4AD0141B4A1E9AEA74AB257','Currency','Currency','2.16.840.1.113883.5.1058','http://santedb.org/conceptset/v3-Currency', x'76A0DCFA90366E4AAF9EF1CD68E8C7E8');
INSERT INTO CD_SET_TBL (SET_ID, SET_NAME, MNEMONIC, OID, URL, CRT_PROV_ID) VALUES (x'869FFCEFE2562049A75AFEC310AA1430','EntityDeterminer','EntityDeterminer','2.16.840.1.113883.5.30','http://santedb.org/conceptset/v3-EntityDeterminer', x'76A0DCFA90366E4AAF9EF1CD68E8C7E8');
INSERT INTO CD_SET_TBL (SET_ID, SET_NAME, MNEMONIC, OID, URL, CRT_PROV_ID) VALUES (x'F5312459BDBBD6449C635A80A410C738','ActParticipationType','ActParticipationType','2.16.840.1.113883.5.90','http://santedb.org/conceptset/v3-ActParticipationType', x'76A0DCFA90366E4AAF9EF1CD68E8C7E8');
INSERT INTO CD_SET_TBL (SET_ID, SET_NAME, MNEMONIC, OID, URL, CRT_PROV_ID) VALUES (x'4BAF855260E0B74199D9FD8237E5AECF','RoleClass','RoleClass','2.16.840.1.113883.5.110','http://santedb.org/conceptset/v3-RoleClass', x'76A0DCFA90366E4AAF9EF1CD68E8C7E8');
INSERT INTO CD_SET_TBL (SET_ID, SET_NAME, MNEMONIC, OID, URL, CRT_PROV_ID) VALUES (x'AF4F77BC9338E944B68D5029077D5120','x_DocumentEncounterMood','x_DocumentEncounterMood','2.16.840.1.113883.5.1001','http://santedb.org/conceptset/v3-x_DocumentEncounterMood', x'76A0DCFA90366E4AAF9EF1CD68E8C7E8');
INSERT INTO CD_SET_TBL (SET_ID, SET_NAME, MNEMONIC, OID, URL, CRT_PROV_ID) VALUES (x'402F69D33310EA4894CB31FC0F352A4E','FamilyMember','FamilyMember','2.16.840.1.113883.5.111','http://santedb.org/conceptset/v3-FamilyMember', x'76A0DCFA90366E4AAF9EF1CD68E8C7E8');
INSERT INTO CD_SET_TBL (SET_ID, SET_NAME, MNEMONIC, OID, URL, CRT_PROV_ID) VALUES (x'57EC85126959C746897D37C169D34029','Family members of children','ChildFamilyMember','1.3.6.1.4.1.33349.3.1.5.9.3.23','http://santedb.org/conceptset/ChildFamilyMember', x'76A0DCFA90366E4AAF9EF1CD68E8C7E8');
INSERT INTO CD_SET_TBL (SET_ID, SET_NAME, MNEMONIC, OID, URL, CRT_PROV_ID) VALUES (x'4A27FABD92411246B6B50C67DCF75855','Spousal Family Members','SpousalFamilyMember','1.3.6.1.4.1.33349.3.1.5.9.3.24','http://santedb.org/conceptset/SpousalFamilyMember', x'76A0DCFA90366E4AAF9EF1CD68E8C7E8');
INSERT INTO CD_SET_TBL (SET_ID, SET_NAME, MNEMONIC, OID, URL, CRT_PROV_ID) VALUES (x'40CA3757DC579045AB3B54C9AFCCD55A', 'Container Cap', 'ContainerCap', '2.16.840.1.113883.5.26', 'http://santedb.org/conceptset/v3-ContainerCap',x'76A0DCFA90366E4AAF9EF1CD68E8C7E8');
INSERT INTO CD_SET_TBL (SET_ID, SET_NAME, MNEMONIC, OID, URL, CRT_PROV_ID) VALUES (x'2678ACB9195D1E42A84861C3C8F563A2', 'Container Separator', 'ContainerSeparator', '2.16.840.1.113883.5.27', 'http://santedb.org/conceptset/v3-ContainerSeparator',x'76A0DCFA90366E4AAF9EF1CD68E8C7E8');
INSERT INTO CD_SET_TBL (SET_ID, SET_NAME, MNEMONIC, OID, URL, CRT_PROV_ID) VALUES (x'5DFFCF088A63AE429099280732F6A62E', 'Living Arrangement', 'LivingArrangement', '1.3.6.1.4.1.33349.3.1.5.9.3.60', 'http://santedb.org/conceptset/living-arrangement',x'76A0DCFA90366E4AAF9EF1CD68E8C7E8');
INSERT INTO CD_SET_TBL (SET_ID, SET_NAME, MNEMONIC, OID, URL, CRT_PROV_ID) VALUES (x'CAD1E5A2D7F7EB44BCDFF83829E24929', 'Marital Status', 'MaritalStatus', '1.3.6.1.4.1.33349.3.1.5.9.3.61', 'http://santedb.org/conceptset/marital-status',x'76A0DCFA90366E4AAF9EF1CD68E8C7E8');
INSERT INTO CD_SET_TBL (SET_ID, SET_NAME, MNEMONIC, OID, URL, CRT_PROV_ID) VALUES (x'89BE538901A4BF47AA3A2D6845DA9E4A', 'Ethnicities', 'Ethnicity', '1.3.6.1.4.1.33349.3.1.5.9.3.62', 'http://santedb.org/conceptset/ethnicity',x'76A0DCFA90366E4AAF9EF1CD68E8C7E8');
INSERT INTO CD_SET_TBL (SET_ID, SET_NAME, MNEMONIC, OID, URL, CRT_PROV_ID) VALUES (x'7FF6C82E4502AC42B310566178B603C0', 'Religions', 'Religion', '1.3.6.1.4.1.33349.3.1.5.9.3.63', 'http://santedb.org/conceptset/religion',x'76A0DCFA90366E4AAF9EF1CD68E8C7E8');
INSERT INTO CD_SET_TBL (SET_ID, SET_NAME, MNEMONIC, OID, URL, CRT_PROV_ID) VALUES (x'7FF6C82E4502AC42B310566178B603FA', 'Education Levels', 'EducationLevel', '1.3.6.1.4.1.33349.3.1.5.9.3.64', 'http://santedb.org/conceptset/education-level',x'76A0DCFA90366E4AAF9EF1CD68E8C7E8');


-- Concept Set Members
INSERT INTO CD_SET_MEM_ASSOC_TBL (CD_ID, SET_ID) VALUES (x'03ABF20F0A6ED140894704C4937B4CC4',x'57EC85126959C746897D37C169D34029');
INSERT INTO CD_SET_MEM_ASSOC_TBL (CD_ID, SET_ID) VALUES (x'1C930F1C499C524A8FBF5217C52EA778',x'57EC85126959C746897D37C169D34029');
INSERT INTO CD_SET_MEM_ASSOC_TBL (CD_ID, SET_ID) VALUES (x'F96D64FA647D1F4DAE9A6261FD5FD6AE',x'57EC85126959C746897D37C169D34029');
INSERT INTO CD_SET_MEM_ASSOC_TBL (CD_ID, SET_ID) VALUES (x'E564FF2964B51A4192C76818C02A9E48',x'57EC85126959C746897D37C169D34029');
INSERT INTO CD_SET_MEM_ASSOC_TBL (CD_ID, SET_ID) VALUES (x'E7EE72F14B7F224081D076393A1200AE',x'57EC85126959C746897D37C169D34029');
INSERT INTO CD_SET_MEM_ASSOC_TBL (CD_ID, SET_ID) VALUES (x'4494C548C0FEB843AA2C7AEDB70733AD',x'57EC85126959C746897D37C169D34029');
INSERT INTO CD_SET_MEM_ASSOC_TBL (CD_ID, SET_ID) VALUES (x'530D382422EA20489F068671F774F133',x'57EC85126959C746897D37C169D34029');
INSERT INTO CD_SET_MEM_ASSOC_TBL (CD_ID, SET_ID) VALUES (x'2CBA30B6008AD846BF64870D381D8917',x'57EC85126959C746897D37C169D34029');
INSERT INTO CD_SET_MEM_ASSOC_TBL (CD_ID, SET_ID) VALUES (x'CC8ED140F88F034E8E5897A980F04060',x'57EC85126959C746897D37C169D34029');
INSERT INTO CD_SET_MEM_ASSOC_TBL (CD_ID, SET_ID) VALUES (x'C76ED638C80C09469675B6FF91EDE605',x'57EC85126959C746897D37C169D34029');
INSERT INTO CD_SET_MEM_ASSOC_TBL (CD_ID, SET_ID) VALUES (x'04891ECDDC317443902DC91F1DE23C46',x'57EC85126959C746897D37C169D34029');
INSERT INTO CD_SET_MEM_ASSOC_TBL (CD_ID, SET_ID) VALUES (x'6092D9CD7C104E4AACAFD7C9C7E90FDD',x'57EC85126959C746897D37C169D34029');
INSERT INTO CD_SET_MEM_ASSOC_TBL (CD_ID, SET_ID) VALUES (x'45B3CBBFDB86BA43B47EE7411276AC7C',x'57EC85126959C746897D37C169D34029');
INSERT INTO CD_SET_MEM_ASSOC_TBL (CD_ID, SET_ID) VALUES (x'3E42FFA3D58171458EDF03C295189A23',x'402F69D33310EA4894CB31FC0F352A4E');
INSERT INTO CD_SET_MEM_ASSOC_TBL (CD_ID, SET_ID) VALUES (x'3E42FFA3D58171458EDF03C295189A23',x'4A27FABD92411246B6B50C67DCF75855');
INSERT INTO CD_SET_MEM_ASSOC_TBL (CD_ID, SET_ID) VALUES (x'7BC5BD895CD8854E94E8C17049540A0D',x'4A27FABD92411246B6B50C67DCF75855');
INSERT INTO CD_SET_MEM_ASSOC_TBL (CD_ID, SET_ID) VALUES (x'9852AB2E83BC2C499004ED3499246AFE',x'4A27FABD92411246B6B50C67DCF75855');
INSERT INTO CD_SET_MEM_ASSOC_TBL (CD_ID, SET_ID) VALUES (x'4CA4AC627CB5FD449703FCDFF97C04B6',x'4A27FABD92411246B6B50C67DCF75855');

INSERT INTO CD_SET_MEM_ASSOC_TBL (CD_ID, SET_ID) VALUES (x'BD4C06C806FA3045B4301A52F1530C27', x'AA06E9AAB327DB4CAFF1F08B0FD31E59');
INSERT INTO CD_SET_MEM_ASSOC_TBL (CD_ID, SET_ID) VALUES (x'905FEFBD9754264F956C8F818CCE2BD2', x'AA06E9AAB327DB4CAFF1F08B0FD31E59');
INSERT INTO CD_SET_MEM_ASSOC_TBL (CD_ID, SET_ID) VALUES (x'F1CB4FC3FEE0894990FD0DC49E1B9685', x'AA06E9AAB327DB4CAFF1F08B0FD31E59');
INSERT INTO CD_SET_MEM_ASSOC_TBL (CD_ID, SET_ID) VALUES (x'C4A34ACDD502C94C9088EF8F31E321C5', x'AA06E9AAB327DB4CAFF1F08B0FD31E59');
INSERT INTO CD_SET_MEM_ASSOC_TBL (CD_ID, SET_ID) VALUES (x'BD4C06C806FA3045B4301A52F1530C27', x'408357C7FFA87D4D8105581016324E68');
INSERT INTO CD_SET_MEM_ASSOC_TBL (CD_ID, SET_ID) VALUES (x'905FEFBD9754264F956C8F818CCE2BD2', x'408357C7FFA87D4D8105581016324E68');
INSERT INTO CD_SET_MEM_ASSOC_TBL (CD_ID, SET_ID) VALUES (x'F1CB4FC3FEE0894990FD0DC49E1B9685', x'408357C7FFA87D4D8105581016324E68');
INSERT INTO CD_SET_MEM_ASSOC_TBL (CD_ID, SET_ID) VALUES (x'C4A34ACDD502C94C9088EF8F31E321C5', x'408357C7FFA87D4D8105581016324E68');
INSERT INTO CD_SET_MEM_ASSOC_TBL (CD_ID, SET_ID) VALUES (x'BD4C06C806FA3045B4301A52F1530C27', x'6A8FA4930868704C83A2D02178C2A883');
INSERT INTO CD_SET_MEM_ASSOC_TBL (CD_ID, SET_ID) VALUES (x'905FEFBD9754264F956C8F818CCE2BD2', x'6A8FA4930868704C83A2D02178C2A883');
INSERT INTO CD_SET_MEM_ASSOC_TBL (CD_ID, SET_ID) VALUES (x'F1CB4FC3FEE0894990FD0DC49E1B9685', x'6A8FA4930868704C83A2D02178C2A883');
INSERT INTO CD_SET_MEM_ASSOC_TBL (CD_ID, SET_ID) VALUES (x'C4A34ACDD502C94C9088EF8F31E321C5', x'6A8FA4930868704C83A2D02178C2A883');

INSERT INTO CD_SET_MEM_ASSOC_TBL (CD_ID, SET_ID) VALUES (x'BD4C06C806FA3045B4301A52F1530C27', x'518935DEDC24DC488185F10B7EA4DCD1');
INSERT INTO CD_SET_MEM_ASSOC_TBL (CD_ID, SET_ID) VALUES (x'905FEFBD9754264F956C8F818CCE2BD2', x'518935DEDC24DC488185F10B7EA4DCD1');
INSERT INTO CD_SET_MEM_ASSOC_TBL (CD_ID, SET_ID) VALUES (x'F1CB4FC3FEE0894990FD0DC49E1B9685', x'518935DEDC24DC488185F10B7EA4DCD1');
INSERT INTO CD_SET_MEM_ASSOC_TBL (CD_ID, SET_ID) VALUES (x'C4A34ACDD502C94C9088EF8F31E321C5', x'518935DEDC24DC488185F10B7EA4DCD1');
INSERT INTO CD_SET_MEM_ASSOC_TBL (CD_ID, SET_ID) VALUES (x'A160D9BB5338134BB62AD768F93A08C5', x'E0FDC562AAA3DF4594E9242F4451644A');
INSERT INTO CD_SET_MEM_ASSOC_TBL (CD_ID, SET_ID) VALUES (x'CF2C6C84025B3F4BBEB43D69CE7830DD', x'E0FDC562AAA3DF4594E9242F4451644A');
INSERT INTO CD_SET_MEM_ASSOC_TBL (CD_ID, SET_ID) VALUES (x'34A64B0F0751AB4E965825BE293CD831', x'E0FDC562AAA3DF4594E9242F4451644A');
INSERT INTO CD_SET_MEM_ASSOC_TBL (CD_ID, SET_ID) VALUES (x'B4F7572565E46549B016766F192131AB', x'E0FDC562AAA3DF4594E9242F4451644A');
INSERT INTO CD_SET_MEM_ASSOC_TBL (CD_ID, SET_ID) VALUES (x'7FC4984BA5EA2C47A2C697DDDC0CB68C', x'E0FDC562AAA3DF4594E9242F4451644A');
INSERT INTO CD_SET_MEM_ASSOC_TBL (CD_ID, SET_ID) VALUES (x'1921B5540917984089115DF6D6C84140', x'E0FDC562AAA3DF4594E9242F4451644A');
INSERT INTO CD_SET_MEM_ASSOC_TBL (CD_ID, SET_ID) VALUES (x'D3B684BE6D447E4EB35D2925F9F93434', x'E0FDC562AAA3DF4594E9242F4451644A');
INSERT INTO CD_SET_MEM_ASSOC_TBL (CD_ID, SET_ID) VALUES (x'3CC58719B87A61449EBC0D428744A8C0', x'E0FDC562AAA3DF4594E9242F4451644A');
INSERT INTO CD_SET_MEM_ASSOC_TBL (CD_ID, SET_ID) VALUES (x'2C64A94354A0DF459BEE99274B4635CD', x'E0FDC562AAA3DF4594E9242F4451644A');
INSERT INTO CD_SET_MEM_ASSOC_TBL (CD_ID, SET_ID) VALUES (x'4A9B61578A2C7446A7FC8E4F9AEB4903', x'E0FDC562AAA3DF4594E9242F4451644A');
INSERT INTO CD_SET_MEM_ASSOC_TBL (CD_ID, SET_ID) VALUES (x'C622D0288B8AC4479E6A2BC67308739E', x'E0FDC562AAA3DF4594E9242F4451644A');
INSERT INTO CD_SET_MEM_ASSOC_TBL (CD_ID, SET_ID) VALUES (x'93228E11460F784B8252AB078AFB32D3', x'E0FDC562AAA3DF4594E9242F4451644A');
INSERT INTO CD_SET_MEM_ASSOC_TBL (CD_ID, SET_ID) VALUES (x'769E8240EC330C42AE79C9B9DC5A3481', x'E0FDC562AAA3DF4594E9242F4451644A');
INSERT INTO CD_SET_MEM_ASSOC_TBL (CD_ID, SET_ID) VALUES (x'A1E30408E6ABFB4B9AD35484F170D181', x'E0FDC562AAA3DF4594E9242F4451644A');
INSERT INTO CD_SET_MEM_ASSOC_TBL (CD_ID, SET_ID) VALUES (x'A98DC5807C910B45843FDE21E4AE41A9', x'E0FDC562AAA3DF4594E9242F4451644A');
INSERT INTO CD_SET_MEM_ASSOC_TBL (CD_ID, SET_ID) VALUES (x'B04A302233B14A49AD304D9170176F99', x'E0FDC562AAA3DF4594E9242F4451644A');
INSERT INTO CD_SET_MEM_ASSOC_TBL (CD_ID, SET_ID) VALUES (x'902E7E48ABC29346B1902C4E2F0E7CEC', x'E0FDC562AAA3DF4594E9242F4451644A');
INSERT INTO CD_SET_MEM_ASSOC_TBL (CD_ID, SET_ID) VALUES (x'9D2BE27C62E07C44A92171E690EBD5CF', x'E0FDC562AAA3DF4594E9242F4451644A');
INSERT INTO CD_SET_MEM_ASSOC_TBL (CD_ID, SET_ID) VALUES (x'1FD338EC87A121499FB6FF9D227E9E9C', x'E0FDC562AAA3DF4594E9242F4451644A');
INSERT INTO CD_SET_MEM_ASSOC_TBL (CD_ID, SET_ID) VALUES (x'C62F6BBC4265EC4B96EB8573A606DBB4', x'E0FDC562AAA3DF4594E9242F4451644A');
INSERT INTO CD_SET_MEM_ASSOC_TBL (CD_ID, SET_ID) VALUES (x'7B4194AB1A0D464C8D556C3FBA04ED7E', x'E0FDC562AAA3DF4594E9242F4451644A');
INSERT INTO CD_SET_MEM_ASSOC_TBL (CD_ID, SET_ID) VALUES (x'9E9ED082129BDD47ACBA0557CC025BD7', x'E0FDC562AAA3DF4594E9242F4451644A');
INSERT INTO CD_SET_MEM_ASSOC_TBL (CD_ID, SET_ID) VALUES (x'7E3C2A9377AD0A458A1F030FC2855450', x'E0FDC562AAA3DF4594E9242F4451644A');
INSERT INTO CD_SET_MEM_ASSOC_TBL (CD_ID, SET_ID) VALUES (x'4F9864A0479880448BEADDDF64B3C77C', x'E0FDC562AAA3DF4594E9242F4451644A');
INSERT INTO CD_SET_MEM_ASSOC_TBL (CD_ID, SET_ID) VALUES (x'EA0EA773CD066548A5F7F010E33BA4F3', x'D043C93EBE105B41BC3ADFA459738707');
INSERT INTO CD_SET_MEM_ASSOC_TBL (CD_ID, SET_ID) VALUES (x'4D047FB4C8A9654A9F84D99D913BEB97', x'D043C93EBE105B41BC3ADFA459738707');
INSERT INTO CD_SET_MEM_ASSOC_TBL (CD_ID, SET_ID) VALUES (x'181FA621C51FC047A235721D2F965E33', x'D043C93EBE105B41BC3ADFA459738707');
INSERT INTO CD_SET_MEM_ASSOC_TBL (CD_ID, SET_ID) VALUES (x'9F408FF3923E6B4EB8FDB2ABC7E6C177', x'D043C93EBE105B41BC3ADFA459738707');
INSERT INTO CD_SET_MEM_ASSOC_TBL (CD_ID, SET_ID) VALUES (x'AA49AEFDCB6FAE409653744E87FDD692', x'D043C93EBE105B41BC3ADFA459738707');
INSERT INTO CD_SET_MEM_ASSOC_TBL (CD_ID, SET_ID) VALUES (x'6AF1139662F9274C8489B78AEBD7E2EC', x'D043C93EBE105B41BC3ADFA459738707');
INSERT INTO CD_SET_MEM_ASSOC_TBL (CD_ID, SET_ID) VALUES (x'0CF4C2904E7860428B9166BB032D3652', x'D043C93EBE105B41BC3ADFA459738707');
INSERT INTO CD_SET_MEM_ASSOC_TBL (CD_ID, SET_ID) VALUES (x'50E6761A4202404B9267BF3A5B386C96', x'D043C93EBE105B41BC3ADFA459738707');
INSERT INTO CD_SET_MEM_ASSOC_TBL (CD_ID, SET_ID) VALUES (x'C923505A539A4F4FA9B25938C71041E7', x'D043C93EBE105B41BC3ADFA459738707');
INSERT INTO CD_SET_MEM_ASSOC_TBL (CD_ID, SET_ID) VALUES (x'9C0C4A7A1CCF3A42987ED2A5717AC74E', x'4FE4A8E6570ABD4E80A95C53B7A03D76');
INSERT INTO CD_SET_MEM_ASSOC_TBL (CD_ID, SET_ID) VALUES (x'1F5474ECC4872743A4B997F325501747', x'4FE4A8E6570ABD4E80A95C53B7A03D76');
INSERT INTO CD_SET_MEM_ASSOC_TBL (CD_ID, SET_ID) VALUES (x'704089296BA7EF478C16D84E0ACD9EA6', x'216A68CFE586E741AF070016A054227A');
INSERT INTO CD_SET_MEM_ASSOC_TBL (CD_ID, SET_ID) VALUES (x'34A64B0F0751AB4E965825BE293CD831', x'216A68CFE586E741AF070016A054227A');
INSERT INTO CD_SET_MEM_ASSOC_TBL (CD_ID, SET_ID) VALUES (x'BC426564E4728B48BBF4865D452E62EC', x'216A68CFE586E741AF070016A054227A');
INSERT INTO CD_SET_MEM_ASSOC_TBL (CD_ID, SET_ID) VALUES (x'0F54B9788B436F4B8D83AAF4979DBC64', x'216A68CFE586E741AF070016A054227A');
INSERT INTO CD_SET_MEM_ASSOC_TBL (CD_ID, SET_ID) VALUES (x'0C59FE26843674459359057FDD06BA61', x'216A68CFE586E741AF070016A054227A');
INSERT INTO CD_SET_MEM_ASSOC_TBL (CD_ID, SET_ID) VALUES (x'6881F685432A3245BC79191FA0B47C8B', x'216A68CFE586E741AF070016A054227A');
INSERT INTO CD_SET_MEM_ASSOC_TBL (CD_ID, SET_ID) VALUES (x'DC1CC82856CA924CB691094E89630642', x'216A68CFE586E741AF070016A054227A');
INSERT INTO CD_SET_MEM_ASSOC_TBL (CD_ID, SET_ID) VALUES (x'C00F285A268C9141B204B1B1E4E19462', x'216A68CFE586E741AF070016A054227A');
INSERT INTO CD_SET_MEM_ASSOC_TBL (CD_ID, SET_ID) VALUES (x'1D8A4899976D13408C91DED6AD3B8E89', x'216A68CFE586E741AF070016A054227A');
INSERT INTO CD_SET_MEM_ASSOC_TBL (CD_ID, SET_ID) VALUES (x'25D3E407B9637D48A22C9B194C09A6BA', x'AD75BCB6F4AD0141B4A1E9AEA74AB257');
INSERT INTO CD_SET_MEM_ASSOC_TBL (CD_ID, SET_ID) VALUES (x'17A7B1C3D074E34A830CEFDDCC57BB92', x'AD75BCB6F4AD0141B4A1E9AEA74AB257');
INSERT INTO CD_SET_MEM_ASSOC_TBL (CD_ID, SET_ID) VALUES (x'A8C8D4167657344CB189018D236F1CB6', x'AD75BCB6F4AD0141B4A1E9AEA74AB257');
INSERT INTO CD_SET_MEM_ASSOC_TBL (CD_ID, SET_ID) VALUES (x'BBE62A80B8311A409D409CE3C3DA227C', x'AD75BCB6F4AD0141B4A1E9AEA74AB257');
INSERT INTO CD_SET_MEM_ASSOC_TBL (CD_ID, SET_ID) VALUES (x'5F9AA42C50AF2D4092637725071C3ED9', x'AD75BCB6F4AD0141B4A1E9AEA74AB257');
INSERT INTO CD_SET_MEM_ASSOC_TBL (CD_ID, SET_ID) VALUES (x'97101EF89EED1B469E1F52BD7ED47236', x'AD75BCB6F4AD0141B4A1E9AEA74AB257');
INSERT INTO CD_SET_MEM_ASSOC_TBL (CD_ID, SET_ID) VALUES (x'8D6BA53158B33A45A3C8B1D60EE52578', x'AD75BCB6F4AD0141B4A1E9AEA74AB257');
INSERT INTO CD_SET_MEM_ASSOC_TBL (CD_ID, SET_ID) VALUES (x'869A825043663C42BBAEEB3119575349', x'AD75BCB6F4AD0141B4A1E9AEA74AB257');
INSERT INTO CD_SET_MEM_ASSOC_TBL (CD_ID, SET_ID) VALUES (x'C012349BB9ADFA419B232557BD0B3348', x'AD75BCB6F4AD0141B4A1E9AEA74AB257');
INSERT INTO CD_SET_MEM_ASSOC_TBL (CD_ID, SET_ID) VALUES (x'DA9A504F66D3AC41BD84E0B3046A0FFC', x'AD75BCB6F4AD0141B4A1E9AEA74AB257');
INSERT INTO CD_SET_MEM_ASSOC_TBL (CD_ID, SET_ID) VALUES (x'0D1469E75E19DF4FB64F0DA4ECF74B36', x'AD75BCB6F4AD0141B4A1E9AEA74AB257');
INSERT INTO CD_SET_MEM_ASSOC_TBL (CD_ID, SET_ID) VALUES (x'6CC01B22F42744428EFEA7B968FBDBD6', x'AD75BCB6F4AD0141B4A1E9AEA74AB257');
INSERT INTO CD_SET_MEM_ASSOC_TBL (CD_ID, SET_ID) VALUES (x'41A920D906EC0D4D9F60631B790F8E0D', x'AD75BCB6F4AD0141B4A1E9AEA74AB257');
INSERT INTO CD_SET_MEM_ASSOC_TBL (CD_ID, SET_ID) VALUES (x'92F830F7CCEBBC438D39BDA98BC76563', x'AD75BCB6F4AD0141B4A1E9AEA74AB257');
INSERT INTO CD_SET_MEM_ASSOC_TBL (CD_ID, SET_ID) VALUES (x'690AF4E0090EE144BD37080AC88661E3', x'AD75BCB6F4AD0141B4A1E9AEA74AB257');
INSERT INTO CD_SET_MEM_ASSOC_TBL (CD_ID, SET_ID) VALUES (x'FBB222DA0BBFA64A8DCCCB4C4CAD1CA8', x'AD75BCB6F4AD0141B4A1E9AEA74AB257');
INSERT INTO CD_SET_MEM_ASSOC_TBL (CD_ID, SET_ID) VALUES (x'80B198C8D0DA15419200F48329FD7771', x'AD75BCB6F4AD0141B4A1E9AEA74AB257');
INSERT INTO CD_SET_MEM_ASSOC_TBL (CD_ID, SET_ID) VALUES (x'2BD1BECFB1FFD748B0AB68F898A76749', x'AD75BCB6F4AD0141B4A1E9AEA74AB257');
INSERT INTO CD_SET_MEM_ASSOC_TBL (CD_ID, SET_ID) VALUES (x'071FA7A53502E842BEABADEFEB357BF5', x'AD75BCB6F4AD0141B4A1E9AEA74AB257');
INSERT INTO CD_SET_MEM_ASSOC_TBL (CD_ID, SET_ID) VALUES (x'8F312B749881DE4D9B4334D20D0C18E2', x'AD75BCB6F4AD0141B4A1E9AEA74AB257');
INSERT INTO CD_SET_MEM_ASSOC_TBL (CD_ID, SET_ID) VALUES (x'7C2DD7A02FB31946A943F40CED704DF6', x'AD75BCB6F4AD0141B4A1E9AEA74AB257');
INSERT INTO CD_SET_MEM_ASSOC_TBL (CD_ID, SET_ID) VALUES (x'B3D74DC44E4E3F499ACE557CA3C672A7', x'AD75BCB6F4AD0141B4A1E9AEA74AB257');
INSERT INTO CD_SET_MEM_ASSOC_TBL (CD_ID, SET_ID) VALUES (x'8C4DD0441BA8CE478857C88CC92E8DFC', x'AD75BCB6F4AD0141B4A1E9AEA74AB257');
INSERT INTO CD_SET_MEM_ASSOC_TBL (CD_ID, SET_ID) VALUES (x'0AFB55EB6D12974FA7E4454D600C5C9A', x'AD75BCB6F4AD0141B4A1E9AEA74AB257');
INSERT INTO CD_SET_MEM_ASSOC_TBL (CD_ID, SET_ID) VALUES (x'0BC08CD139C3A5479FF923C77542A5C3', x'AD75BCB6F4AD0141B4A1E9AEA74AB257');
INSERT INTO CD_SET_MEM_ASSOC_TBL (CD_ID, SET_ID) VALUES (x'64A3C065BFB1164B8C286D1E2FC90AD1', x'AD75BCB6F4AD0141B4A1E9AEA74AB257');
INSERT INTO CD_SET_MEM_ASSOC_TBL (CD_ID, SET_ID) VALUES (x'07FDF16926BA924E8AD0DEAC7559E90F', x'AD75BCB6F4AD0141B4A1E9AEA74AB257');
INSERT INTO CD_SET_MEM_ASSOC_TBL (CD_ID, SET_ID) VALUES (x'04FF7313EFA60A42B1D04A07465FE8E8', x'67A56D4E9400234F855511DA499593AF');
INSERT INTO CD_SET_MEM_ASSOC_TBL (CD_ID, SET_ID) VALUES (x'24F36FB774B1B740A6ACD1FDF8E23967', x'67A56D4E9400234F855511DA499593AF');
INSERT INTO CD_SET_MEM_ASSOC_TBL (CD_ID, SET_ID) VALUES (x'CF9B010B1FC58C4BBFAEB7232A7DFB59', x'67A56D4E9400234F855511DA499593AF');
INSERT INTO CD_SET_MEM_ASSOC_TBL (CD_ID, SET_ID) VALUES (x'44E52D4AC9F8294EB156DF478D5CBE25', x'67A56D4E9400234F855511DA499593AF');
INSERT INTO CD_SET_MEM_ASSOC_TBL (CD_ID, SET_ID) VALUES (x'5AA2F1FB74B81B4D83A9DA193869EE78', x'67A56D4E9400234F855511DA499593AF');
INSERT INTO CD_SET_MEM_ASSOC_TBL (CD_ID, SET_ID) VALUES (x'9632CD7458CB84499750D077A130CE05', x'67A56D4E9400234F855511DA499593AF');
INSERT INTO CD_SET_MEM_ASSOC_TBL (CD_ID, SET_ID) VALUES (x'ADCF9FE21DEC604CA055039A494248AE', x'67A56D4E9400234F855511DA499593AF');
INSERT INTO CD_SET_MEM_ASSOC_TBL (CD_ID, SET_ID) VALUES (x'5E33F8FD121FE04D8356F8778ED41C21', x'67A56D4E9400234F855511DA499593AF');
INSERT INTO CD_SET_MEM_ASSOC_TBL (CD_ID, SET_ID) VALUES (x'C9E5A58B3B69D449973CD7010F3A23EE', x'67A56D4E9400234F855511DA499593AF');
INSERT INTO CD_SET_MEM_ASSOC_TBL (CD_ID, SET_ID) VALUES (x'75B56C8A22CF8441A2B7D9E99D2CD850', x'67A56D4E9400234F855511DA499593AF');
INSERT INTO CD_SET_MEM_ASSOC_TBL (CD_ID, SET_ID) VALUES (x'42BFFC61E0B5B54F9392108A5C6DBEC7', x'67A56D4E9400234F855511DA499593AF');
INSERT INTO CD_SET_MEM_ASSOC_TBL (CD_ID, SET_ID) VALUES (x'7FF66201A650434788B6EDCDE354CACA', x'67A56D4E9400234F855511DA499593AF');
INSERT INTO CD_SET_MEM_ASSOC_TBL (CD_ID, SET_ID) VALUES (x'6A751FB9375B9E408CF9C985D5DBA2F1', x'67A56D4E9400234F855511DA499593AF');
INSERT INTO CD_SET_MEM_ASSOC_TBL (CD_ID, SET_ID) VALUES (x'46A8E29DF2DDBC4E902E84508C5089EA', x'67A56D4E9400234F855511DA499593AF');
INSERT INTO CD_SET_MEM_ASSOC_TBL (CD_ID, SET_ID) VALUES (x'BE7390D38F0F0E44B8C87034CC138A95', x'67A56D4E9400234F855511DA499593AF');
INSERT INTO CD_SET_MEM_ASSOC_TBL (CD_ID, SET_ID) VALUES (x'32A39F2E9193C6489FC8920A750B25D3', x'67A56D4E9400234F855511DA499593AF');
INSERT INTO CD_SET_MEM_ASSOC_TBL (CD_ID, SET_ID) VALUES (x'C29CA0E5E55AC2408E32687DBA06715D', x'67A56D4E9400234F855511DA499593AF');
INSERT INTO CD_SET_MEM_ASSOC_TBL (CD_ID, SET_ID) VALUES (x'86C2FEFAD5890B429085054ACA9D1EEF', x'67A56D4E9400234F855511DA499593AF');
INSERT INTO CD_SET_MEM_ASSOC_TBL (CD_ID, SET_ID) VALUES (x'91B6522422F12141B9DF76D990B43F35', x'67A56D4E9400234F855511DA499593AF');
INSERT INTO CD_SET_MEM_ASSOC_TBL (CD_ID, SET_ID) VALUES (x'BC43702ACA6C7D44B2308414F790CDB6', x'67A56D4E9400234F855511DA499593AF');
INSERT INTO CD_SET_MEM_ASSOC_TBL (CD_ID, SET_ID) VALUES (x'D69CFAA1E71C7E4FA0C17A503F9F1255', x'67A56D4E9400234F855511DA499593AF');
INSERT INTO CD_SET_MEM_ASSOC_TBL (CD_ID, SET_ID) VALUES (x'55BD087C424DCD4992F86388D6C4183F', x'67A56D4E9400234F855511DA499593AF');
INSERT INTO CD_SET_MEM_ASSOC_TBL (CD_ID, SET_ID) VALUES (x'F4643C0B0D22E544BDC64BFAD6120963', x'67A56D4E9400234F855511DA499593AF');
INSERT INTO CD_SET_MEM_ASSOC_TBL (CD_ID, SET_ID) VALUES (x'B0B0F48CE584224185FE6AFA8240C218', x'67A56D4E9400234F855511DA499593AF');
INSERT INTO CD_SET_MEM_ASSOC_TBL (CD_ID, SET_ID) VALUES (x'28E5ACC77D27FB4E94EEBFD1278F40F7', x'67A56D4E9400234F855511DA499593AF');
INSERT INTO CD_SET_MEM_ASSOC_TBL (CD_ID, SET_ID) VALUES (x'7378AB21F38E784D9C194582B3C40631', x'67A56D4E9400234F855511DA499593AF');
INSERT INTO CD_SET_MEM_ASSOC_TBL (CD_ID, SET_ID) VALUES (x'754FDD79E8682247A7F58BC2E08F5CD6', x'67A56D4E9400234F855511DA499593AF');
INSERT INTO CD_SET_MEM_ASSOC_TBL (CD_ID, SET_ID) VALUES (x'B3FFB248DB07BA47AD73FC8FB8502471', x'67A56D4E9400234F855511DA499593AF');
INSERT INTO CD_SET_MEM_ASSOC_TBL (CD_ID, SET_ID) VALUES (x'7DEEEF6EF5DFD346A6A7171EF93879C7', x'67A56D4E9400234F855511DA499593AF');
INSERT INTO CD_SET_MEM_ASSOC_TBL (CD_ID, SET_ID) VALUES (x'285C1A4DB7DE1E41B75FD524F90DFA63', x'67A56D4E9400234F855511DA499593AF');
INSERT INTO CD_SET_MEM_ASSOC_TBL (CD_ID, SET_ID) VALUES (x'F6AA351987D4824CAC17FB917B5B6D71', x'67A56D4E9400234F855511DA499593AF');
INSERT INTO CD_SET_MEM_ASSOC_TBL (CD_ID, SET_ID) VALUES (x'DE089FF2A7785E4AAEAF7B545BA19A09', x'869FFCEFE2562049A75AFEC310AA1430');
INSERT INTO CD_SET_MEM_ASSOC_TBL (CD_ID, SET_ID) VALUES (x'ACA728AD6BA6C44291B4DE40A2B11980', x'869FFCEFE2562049A75AFEC310AA1430');
INSERT INTO CD_SET_MEM_ASSOC_TBL (CD_ID, SET_ID) VALUES (x'B7F14C609188FB49B95F3E4E875691BC', x'869FFCEFE2562049A75AFEC310AA1430');
INSERT INTO CD_SET_MEM_ASSOC_TBL (CD_ID, SET_ID) VALUES (x'D81E6571918C3948B76E9BFDD2EDBA43', x'F5312459BDBBD6449C635A80A410C738');
INSERT INTO CD_SET_MEM_ASSOC_TBL (CD_ID, SET_ID) VALUES (x'AF3FCBF05D4304479217B884F757BC14', x'F5312459BDBBD6449C635A80A410C738');
INSERT INTO CD_SET_MEM_ASSOC_TBL (CD_ID, SET_ID) VALUES (x'2AAF58F105D41646A45950E8494A9A56', x'F5312459BDBBD6449C635A80A410C738');
INSERT INTO CD_SET_MEM_ASSOC_TBL (CD_ID, SET_ID) VALUES (x'2BAD35CC99664649AE3876AB08193F41', x'F5312459BDBBD6449C635A80A410C738');
INSERT INTO CD_SET_MEM_ASSOC_TBL (CD_ID, SET_ID) VALUES (x'D2660DC5DAE5344AB2B74CD4FE4EF2C4', x'F5312459BDBBD6449C635A80A410C738');
INSERT INTO CD_SET_MEM_ASSOC_TBL (CD_ID, SET_ID) VALUES (x'484260391278604BBC548CC1FFFB1DE6', x'F5312459BDBBD6449C635A80A410C738');
INSERT INTO CD_SET_MEM_ASSOC_TBL (CD_ID, SET_ID) VALUES (x'82548AEC5920FC43A4CE04F71F64E3D8', x'F5312459BDBBD6449C635A80A410C738');
INSERT INTO CD_SET_MEM_ASSOC_TBL (CD_ID, SET_ID) VALUES (x'4FD94ED6A4E4A249A0D81E6F393AAB36', x'F5312459BDBBD6449C635A80A410C738');
INSERT INTO CD_SET_MEM_ASSOC_TBL (CD_ID, SET_ID) VALUES (x'F10564197EE04E49A56EB4B563CD85FC', x'F5312459BDBBD6449C635A80A410C738');
INSERT INTO CD_SET_MEM_ASSOC_TBL (CD_ID, SET_ID) VALUES (x'1D6AAD9771688C44A504CB82CABC0452', x'F5312459BDBBD6449C635A80A410C738');
INSERT INTO CD_SET_MEM_ASSOC_TBL (CD_ID, SET_ID) VALUES (x'2139504C6E1D4941A3C433F6BE4646CE', x'F5312459BDBBD6449C635A80A410C738');
INSERT INTO CD_SET_MEM_ASSOC_TBL (CD_ID, SET_ID) VALUES (x'870A8B4B2E7D6D40AEB01041C3841B57', x'F5312459BDBBD6449C635A80A410C738');
INSERT INTO CD_SET_MEM_ASSOC_TBL (CD_ID, SET_ID) VALUES (x'578584618DD7E540954F0B9C97307A04', x'F5312459BDBBD6449C635A80A410C738');
INSERT INTO CD_SET_MEM_ASSOC_TBL (CD_ID, SET_ID) VALUES (x'F8AD5D4575C1A145A85934283A8210F8', x'F5312459BDBBD6449C635A80A410C738');
INSERT INTO CD_SET_MEM_ASSOC_TBL (CD_ID, SET_ID) VALUES (x'164217A0396451439483A241A48029B7', x'F5312459BDBBD6449C635A80A410C738');
INSERT INTO CD_SET_MEM_ASSOC_TBL (CD_ID, SET_ID) VALUES (x'AD29BF6C51ACC948885ACFE3026ECF6E', x'F5312459BDBBD6449C635A80A410C738');
INSERT INTO CD_SET_MEM_ASSOC_TBL (CD_ID, SET_ID) VALUES (x'AE404C9C152C8145A496BE1ABFE4EB66', x'F5312459BDBBD6449C635A80A410C738');
INSERT INTO CD_SET_MEM_ASSOC_TBL (CD_ID, SET_ID) VALUES (x'D74A360A61F98A4D93F01FD4176548B3', x'F5312459BDBBD6449C635A80A410C738');
INSERT INTO CD_SET_MEM_ASSOC_TBL (CD_ID, SET_ID) VALUES (x'04FF7313EFA60A42B1D04A07465FE8E8', x'F5312459BDBBD6449C635A80A410C738');
INSERT INTO CD_SET_MEM_ASSOC_TBL (CD_ID, SET_ID) VALUES (x'2334F6D99BBAD948BA38C404B784B670', x'F5312459BDBBD6449C635A80A410C738');
INSERT INTO CD_SET_MEM_ASSOC_TBL (CD_ID, SET_ID) VALUES (x'6E4E59A2FEE8684C82A5D3A46DBEC87D', x'F5312459BDBBD6449C635A80A410C738');
INSERT INTO CD_SET_MEM_ASSOC_TBL (CD_ID, SET_ID) VALUES (x'ED617A72352F094E8BB66D09E2BA8FEC', x'F5312459BDBBD6449C635A80A410C738');
INSERT INTO CD_SET_MEM_ASSOC_TBL (CD_ID, SET_ID) VALUES (x'66676A5A1D8E364DAE509B7D82D8A182', x'F5312459BDBBD6449C635A80A410C738');
INSERT INTO CD_SET_MEM_ASSOC_TBL (CD_ID, SET_ID) VALUES (x'2F0C9F3A22E33946A8E70DF67CAC761B', x'F5312459BDBBD6449C635A80A410C738');
INSERT INTO CD_SET_MEM_ASSOC_TBL (CD_ID, SET_ID) VALUES (x'91B29097A3B8854CA240C2C38885AD5D', x'F5312459BDBBD6449C635A80A410C738');
INSERT INTO CD_SET_MEM_ASSOC_TBL (CD_ID, SET_ID) VALUES (x'3DA204C7EF86114E9050F8AA10919FF2', x'F5312459BDBBD6449C635A80A410C738');
INSERT INTO CD_SET_MEM_ASSOC_TBL (CD_ID, SET_ID) VALUES (x'8B0F8E5E23BC474882AB49B8DD79981E', x'F5312459BDBBD6449C635A80A410C738');
INSERT INTO CD_SET_MEM_ASSOC_TBL (CD_ID, SET_ID) VALUES (x'27753FDEC9E3EF45857400CA4495F767', x'F5312459BDBBD6449C635A80A410C738');
INSERT INTO CD_SET_MEM_ASSOC_TBL (CD_ID, SET_ID) VALUES (x'7F35820BE05A4345AB8EA33E9B315BAB', x'F5312459BDBBD6449C635A80A410C738');
INSERT INTO CD_SET_MEM_ASSOC_TBL (CD_ID, SET_ID) VALUES (x'696D9D649C130640AE45AFF4649D6079', x'F5312459BDBBD6449C635A80A410C738');
INSERT INTO CD_SET_MEM_ASSOC_TBL (CD_ID, SET_ID) VALUES (x'B0969847D535424881095FDBEE14E8A4', x'F5312459BDBBD6449C635A80A410C738');
INSERT INTO CD_SET_MEM_ASSOC_TBL (CD_ID, SET_ID) VALUES (x'F7C7CAA5B7E3D84D872CDB0E7FCC2D84', x'F5312459BDBBD6449C635A80A410C738');
INSERT INTO CD_SET_MEM_ASSOC_TBL (CD_ID, SET_ID) VALUES (x'6CDB92675CFDB84A96F5ACE5665BDCB9', x'F5312459BDBBD6449C635A80A410C738');
INSERT INTO CD_SET_MEM_ASSOC_TBL (CD_ID, SET_ID) VALUES (x'3D0D9976273F394B836BBA87EEBA3328', x'F5312459BDBBD6449C635A80A410C738');
INSERT INTO CD_SET_MEM_ASSOC_TBL (CD_ID, SET_ID) VALUES (x'EE3512BE0A71324788FD6E895DE7C56D', x'F5312459BDBBD6449C635A80A410C738');
INSERT INTO CD_SET_MEM_ASSOC_TBL (CD_ID, SET_ID) VALUES (x'A9A560EA71E90D4FBB5DDC7A0C74A2C9', x'F5312459BDBBD6449C635A80A410C738');
INSERT INTO CD_SET_MEM_ASSOC_TBL (CD_ID, SET_ID) VALUES (x'5C1B40EC334C29429C72428FC5DB37FF', x'F5312459BDBBD6449C635A80A410C738');
INSERT INTO CD_SET_MEM_ASSOC_TBL (CD_ID, SET_ID) VALUES (x'7B29B6CB3C743C458476BA4C10A1C965', x'F5312459BDBBD6449C635A80A410C738');
INSERT INTO CD_SET_MEM_ASSOC_TBL (CD_ID, SET_ID) VALUES (x'8872E79909CB5040A8CF385513F32F0A', x'F5312459BDBBD6449C635A80A410C738');
INSERT INTO CD_SET_MEM_ASSOC_TBL (CD_ID, SET_ID) VALUES (x'0077060337CE5F408ED3E4965BA2F601', x'F5312459BDBBD6449C635A80A410C738');
INSERT INTO CD_SET_MEM_ASSOC_TBL (CD_ID, SET_ID) VALUES (x'217BE1BCB205024FBF7AC6D3561AA948', x'F5312459BDBBD6449C635A80A410C738');
INSERT INTO CD_SET_MEM_ASSOC_TBL (CD_ID, SET_ID) VALUES (x'DF44C72889D8444ABC1A2E9E9D64AF13', x'F5312459BDBBD6449C635A80A410C738');
INSERT INTO CD_SET_MEM_ASSOC_TBL (CD_ID, SET_ID) VALUES (x'3EB8817F780D85468BA4224EB315CE54', x'F5312459BDBBD6449C635A80A410C738');
INSERT INTO CD_SET_MEM_ASSOC_TBL (CD_ID, SET_ID) VALUES (x'D471544BFEE3F74585A2AE2B4F224757', x'F5312459BDBBD6449C635A80A410C738');
INSERT INTO CD_SET_MEM_ASSOC_TBL (CD_ID, SET_ID) VALUES (x'1E79FB289E171A46B16CCAC13A04BD0A', x'F5312459BDBBD6449C635A80A410C738');
INSERT INTO CD_SET_MEM_ASSOC_TBL (CD_ID, SET_ID) VALUES (x'91B6522422F12141B9DF76D990B43F35', x'F5312459BDBBD6449C635A80A410C738');
INSERT INTO CD_SET_MEM_ASSOC_TBL (CD_ID, SET_ID) VALUES (x'EEDB923F5EA64F4398CE841FEEB02E3F', x'F5312459BDBBD6449C635A80A410C738');
INSERT INTO CD_SET_MEM_ASSOC_TBL (CD_ID, SET_ID) VALUES (x'B894C653D827DD4395A4BB318431D17C', x'F5312459BDBBD6449C635A80A410C738');
INSERT INTO CD_SET_MEM_ASSOC_TBL (CD_ID, SET_ID) VALUES (x'9979B801A7855C4F9B7E892F1195CFE3', x'F5312459BDBBD6449C635A80A410C738');
INSERT INTO CD_SET_MEM_ASSOC_TBL (CD_ID, SET_ID) VALUES (x'3479BB02B576C54CBD4258570F15EB4D', x'F5312459BDBBD6449C635A80A410C738');
INSERT INTO CD_SET_MEM_ASSOC_TBL (CD_ID, SET_ID) VALUES (x'CAA6A36DB02A324D9588E094F277F06D', x'F5312459BDBBD6449C635A80A410C738');
INSERT INTO CD_SET_MEM_ASSOC_TBL (CD_ID, SET_ID) VALUES (x'55923F355E76364380071D61AB09AAD6', x'F5312459BDBBD6449C635A80A410C738');
INSERT INTO CD_SET_MEM_ASSOC_TBL (CD_ID, SET_ID) VALUES (x'3A01BEC3C520204C840CD9DBB15D040E', x'F5312459BDBBD6449C635A80A410C738');
INSERT INTO CD_SET_MEM_ASSOC_TBL (CD_ID, SET_ID) VALUES (x'24367B7262EABB46A68BB9E49E302ECA', x'F5312459BDBBD6449C635A80A410C738');
INSERT INTO CD_SET_MEM_ASSOC_TBL (CD_ID, SET_ID) VALUES (x'5B1805AC805AA847B924060DEB6D0EB2', x'F5312459BDBBD6449C635A80A410C738');
INSERT INTO CD_SET_MEM_ASSOC_TBL (CD_ID, SET_ID) VALUES (x'215F175D63198945A400B5EF5F64842C', x'F5312459BDBBD6449C635A80A410C738');
INSERT INTO CD_SET_MEM_ASSOC_TBL (CD_ID, SET_ID) VALUES (x'DE25123C4E19CE49A41A0F9376B04C11', x'F5312459BDBBD6449C635A80A410C738');
INSERT INTO CD_SET_MEM_ASSOC_TBL (CD_ID, SET_ID) VALUES (x'74AC0F5BC65AE64499A46813C0E2F4A9', x'F5312459BDBBD6449C635A80A410C738');
INSERT INTO CD_SET_MEM_ASSOC_TBL (CD_ID, SET_ID) VALUES (x'A4705EFA6EA465468A2094D4D7B86FC8', x'F5312459BDBBD6449C635A80A410C738');
INSERT INTO CD_SET_MEM_ASSOC_TBL (CD_ID, SET_ID) VALUES (x'FA083F695A62D240B9286856099C0349', x'F5312459BDBBD6449C635A80A410C738');
INSERT INTO CD_SET_MEM_ASSOC_TBL (CD_ID, SET_ID) VALUES (x'6C13F6796514E845917EE7832BC8E3B2', x'F5312459BDBBD6449C635A80A410C738');
INSERT INTO CD_SET_MEM_ASSOC_TBL (CD_ID, SET_ID) VALUES (x'061EF94F392EE3449FBE0D828FE318FE', x'F5312459BDBBD6449C635A80A410C738');
INSERT INTO CD_SET_MEM_ASSOC_TBL (CD_ID, SET_ID) VALUES (x'124C476478B9B64BA58446DADEC2D952', x'F5312459BDBBD6449C635A80A410C738');
INSERT INTO CD_SET_MEM_ASSOC_TBL (CD_ID, SET_ID) VALUES (x'8757DCF94DDDC642A082AC7D11956FDA', x'F5312459BDBBD6449C635A80A410C738');
INSERT INTO CD_SET_MEM_ASSOC_TBL (CD_ID, SET_ID) VALUES (x'82BF2D1B03A5F44C9ECBA8E111B4674E', x'F5312459BDBBD6449C635A80A410C738');
INSERT INTO CD_SET_MEM_ASSOC_TBL (CD_ID, SET_ID) VALUES (x'33A3160746CD9D43BFD6BF788F3885FA', x'F5312459BDBBD6449C635A80A410C738');
INSERT INTO CD_SET_MEM_ASSOC_TBL (CD_ID, SET_ID) VALUES (x'3571088E6F8C1442BDD2448387D3F24C', x'D043C93EBE105B41BC3ADFA459738707');
INSERT INTO CD_SET_MEM_ASSOC_TBL (CD_ID, SET_ID) VALUES (x'70CCD7CEBC12BB45AC46DDF41141E64B', x'D043C93EBE105B41BC3ADFA459738707');
INSERT INTO CD_SET_MEM_ASSOC_TBL (CD_ID, SET_ID) VALUES (x'6E5DF36A7C5534409518E87BC6CFF808', x'D043C93EBE105B41BC3ADFA459738707');
INSERT INTO CD_SET_MEM_ASSOC_TBL (CD_ID, SET_ID) VALUES (x'D93BDAFDEEA39C479B2D89BA49F09B85', x'D043C93EBE105B41BC3ADFA459738707');
INSERT INTO CD_SET_MEM_ASSOC_TBL (CD_ID, SET_ID) VALUES (x'216D7AA8A62CEA4A88F36135CCEB58D1', x'4BAF855260E0B74199D9FD8237E5AECF');
 --INSERT INTO CD_SET_MEM_ASSOC_TBL (CD_ID, SET_ID) VALUES (x'216D7AA8A62CEA4A88F36135CCEB58D1', x'67A616EE85200A44B1E74032D10B9F40');
INSERT INTO CD_SET_MEM_ASSOC_TBL (CD_ID, SET_ID) VALUES (x'8DB98236144B2B4E92F5AA7ABF522E28', x'4BAF855260E0B74199D9FD8237E5AECF');
 INSERT INTO CD_SET_MEM_ASSOC_TBL (CD_ID, SET_ID) VALUES (x'8DB98236144B2B4E92F5AA7ABF522E28', x'67A616EE85200A44B1E74032D10B9F40');
INSERT INTO CD_SET_MEM_ASSOC_TBL (CD_ID, SET_ID) VALUES (x'E7B5E78D41C9BD42B73552D750EFC5E6', x'4BAF855260E0B74199D9FD8237E5AECF');
 INSERT INTO CD_SET_MEM_ASSOC_TBL (CD_ID, SET_ID) VALUES (x'E7B5E78D41C9BD42B73552D750EFC5E6', x'67A616EE85200A44B1E74032D10B9F40');
INSERT INTO CD_SET_MEM_ASSOC_TBL (CD_ID, SET_ID) VALUES (x'45D47F8690D41946804E75C04B8A0E57', x'4BAF855260E0B74199D9FD8237E5AECF');
 INSERT INTO CD_SET_MEM_ASSOC_TBL (CD_ID, SET_ID) VALUES (x'45D47F8690D41946804E75C04B8A0E57', x'67A616EE85200A44B1E74032D10B9F40');
INSERT INTO CD_SET_MEM_ASSOC_TBL (CD_ID, SET_ID) VALUES (x'4BA0B77765C0AF4F8EC02CDAD4AE372B', x'4BAF855260E0B74199D9FD8237E5AECF');
 INSERT INTO CD_SET_MEM_ASSOC_TBL (CD_ID, SET_ID) VALUES (x'4BA0B77765C0AF4F8EC02CDAD4AE372B', x'67A616EE85200A44B1E74032D10B9F40');
INSERT INTO CD_SET_MEM_ASSOC_TBL (CD_ID, SET_ID) VALUES (x'0114BD33DBDFE740A9140A695AD5186E', x'4BAF855260E0B74199D9FD8237E5AECF');
 INSERT INTO CD_SET_MEM_ASSOC_TBL (CD_ID, SET_ID) VALUES (x'0114BD33DBDFE740A9140A695AD5186E', x'67A616EE85200A44B1E74032D10B9F40');
INSERT INTO CD_SET_MEM_ASSOC_TBL (CD_ID, SET_ID) VALUES (x'DF987F75E0146A44BD50BB0AFFB34F09', x'4BAF855260E0B74199D9FD8237E5AECF');
 INSERT INTO CD_SET_MEM_ASSOC_TBL (CD_ID, SET_ID) VALUES (x'DF987F75E0146A44BD50BB0AFFB34F09', x'67A616EE85200A44B1E74032D10B9F40');
INSERT INTO CD_SET_MEM_ASSOC_TBL (CD_ID, SET_ID) VALUES (x'8D14D2B135BB37438FE6021F5A3AC8A3', x'4BAF855260E0B74199D9FD8237E5AECF');
 INSERT INTO CD_SET_MEM_ASSOC_TBL (CD_ID, SET_ID) VALUES (x'8D14D2B135BB37438FE6021F5A3AC8A3', x'67A616EE85200A44B1E74032D10B9F40');
INSERT INTO CD_SET_MEM_ASSOC_TBL (CD_ID, SET_ID) VALUES (x'425F98256A475544A9774E97A554D710', x'4BAF855260E0B74199D9FD8237E5AECF');
 INSERT INTO CD_SET_MEM_ASSOC_TBL (CD_ID, SET_ID) VALUES (x'425F98256A475544A9774E97A554D710', x'67A616EE85200A44B1E74032D10B9F40');
INSERT INTO CD_SET_MEM_ASSOC_TBL (CD_ID, SET_ID) VALUES (x'4FE7E41E2D54444596F6266A6247F274', x'4BAF855260E0B74199D9FD8237E5AECF');
 INSERT INTO CD_SET_MEM_ASSOC_TBL (CD_ID, SET_ID) VALUES (x'4FE7E41E2D54444596F6266A6247F274', x'67A616EE85200A44B1E74032D10B9F40');
INSERT INTO CD_SET_MEM_ASSOC_TBL (CD_ID, SET_ID) VALUES (x'34238E3BCC4C244F8AAE37341EA03D3E', x'4BAF855260E0B74199D9FD8237E5AECF');
 INSERT INTO CD_SET_MEM_ASSOC_TBL (CD_ID, SET_ID) VALUES (x'34238E3BCC4C244F8AAE37341EA03D3E', x'67A616EE85200A44B1E74032D10B9F40');
INSERT INTO CD_SET_MEM_ASSOC_TBL (CD_ID, SET_ID) VALUES (x'5231B1353CE4CB4B8649A9E83BEE33A2', x'4BAF855260E0B74199D9FD8237E5AECF');
 INSERT INTO CD_SET_MEM_ASSOC_TBL (CD_ID, SET_ID) VALUES (x'5231B1353CE4CB4B8649A9E83BEE33A2', x'67A616EE85200A44B1E74032D10B9F40');
INSERT INTO CD_SET_MEM_ASSOC_TBL (CD_ID, SET_ID) VALUES (x'724684D4D7C04C4383776DD0655B0532', x'4BAF855260E0B74199D9FD8237E5AECF');
 INSERT INTO CD_SET_MEM_ASSOC_TBL (CD_ID, SET_ID) VALUES (x'724684D4D7C04C4383776DD0655B0532', x'67A616EE85200A44B1E74032D10B9F40');
INSERT INTO CD_SET_MEM_ASSOC_TBL (CD_ID, SET_ID) VALUES (x'7962259DACF1B346A974DD13E2AD4F72', x'4BAF855260E0B74199D9FD8237E5AECF');
 INSERT INTO CD_SET_MEM_ASSOC_TBL (CD_ID, SET_ID) VALUES (x'7962259DACF1B346A974DD13E2AD4F72', x'67A616EE85200A44B1E74032D10B9F40');
INSERT INTO CD_SET_MEM_ASSOC_TBL (CD_ID, SET_ID) VALUES (x'377F903D5C08264CB59B62E40621DAFD', x'4BAF855260E0B74199D9FD8237E5AECF');
 INSERT INTO CD_SET_MEM_ASSOC_TBL (CD_ID, SET_ID) VALUES (x'377F903D5C08264CB59B62E40621DAFD', x'67A616EE85200A44B1E74032D10B9F40');
INSERT INTO CD_SET_MEM_ASSOC_TBL (CD_ID, SET_ID) VALUES (x'8FD78EF2AB85A147BA08B5051E62D6C3', x'4BAF855260E0B74199D9FD8237E5AECF');
 INSERT INTO CD_SET_MEM_ASSOC_TBL (CD_ID, SET_ID) VALUES (x'8FD78EF2AB85A147BA08B5051E62D6C3', x'67A616EE85200A44B1E74032D10B9F40');
INSERT INTO CD_SET_MEM_ASSOC_TBL (CD_ID, SET_ID) VALUES (x'0F9B044789F1194E9AA87C38ADB2491A', x'4BAF855260E0B74199D9FD8237E5AECF');
 INSERT INTO CD_SET_MEM_ASSOC_TBL (CD_ID, SET_ID) VALUES (x'0F9B044789F1194E9AA87C38ADB2491A', x'67A616EE85200A44B1E74032D10B9F40');
INSERT INTO CD_SET_MEM_ASSOC_TBL (CD_ID, SET_ID) VALUES (x'5B2A1AF313CEE147A0FBD704F31547DB', x'4BAF855260E0B74199D9FD8237E5AECF');
 INSERT INTO CD_SET_MEM_ASSOC_TBL (CD_ID, SET_ID) VALUES (x'5B2A1AF313CEE147A0FBD704F31547DB', x'67A616EE85200A44B1E74032D10B9F40');
INSERT INTO CD_SET_MEM_ASSOC_TBL (CD_ID, SET_ID) VALUES (x'0CA0E2CBD5E1E944AAE3D7D03E3C2EFA', x'4BAF855260E0B74199D9FD8237E5AECF');
 INSERT INTO CD_SET_MEM_ASSOC_TBL (CD_ID, SET_ID) VALUES (x'0CA0E2CBD5E1E944AAE3D7D03E3C2EFA', x'67A616EE85200A44B1E74032D10B9F40');
INSERT INTO CD_SET_MEM_ASSOC_TBL (CD_ID, SET_ID) VALUES (x'C07BAD43D82E274B97E5B3DB00A07D17', x'4BAF855260E0B74199D9FD8237E5AECF');
 INSERT INTO CD_SET_MEM_ASSOC_TBL (CD_ID, SET_ID) VALUES (x'C07BAD43D82E274B97E5B3DB00A07D17', x'67A616EE85200A44B1E74032D10B9F40');
INSERT INTO CD_SET_MEM_ASSOC_TBL (CD_ID, SET_ID) VALUES (x'E66AC966C4C5664D9BD0A00C56E831DA', x'4BAF855260E0B74199D9FD8237E5AECF');
 INSERT INTO CD_SET_MEM_ASSOC_TBL (CD_ID, SET_ID) VALUES (x'E66AC966C4C5664D9BD0A00C56E831DA', x'67A616EE85200A44B1E74032D10B9F40');
INSERT INTO CD_SET_MEM_ASSOC_TBL (CD_ID, SET_ID) VALUES (x'13953CB41C1CD04E92DB55A904C122E6', x'4BAF855260E0B74199D9FD8237E5AECF');
 INSERT INTO CD_SET_MEM_ASSOC_TBL (CD_ID, SET_ID) VALUES (x'13953CB41C1CD04E92DB55A904C122E6', x'67A616EE85200A44B1E74032D10B9F40');
INSERT INTO CD_SET_MEM_ASSOC_TBL (CD_ID, SET_ID) VALUES (x'8DB0CF1BFAC6DD4198BF06336A33A3B7', x'4BAF855260E0B74199D9FD8237E5AECF');
 INSERT INTO CD_SET_MEM_ASSOC_TBL (CD_ID, SET_ID) VALUES (x'8DB0CF1BFAC6DD4198BF06336A33A3B7', x'67A616EE85200A44B1E74032D10B9F40');
INSERT INTO CD_SET_MEM_ASSOC_TBL (CD_ID, SET_ID) VALUES (x'570CB1F5E13AEA4186491CF8D9848AE1', x'4BAF855260E0B74199D9FD8237E5AECF');
 INSERT INTO CD_SET_MEM_ASSOC_TBL (CD_ID, SET_ID) VALUES (x'570CB1F5E13AEA4186491CF8D9848AE1', x'67A616EE85200A44B1E74032D10B9F40');
INSERT INTO CD_SET_MEM_ASSOC_TBL (CD_ID, SET_ID) VALUES (x'D12B520CA2DFCB43A98EF6FF137968AE', x'4BAF855260E0B74199D9FD8237E5AECF');
 INSERT INTO CD_SET_MEM_ASSOC_TBL (CD_ID, SET_ID) VALUES (x'D12B520CA2DFCB43A98EF6FF137968AE', x'67A616EE85200A44B1E74032D10B9F40');
INSERT INTO CD_SET_MEM_ASSOC_TBL (CD_ID, SET_ID) VALUES (x'C048ADD79D88E24199E9BE5E6C5327B2', x'4BAF855260E0B74199D9FD8237E5AECF');
 INSERT INTO CD_SET_MEM_ASSOC_TBL (CD_ID, SET_ID) VALUES (x'C048ADD79D88E24199E9BE5E6C5327B2', x'67A616EE85200A44B1E74032D10B9F40');
INSERT INTO CD_SET_MEM_ASSOC_TBL (CD_ID, SET_ID) VALUES (x'FE7F59EF65D99843B55A650530EBB997', x'4BAF855260E0B74199D9FD8237E5AECF');
 INSERT INTO CD_SET_MEM_ASSOC_TBL (CD_ID, SET_ID) VALUES (x'FE7F59EF65D99843B55A650530EBB997', x'67A616EE85200A44B1E74032D10B9F40');
INSERT INTO CD_SET_MEM_ASSOC_TBL (CD_ID, SET_ID) VALUES (x'7E05FEB9577FEB4289D767C69646C0C4', x'4BAF855260E0B74199D9FD8237E5AECF');
 INSERT INTO CD_SET_MEM_ASSOC_TBL (CD_ID, SET_ID) VALUES (x'7E05FEB9577FEB4289D767C69646C0C4', x'67A616EE85200A44B1E74032D10B9F40');
INSERT INTO CD_SET_MEM_ASSOC_TBL (CD_ID, SET_ID) VALUES (x'466CEFF1EB058244BAEBEAF0A8E5FFEF', x'4BAF855260E0B74199D9FD8237E5AECF');
 INSERT INTO CD_SET_MEM_ASSOC_TBL (CD_ID, SET_ID) VALUES (x'466CEFF1EB058244BAEBEAF0A8E5FFEF', x'67A616EE85200A44B1E74032D10B9F40');
INSERT INTO CD_SET_MEM_ASSOC_TBL (CD_ID, SET_ID) VALUES (x'D8FE046B64C19C46910BF824C2BDA4F0', x'4BAF855260E0B74199D9FD8237E5AECF');
 INSERT INTO CD_SET_MEM_ASSOC_TBL (CD_ID, SET_ID) VALUES (x'D8FE046B64C19C46910BF824C2BDA4F0', x'67A616EE85200A44B1E74032D10B9F40');
INSERT INTO CD_SET_MEM_ASSOC_TBL (CD_ID, SET_ID) VALUES (x'6F9CCDBAA93F1E48963637457962804D', x'4BAF855260E0B74199D9FD8237E5AECF');
 INSERT INTO CD_SET_MEM_ASSOC_TBL (CD_ID, SET_ID) VALUES (x'6F9CCDBAA93F1E48963637457962804D', x'67A616EE85200A44B1E74032D10B9F40');
INSERT INTO CD_SET_MEM_ASSOC_TBL (CD_ID, SET_ID) VALUES (x'E15145736029684A93A2B277DB072A43', x'4BAF855260E0B74199D9FD8237E5AECF');
 INSERT INTO CD_SET_MEM_ASSOC_TBL (CD_ID, SET_ID) VALUES (x'E15145736029684A93A2B277DB072A43', x'67A616EE85200A44B1E74032D10B9F40');
INSERT INTO CD_SET_MEM_ASSOC_TBL (CD_ID, SET_ID) VALUES (x'D222C907C9125A4195D49B3FED4959D6', x'4BAF855260E0B74199D9FD8237E5AECF');
 INSERT INTO CD_SET_MEM_ASSOC_TBL (CD_ID, SET_ID) VALUES (x'D222C907C9125A4195D49B3FED4959D6', x'67A616EE85200A44B1E74032D10B9F40');
INSERT INTO CD_SET_MEM_ASSOC_TBL (CD_ID, SET_ID) VALUES (x'EF17C0CE494EAF418596ABAD1A91C9D0', x'4BAF855260E0B74199D9FD8237E5AECF');
 INSERT INTO CD_SET_MEM_ASSOC_TBL (CD_ID, SET_ID) VALUES (x'EF17C0CE494EAF418596ABAD1A91C9D0', x'67A616EE85200A44B1E74032D10B9F40');
INSERT INTO CD_SET_MEM_ASSOC_TBL (CD_ID, SET_ID) VALUES (x'09DD21654B33BF4F9C891AD5A804326C', x'4BAF855260E0B74199D9FD8237E5AECF');
 INSERT INTO CD_SET_MEM_ASSOC_TBL (CD_ID, SET_ID) VALUES (x'09DD21654B33BF4F9C891AD5A804326C', x'67A616EE85200A44B1E74032D10B9F40');
INSERT INTO CD_SET_MEM_ASSOC_TBL (CD_ID, SET_ID) VALUES (x'A5D9F98F06A2664582CD67B770D7CE8A', x'4BAF855260E0B74199D9FD8237E5AECF');
 INSERT INTO CD_SET_MEM_ASSOC_TBL (CD_ID, SET_ID) VALUES (x'A5D9F98F06A2664582CD67B770D7CE8A', x'67A616EE85200A44B1E74032D10B9F40');
INSERT INTO CD_SET_MEM_ASSOC_TBL (CD_ID, SET_ID) VALUES (x'6675150CE9D176498542473CAA9BA2A4', x'4BAF855260E0B74199D9FD8237E5AECF');
 INSERT INTO CD_SET_MEM_ASSOC_TBL (CD_ID, SET_ID) VALUES (x'6675150CE9D176498542473CAA9BA2A4', x'67A616EE85200A44B1E74032D10B9F40');
INSERT INTO CD_SET_MEM_ASSOC_TBL (CD_ID, SET_ID) VALUES (x'3FD8FCA88B804B498A1CEC2C6DBC3DFA', x'4BAF855260E0B74199D9FD8237E5AECF');
 INSERT INTO CD_SET_MEM_ASSOC_TBL (CD_ID, SET_ID) VALUES (x'3FD8FCA88B804B498A1CEC2C6DBC3DFA', x'67A616EE85200A44B1E74032D10B9F40');
INSERT INTO CD_SET_MEM_ASSOC_TBL (CD_ID, SET_ID) VALUES (x'05B7C1DD68C77A4C8F6976AD4B167B40', x'4BAF855260E0B74199D9FD8237E5AECF');
 INSERT INTO CD_SET_MEM_ASSOC_TBL (CD_ID, SET_ID) VALUES (x'05B7C1DD68C77A4C8F6976AD4B167B40', x'67A616EE85200A44B1E74032D10B9F40');
INSERT INTO CD_SET_MEM_ASSOC_TBL (CD_ID, SET_ID) VALUES (x'957E2CB5B8884C4C836A934277AFDB92', x'4BAF855260E0B74199D9FD8237E5AECF');
 INSERT INTO CD_SET_MEM_ASSOC_TBL (CD_ID, SET_ID) VALUES (x'957E2CB5B8884C4C836A934277AFDB92', x'67A616EE85200A44B1E74032D10B9F40');
INSERT INTO CD_SET_MEM_ASSOC_TBL (CD_ID, SET_ID) VALUES (x'487EEFF3B7D83040B431AFF7E0E1CB76', x'4BAF855260E0B74199D9FD8237E5AECF');
 INSERT INTO CD_SET_MEM_ASSOC_TBL (CD_ID, SET_ID) VALUES (x'487EEFF3B7D83040B431AFF7E0E1CB76', x'67A616EE85200A44B1E74032D10B9F40');
INSERT INTO CD_SET_MEM_ASSOC_TBL (CD_ID, SET_ID) VALUES (x'CBDFB031BAD72A4598B945EBCCD30732', x'4BAF855260E0B74199D9FD8237E5AECF');
 INSERT INTO CD_SET_MEM_ASSOC_TBL (CD_ID, SET_ID) VALUES (x'CBDFB031BAD72A4598B945EBCCD30732', x'67A616EE85200A44B1E74032D10B9F40');
INSERT INTO CD_SET_MEM_ASSOC_TBL (CD_ID, SET_ID) VALUES (x'FE0CBE9BABFAC94DA28FC001E3E95E6E', x'4BAF855260E0B74199D9FD8237E5AECF');
 INSERT INTO CD_SET_MEM_ASSOC_TBL (CD_ID, SET_ID) VALUES (x'FE0CBE9BABFAC94DA28FC001E3E95E6E', x'67A616EE85200A44B1E74032D10B9F40');
INSERT INTO CD_SET_MEM_ASSOC_TBL (CD_ID, SET_ID) VALUES (x'DA7A54F5B91EBB40B163081567D869E7', x'4BAF855260E0B74199D9FD8237E5AECF');
 INSERT INTO CD_SET_MEM_ASSOC_TBL (CD_ID, SET_ID) VALUES (x'DA7A54F5B91EBB40B163081567D869E7', x'67A616EE85200A44B1E74032D10B9F40');
INSERT INTO CD_SET_MEM_ASSOC_TBL (CD_ID, SET_ID) VALUES (x'F4F83D7024B1C54495061AB74DDFD91D', x'4BAF855260E0B74199D9FD8237E5AECF');
 INSERT INTO CD_SET_MEM_ASSOC_TBL (CD_ID, SET_ID) VALUES (x'F4F83D7024B1C54495061AB74DDFD91D', x'67A616EE85200A44B1E74032D10B9F40');
INSERT INTO CD_SET_MEM_ASSOC_TBL (CD_ID, SET_ID) VALUES (x'7C0839ABD3171A42A1E32DE4E0AB9FAF', x'4BAF855260E0B74199D9FD8237E5AECF');
 INSERT INTO CD_SET_MEM_ASSOC_TBL (CD_ID, SET_ID) VALUES (x'7C0839ABD3171A42A1E32DE4E0AB9FAF', x'67A616EE85200A44B1E74032D10B9F40');
INSERT INTO CD_SET_MEM_ASSOC_TBL (CD_ID, SET_ID) VALUES (x'21A6029C6585B44694FFA2BD210989B1', x'4BAF855260E0B74199D9FD8237E5AECF');
 INSERT INTO CD_SET_MEM_ASSOC_TBL (CD_ID, SET_ID) VALUES (x'21A6029C6585B44694FFA2BD210989B1', x'67A616EE85200A44B1E74032D10B9F40');
INSERT INTO CD_SET_MEM_ASSOC_TBL (CD_ID, SET_ID) VALUES (x'938C0F5BC957FF4DB59A9564739EF445', x'4BAF855260E0B74199D9FD8237E5AECF');
 INSERT INTO CD_SET_MEM_ASSOC_TBL (CD_ID, SET_ID) VALUES (x'938C0F5BC957FF4DB59A9564739EF445', x'67A616EE85200A44B1E74032D10B9F40');
INSERT INTO CD_SET_MEM_ASSOC_TBL (CD_ID, SET_ID) VALUES (x'35B9C8C54F29904C9D81CBF914BF5808', x'4BAF855260E0B74199D9FD8237E5AECF');
 INSERT INTO CD_SET_MEM_ASSOC_TBL (CD_ID, SET_ID) VALUES (x'35B9C8C54F29904C9D81CBF914BF5808', x'67A616EE85200A44B1E74032D10B9F40');
INSERT INTO CD_SET_MEM_ASSOC_TBL (CD_ID, SET_ID) VALUES (x'3BDF8067BDAFA3448627CBB3DC2F02F6', x'4BAF855260E0B74199D9FD8237E5AECF');
 INSERT INTO CD_SET_MEM_ASSOC_TBL (CD_ID, SET_ID) VALUES (x'3BDF8067BDAFA3448627CBB3DC2F02F6', x'67A616EE85200A44B1E74032D10B9F40');
INSERT INTO CD_SET_MEM_ASSOC_TBL (CD_ID, SET_ID) VALUES (x'DB7F65D6F34E3141AF7914E01A21FACA', x'4BAF855260E0B74199D9FD8237E5AECF');
 INSERT INTO CD_SET_MEM_ASSOC_TBL (CD_ID, SET_ID) VALUES (x'DB7F65D6F34E3141AF7914E01A21FACA', x'67A616EE85200A44B1E74032D10B9F40');
INSERT INTO CD_SET_MEM_ASSOC_TBL (CD_ID, SET_ID) VALUES (x'CDD8B677A0051F4B9E14B895203BF40C', x'4BAF855260E0B74199D9FD8237E5AECF');
 INSERT INTO CD_SET_MEM_ASSOC_TBL (CD_ID, SET_ID) VALUES (x'CDD8B677A0051F4B9E14B895203BF40C', x'67A616EE85200A44B1E74032D10B9F40');
INSERT INTO CD_SET_MEM_ASSOC_TBL (CD_ID, SET_ID) VALUES (x'5CA17D116408004FA9879B9854CBA44E', x'4BAF855260E0B74199D9FD8237E5AECF');
 INSERT INTO CD_SET_MEM_ASSOC_TBL (CD_ID, SET_ID) VALUES (x'5CA17D116408004FA9879B9854CBA44E', x'67A616EE85200A44B1E74032D10B9F40');
INSERT INTO CD_SET_MEM_ASSOC_TBL (CD_ID, SET_ID) VALUES (x'E83FFDAB2695FB48B36635BACA9BD170', x'4BAF855260E0B74199D9FD8237E5AECF');
 INSERT INTO CD_SET_MEM_ASSOC_TBL (CD_ID, SET_ID) VALUES (x'E83FFDAB2695FB48B36635BACA9BD170', x'67A616EE85200A44B1E74032D10B9F40');
INSERT INTO CD_SET_MEM_ASSOC_TBL (CD_ID, SET_ID) VALUES (x'178DE9204DE2644CB09E521A177CCD05', x'4BAF855260E0B74199D9FD8237E5AECF');
 INSERT INTO CD_SET_MEM_ASSOC_TBL (CD_ID, SET_ID) VALUES (x'178DE9204DE2644CB09E521A177CCD05', x'67A616EE85200A44B1E74032D10B9F40');
INSERT INTO CD_SET_MEM_ASSOC_TBL (CD_ID, SET_ID) VALUES (x'A7DF34FFD3C68B4FBC9F14BCDC13BA6C', x'4BAF855260E0B74199D9FD8237E5AECF');
 INSERT INTO CD_SET_MEM_ASSOC_TBL (CD_ID, SET_ID) VALUES (x'A7DF34FFD3C68B4FBC9F14BCDC13BA6C', x'67A616EE85200A44B1E74032D10B9F40');
INSERT INTO CD_SET_MEM_ASSOC_TBL (CD_ID, SET_ID) VALUES (x'72175F4580F5E84786BDB5CE25D351F9', x'4BAF855260E0B74199D9FD8237E5AECF');
 INSERT INTO CD_SET_MEM_ASSOC_TBL (CD_ID, SET_ID) VALUES (x'72175F4580F5E84786BDB5CE25D351F9', x'67A616EE85200A44B1E74032D10B9F40');
INSERT INTO CD_SET_MEM_ASSOC_TBL (CD_ID, SET_ID) VALUES (x'AAF7BA41FD5F2144831F42D4AB3DE38A', x'4BAF855260E0B74199D9FD8237E5AECF');
 INSERT INTO CD_SET_MEM_ASSOC_TBL (CD_ID, SET_ID) VALUES (x'AAF7BA41FD5F2144831F42D4AB3DE38A', x'67A616EE85200A44B1E74032D10B9F40');
INSERT INTO CD_SET_MEM_ASSOC_TBL (CD_ID, SET_ID) VALUES (x'7625B9C6621D964887996F931F8AB607', x'4BAF855260E0B74199D9FD8237E5AECF');
 INSERT INTO CD_SET_MEM_ASSOC_TBL (CD_ID, SET_ID) VALUES (x'7625B9C6621D964887996F931F8AB607', x'67A616EE85200A44B1E74032D10B9F40');
INSERT INTO CD_SET_MEM_ASSOC_TBL (CD_ID, SET_ID) VALUES (x'D9F7FF08C7BA7B41B026C9BEE52F4A37', x'4BAF855260E0B74199D9FD8237E5AECF');
 INSERT INTO CD_SET_MEM_ASSOC_TBL (CD_ID, SET_ID) VALUES (x'D9F7FF08C7BA7B41B026C9BEE52F4A37', x'67A616EE85200A44B1E74032D10B9F40');
INSERT INTO CD_SET_MEM_ASSOC_TBL (CD_ID, SET_ID) VALUES (x'8F4B9B63D3AF63499E79EF0D3928796A', x'4BAF855260E0B74199D9FD8237E5AECF');
 INSERT INTO CD_SET_MEM_ASSOC_TBL (CD_ID, SET_ID) VALUES (x'8F4B9B63D3AF63499E79EF0D3928796A', x'67A616EE85200A44B1E74032D10B9F40');
INSERT INTO CD_SET_MEM_ASSOC_TBL (CD_ID, SET_ID) VALUES (x'DE205184F7E6EC4C94AAE6E943C91367', x'4BAF855260E0B74199D9FD8237E5AECF');
 INSERT INTO CD_SET_MEM_ASSOC_TBL (CD_ID, SET_ID) VALUES (x'DE205184F7E6EC4C94AAE6E943C91367', x'67A616EE85200A44B1E74032D10B9F40');
INSERT INTO CD_SET_MEM_ASSOC_TBL (CD_ID, SET_ID) VALUES (x'52B5FEB2AF8EFE45A397F789D6F4728A', x'4BAF855260E0B74199D9FD8237E5AECF');
 INSERT INTO CD_SET_MEM_ASSOC_TBL (CD_ID, SET_ID) VALUES (x'52B5FEB2AF8EFE45A397F789D6F4728A', x'67A616EE85200A44B1E74032D10B9F40');
INSERT INTO CD_SET_MEM_ASSOC_TBL (CD_ID, SET_ID) VALUES (x'6B1B2B2174B0754A862DE4E194252044', x'4BAF855260E0B74199D9FD8237E5AECF');
 INSERT INTO CD_SET_MEM_ASSOC_TBL (CD_ID, SET_ID) VALUES (x'6B1B2B2174B0754A862DE4E194252044', x'67A616EE85200A44B1E74032D10B9F40');
INSERT INTO CD_SET_MEM_ASSOC_TBL (CD_ID, SET_ID) VALUES (x'217BE1BCB205024FBF7AC6D3561AA948', x'4BAF855260E0B74199D9FD8237E5AECF');
 INSERT INTO CD_SET_MEM_ASSOC_TBL (CD_ID, SET_ID) VALUES (x'217BE1BCB205024FBF7AC6D3561AA948', x'67A616EE85200A44B1E74032D10B9F40');
INSERT INTO CD_SET_MEM_ASSOC_TBL (CD_ID, SET_ID) VALUES (x'E470F6CF5E968842B96647A44479D2AD', x'4BAF855260E0B74199D9FD8237E5AECF');
 INSERT INTO CD_SET_MEM_ASSOC_TBL (CD_ID, SET_ID) VALUES (x'E470F6CF5E968842B96647A44479D2AD', x'67A616EE85200A44B1E74032D10B9F40');
INSERT INTO CD_SET_MEM_ASSOC_TBL (CD_ID, SET_ID) VALUES (x'A0280C02527CF442A046DB9E329D5A42', x'4BAF855260E0B74199D9FD8237E5AECF');
 INSERT INTO CD_SET_MEM_ASSOC_TBL (CD_ID, SET_ID) VALUES (x'A0280C02527CF442A046DB9E329D5A42', x'67A616EE85200A44B1E74032D10B9F40');
INSERT INTO CD_SET_MEM_ASSOC_TBL (CD_ID, SET_ID) VALUES (x'69A444CAD78184449189CA1D55AFECBC', x'E0FDC562AAA3DF4594E9242F4451644A');
INSERT INTO CD_SET_MEM_ASSOC_TBL (CD_ID, SET_ID) VALUES (x'4E4274D892C6D84FB94E642E1CBF83E9', x'E0FDC562AAA3DF4594E9242F4451644A');
INSERT INTO CD_SET_MEM_ASSOC_TBL (CD_ID, SET_ID) VALUES (x'0878EB035108E249B773663B0AC2BD38', x'E0FDC562AAA3DF4594E9242F4451644A');
INSERT INTO CD_SET_MEM_ASSOC_TBL (CD_ID, SET_ID) VALUES (x'7B297115ED8602408B4013403CBA68AB', x'E0FDC562AAA3DF4594E9242F4451644A');
INSERT INTO CD_SET_MEM_ASSOC_TBL (CD_ID, SET_ID) VALUES (x'68172F199ED39D4087BE5AFD0EE0D1FE', x'E0FDC562AAA3DF4594E9242F4451644A');
INSERT INTO CD_SET_MEM_ASSOC_TBL (CD_ID, SET_ID) VALUES (x'C093AF06FC08F44DB084190D680331E0', x'E0FDC562AAA3DF4594E9242F4451644A');
INSERT INTO CD_SET_MEM_ASSOC_TBL (CD_ID, SET_ID) VALUES (x'58D3E86B91F53A4A9A571889B0147C7E', x'E0FDC562AAA3DF4594E9242F4451644A');
INSERT INTO CD_SET_MEM_ASSOC_TBL (CD_ID, SET_ID) VALUES (x'B132AE7EAE27784E909B9F7D07E1C446', x'E0FDC562AAA3DF4594E9242F4451644A');
INSERT INTO CD_SET_MEM_ASSOC_TBL (CD_ID, SET_ID) VALUES (x'767F676105DC6D4691DE47EFC8E7A3E6', x'E0FDC562AAA3DF4594E9242F4451644A');
INSERT INTO CD_SET_MEM_ASSOC_TBL (CD_ID, SET_ID) VALUES (x'78E26D67AA64F2449B6960D61FC1F5F5', x'E0FDC562AAA3DF4594E9242F4451644A');
INSERT INTO CD_SET_MEM_ASSOC_TBL (CD_ID, SET_ID) VALUES (x'B59180D3659021478A1FBFBB3B4BF447', x'E0FDC562AAA3DF4594E9242F4451644A');
INSERT INTO CD_SET_MEM_ASSOC_TBL (CD_ID, SET_ID) VALUES (x'26A4143B37632A4FB83BE6BE7DBCD5A5', x'4FE4A8E6570ABD4E80A95C53B7A03D76');
INSERT INTO CD_SET_MEM_ASSOC_TBL (CD_ID, SET_ID) VALUES (x'6759921348E7D64DB5621E1DA3DDFB06', x'4FE4A8E6570ABD4E80A95C53B7A03D76');
INSERT INTO CD_SET_MEM_ASSOC_TBL (CD_ID, SET_ID) VALUES (x'5ECC9B092F8E504DB5099F9D5BBEB58E', x'4FE4A8E6570ABD4E80A95C53B7A03D76');
INSERT INTO CD_SET_MEM_ASSOC_TBL (CD_ID, SET_ID) VALUES (x'F2BAF7AC1F22C24B8116CEB5165BE079', x'4FE4A8E6570ABD4E80A95C53B7A03D76');
INSERT INTO CD_SET_MEM_ASSOC_TBL (CD_ID, SET_ID) VALUES (x'05F23DDCEF185448AC0068C295C9C744', x'216A68CFE586E741AF070016A054227A');
INSERT INTO CD_SET_MEM_ASSOC_TBL (CD_ID, SET_ID) VALUES (x'378657D1CBE15E41B3194011DA033813', x'216A68CFE586E741AF070016A054227A');
INSERT INTO CD_SET_MEM_ASSOC_TBL (CD_ID, SET_ID) VALUES (x'2AE02ADB12FF1B4C9C5BECDD41AF8583', x'216A68CFE586E741AF070016A054227A');
INSERT INTO CD_SET_MEM_ASSOC_TBL (CD_ID, SET_ID) VALUES (x'F8A0B6816AB85F499D5D8A4073FDD882', x'216A68CFE586E741AF070016A054227A');
INSERT INTO CD_SET_MEM_ASSOC_TBL (CD_ID, SET_ID) VALUES (x'8516D85799E3BD4A874496454188A9FA', x'216A68CFE586E741AF070016A054227A');
INSERT INTO CD_SET_MEM_ASSOC_TBL (CD_ID, SET_ID) VALUES (x'94ACBE8DCBCC1244A99009BAB26DD048', x'216A68CFE586E741AF070016A054227A');
INSERT INTO CD_SET_MEM_ASSOC_TBL (CD_ID, SET_ID) VALUES (x'178D9122DCD33541A0034C1C52E57E75', x'216A68CFE586E741AF070016A054227A');
INSERT INTO CD_SET_MEM_ASSOC_TBL (CD_ID, SET_ID) VALUES (x'9A25CE8F59B8E34A81600221F6AB1650', x'216A68CFE586E741AF070016A054227A');
INSERT INTO CD_SET_MEM_ASSOC_TBL (CD_ID, SET_ID) VALUES (x'A261DA55867BF3479B0BBA47DC99C950', x'216A68CFE586E741AF070016A054227A');
INSERT INTO CD_SET_MEM_ASSOC_TBL (CD_ID, SET_ID) VALUES (x'A97C6DC6C2C6B1469276AD76BAF04B07', x'216A68CFE586E741AF070016A054227A');
INSERT INTO CD_SET_MEM_ASSOC_TBL (CD_ID, SET_ID) VALUES (x'F1E309325822634B81822C888DA66CF0', x'216A68CFE586E741AF070016A054227A');
INSERT INTO CD_SET_MEM_ASSOC_TBL (CD_ID, SET_ID) VALUES (x'BCC371987AB59D47A0317B56CB06FA84', x'216A68CFE586E741AF070016A054227A');
INSERT INTO CD_SET_MEM_ASSOC_TBL (CD_ID, SET_ID) VALUES (x'05E9C6FF1D160B4C8CDEA04E9E9D0CD5', x'216A68CFE586E741AF070016A054227A');
INSERT INTO CD_SET_MEM_ASSOC_TBL (CD_ID, SET_ID) VALUES (x'10ACF9EBC9B57A4091A4360BFB7E0FB9', x'216A68CFE586E741AF070016A054227A');
INSERT INTO CD_SET_MEM_ASSOC_TBL (CD_ID, SET_ID) VALUES (x'70EE6EC412563F478D24595EA15C9C39', x'4FE4A8E6570ABD4E80A95C53B7A03D76');
INSERT INTO CD_SET_MEM_ASSOC_TBL (CD_ID, SET_ID) VALUES (x'57F3950321686245819249AC3C94F548', x'4FE4A8E6570ABD4E80A95C53B7A03D76');
INSERT INTO CD_SET_MEM_ASSOC_TBL (CD_ID, SET_ID) VALUES (x'70EE6EC412563F478D24595EA15C9C39', x'AF4F77BC9338E944B68D5029077D5120');
INSERT INTO CD_SET_MEM_ASSOC_TBL (CD_ID, SET_ID) VALUES (x'57F3950321686245819249AC3C94F548', x'AF4F77BC9338E944B68D5029077D5120');
INSERT INTO CD_SET_MEM_ASSOC_TBL (CD_ID, SET_ID) VALUES (x'1F5474ECC4872743A4B997F325501747', x'AF4F77BC9338E944B68D5029077D5120');
INSERT INTO CD_SET_MEM_ASSOC_TBL (CD_ID, SET_ID) VALUES (x'5ECC9B092F8E504DB5099F9D5BBEB58E', x'AF4F77BC9338E944B68D5029077D5120');
INSERT INTO CD_SET_MEM_ASSOC_TBL (CD_ID, SET_ID) VALUES (x'F2BAF7AC1F22C24B8116CEB5165BE079', x'AF4F77BC9338E944B68D5029077D5120');
INSERT INTO CD_SET_MEM_ASSOC_TBL (CD_ID, SET_ID) VALUES (x'26A4143B37632A4FB83BE6BE7DBCD5A5', x'AF4F77BC9338E944B68D5029077D5120');
INSERT INTO CD_SET_MEM_ASSOC_TBL (CD_ID, SET_ID) VALUES (x'D67AFF12CD0ABA4BA624C7A03D3F8A6B', x'F5312459BDBBD6449C635A80A410C738');
INSERT INTO CD_SET_MEM_ASSOC_TBL (CD_ID, SET_ID) VALUES (x'DF6F13E572CE5747A1CC24E1CC98F034', x'F5312459BDBBD6449C635A80A410C738');
INSERT INTO CD_SET_MEM_ASSOC_TBL (CD_ID, SET_ID) VALUES (x'3485A8BA79DC424990CDE047BA24F34F', x'F5312459BDBBD6449C635A80A410C738');
INSERT INTO CD_SET_MEM_ASSOC_TBL (CD_ID, SET_ID) VALUES (x'FC7B284ACA72B6469D34380EEAE9369A', x'D043C93EBE105B41BC3ADFA459738707');
INSERT INTO CD_SET_MEM_ASSOC_TBL (CD_ID, SET_ID) VALUES (x'651E757130CC804085DE5C19D5201772', x'D043C93EBE105B41BC3ADFA459738707');
INSERT INTO CD_SET_MEM_ASSOC_TBL (CD_ID, SET_ID) VALUES (x'E801D07F5154484AB5B6DA5928DCE03F', x'D043C93EBE105B41BC3ADFA459738707');
INSERT INTO CD_SET_MEM_ASSOC_TBL (CD_ID, SET_ID) VALUES (x'E392E18B1A973C4CB795554B0B5AD672', x'D043C93EBE105B41BC3ADFA459738707');
INSERT INTO CD_SET_MEM_ASSOC_TBL (CD_ID, SET_ID) VALUES (x'513FE159CA0C3E438A458EC24B332ECE', x'D043C93EBE105B41BC3ADFA459738707');
INSERT INTO CD_SET_MEM_ASSOC_TBL (CD_ID, SET_ID) VALUES (x'8168E62BE1877341B9505534334EE08B', x'D043C93EBE105B41BC3ADFA459738707');
INSERT INTO CD_SET_MEM_ASSOC_TBL (CD_ID, SET_ID) VALUES (x'6365C7040B0EC44996646EB3CBD771D1', x'D043C93EBE105B41BC3ADFA459738707');
INSERT INTO CD_SET_MEM_ASSOC_TBL (CD_ID, SET_ID) VALUES (x'B8BF98BD21C6EC48919E65A65E334D37', x'D043C93EBE105B41BC3ADFA459738707');
INSERT INTO CD_SET_MEM_ASSOC_TBL (CD_ID, SET_ID) VALUES (x'337C0D2DA0C37A4992D8D27095F1E2E7', x'D043C93EBE105B41BC3ADFA459738707');
INSERT INTO CD_SET_MEM_ASSOC_TBL (CD_ID, SET_ID) VALUES (x'7EC6E33F5AEB4045BDCD5AE2A5FFBBEF', x'D043C93EBE105B41BC3ADFA459738707');
INSERT INTO CD_SET_MEM_ASSOC_TBL (CD_ID, SET_ID) VALUES (x'541FE7A56CCEF4488DA5F8C61B04B7CF', x'D043C93EBE105B41BC3ADFA459738707');
INSERT INTO CD_SET_MEM_ASSOC_TBL (CD_ID, SET_ID) VALUES (x'8D79130417407A489A8FDDF40A21F48C', x'D043C93EBE105B41BC3ADFA459738707');
INSERT INTO CD_SET_MEM_ASSOC_TBL (CD_ID, SET_ID) VALUES (x'D8881C238929F9488AD7DF27ADCE9948', x'D043C93EBE105B41BC3ADFA459738707');
INSERT INTO CD_SET_MEM_ASSOC_TBL (CD_ID, SET_ID) VALUES (x'F71F58C89976884784DDD6B28EDFA919', x'D043C93EBE105B41BC3ADFA459738707');
INSERT INTO CD_SET_MEM_ASSOC_TBL (CD_ID, SET_ID) VALUES (x'F0F21A0C62615847B532ECECE14D5A24', x'D043C93EBE105B41BC3ADFA459738707');
INSERT INTO CD_SET_MEM_ASSOC_TBL (CD_ID, SET_ID) VALUES (x'8B793CB8671BD84793537A8687967A63', x'D043C93EBE105B41BC3ADFA459738707');
INSERT INTO CD_SET_MEM_ASSOC_TBL (CD_ID, SET_ID) VALUES (x'C597D4A88CC6DD4BB8331202735BA0AC', x'D043C93EBE105B41BC3ADFA459738707');
INSERT INTO CD_SET_MEM_ASSOC_TBL (CD_ID, SET_ID) VALUES (x'C967AA528945434D99FC0E3DA3B116E9', x'D043C93EBE105B41BC3ADFA459738707');
INSERT INTO CD_SET_MEM_ASSOC_TBL (CD_ID, SET_ID) VALUES (x'37BCF4B2F5B7364886F5500D72A552D0', x'D043C93EBE105B41BC3ADFA459738707');
INSERT INTO CD_SET_MEM_ASSOC_TBL (CD_ID, SET_ID) VALUES (x'B3D9468F301A9240B3EDC1BC0C4189B7', x'D043C93EBE105B41BC3ADFA459738707');
INSERT INTO CD_SET_MEM_ASSOC_TBL (CD_ID, SET_ID) VALUES (x'6393A850593F714285FDF79E8AC11F41', x'D043C93EBE105B41BC3ADFA459738707');
INSERT INTO CD_SET_MEM_ASSOC_TBL (CD_ID, SET_ID) VALUES (x'F6115ADDF891D244AEF17AD8F5B690A2', x'D043C93EBE105B41BC3ADFA459738707');
INSERT INTO CD_SET_MEM_ASSOC_TBL (CD_ID, SET_ID) VALUES (x'7B2CC05DD9886741A0C73EBBE67EC625', x'D043C93EBE105B41BC3ADFA459738707');
INSERT INTO CD_SET_MEM_ASSOC_TBL (CD_ID, SET_ID) VALUES (x'D5A2AF0117EF414F83D4B166308E998F', x'D043C93EBE105B41BC3ADFA459738707');
INSERT INTO CD_SET_MEM_ASSOC_TBL (CD_ID, SET_ID) VALUES (x'E9251B409660E04F8FEAD7EB40E37592', x'D043C93EBE105B41BC3ADFA459738707');
INSERT INTO CD_SET_MEM_ASSOC_TBL (CD_ID, SET_ID) VALUES (x'837B39EAAF597A4D93F871E615072AAE', x'D043C93EBE105B41BC3ADFA459738707');
INSERT INTO CD_SET_MEM_ASSOC_TBL (CD_ID, SET_ID) VALUES (x'922791BE37F67343A48D6C9F838191E2', x'D043C93EBE105B41BC3ADFA459738707');
INSERT INTO CD_SET_MEM_ASSOC_TBL (CD_ID, SET_ID) VALUES (x'2B168AECF7818843B695E998369C2425', x'D043C93EBE105B41BC3ADFA459738707');
INSERT INTO CD_SET_MEM_ASSOC_TBL (CD_ID, SET_ID) VALUES (x'8A3FC169E2290B41B5ADF616F7191B14', x'D043C93EBE105B41BC3ADFA459738707');
INSERT INTO CD_SET_MEM_ASSOC_TBL (CD_ID, SET_ID) VALUES (x'B457AE415F5FE5498C774BA7969FF469', x'D043C93EBE105B41BC3ADFA459738707');
INSERT INTO CD_SET_MEM_ASSOC_TBL (CD_ID, SET_ID) VALUES (x'907979706D39424590A27F5F1ABF0AD1', x'D043C93EBE105B41BC3ADFA459738707');
INSERT INTO CD_SET_MEM_ASSOC_TBL (CD_ID, SET_ID) VALUES (x'01A00E3E3E12A449B28C939E5D5EA488', x'D043C93EBE105B41BC3ADFA459738707');
INSERT INTO CD_SET_MEM_ASSOC_TBL (CD_ID, SET_ID) VALUES (x'9B3E228417324D40AD473EF9BDE43DCB', x'D043C93EBE105B41BC3ADFA459738707');
INSERT INTO CD_SET_MEM_ASSOC_TBL (CD_ID, SET_ID) VALUES (x'B091C3EF744DE44691E6C03F315555E2', x'D043C93EBE105B41BC3ADFA459738707');
INSERT INTO CD_SET_MEM_ASSOC_TBL (CD_ID, SET_ID) VALUES (x'D2B4EA2FD56BA84D905782FF9BF6A1BC', x'D043C93EBE105B41BC3ADFA459738707');
INSERT INTO CD_SET_MEM_ASSOC_TBL (CD_ID, SET_ID) VALUES (x'BCDFB42FDD646846B2E50D5C743C9A9F', x'D043C93EBE105B41BC3ADFA459738707');
INSERT INTO CD_SET_MEM_ASSOC_TBL (CD_ID, SET_ID) VALUES (x'60BE9D4E4E3E7440A4320BB4E47EB62D', x'D043C93EBE105B41BC3ADFA459738707');
INSERT INTO CD_SET_MEM_ASSOC_TBL (CD_ID, SET_ID) VALUES (x'330B8A95D7C3EF47959659EEE434EB2D', x'D043C93EBE105B41BC3ADFA459738707');
INSERT INTO CD_SET_MEM_ASSOC_TBL (CD_ID, SET_ID) VALUES (x'6916CD17AF5A6049BD23988209EBA352', x'D043C93EBE105B41BC3ADFA459738707');
INSERT INTO CD_SET_MEM_ASSOC_TBL (CD_ID, SET_ID) VALUES (x'97E7BDE7ACDE634C9F611DDBD38B98F3', x'D043C93EBE105B41BC3ADFA459738707');
INSERT INTO CD_SET_MEM_ASSOC_TBL (CD_ID, SET_ID) VALUES (x'BA0B571D4282DB4FBD63C2E7601A64C6', x'D043C93EBE105B41BC3ADFA459738707');
INSERT INTO CD_SET_MEM_ASSOC_TBL (CD_ID, SET_ID) VALUES (x'D780170981CD154CA082FD969B5BAF85', x'D043C93EBE105B41BC3ADFA459738707');
INSERT INTO CD_SET_MEM_ASSOC_TBL (CD_ID, SET_ID) VALUES (x'84DA15FFE664BE4795C23C5F4629913A', x'D043C93EBE105B41BC3ADFA459738707');
INSERT INTO CD_SET_MEM_ASSOC_TBL (CD_ID, SET_ID) VALUES (x'30FDEE2BAF62E44083EC127F3FB6834A', x'D043C93EBE105B41BC3ADFA459738707');
INSERT INTO CD_SET_MEM_ASSOC_TBL (CD_ID, SET_ID) VALUES (x'C1CF92F2D1E43F48B67BB2367BB53451', x'D043C93EBE105B41BC3ADFA459738707');
INSERT INTO CD_SET_MEM_ASSOC_TBL (CD_ID, SET_ID) VALUES (x'0951AC0AAE30494BA780735CC77218EE', x'D043C93EBE105B41BC3ADFA459738707');
INSERT INTO CD_SET_MEM_ASSOC_TBL (CD_ID, SET_ID) VALUES (x'5C6769197E010F48B0A833A03D4B4068', x'D043C93EBE105B41BC3ADFA459738707');
INSERT INTO CD_SET_MEM_ASSOC_TBL (CD_ID, SET_ID) VALUES (x'D3B05929A11572469D074ECE0497BDC5', x'D043C93EBE105B41BC3ADFA459738707');
INSERT INTO CD_SET_MEM_ASSOC_TBL (CD_ID, SET_ID) VALUES (x'87EF045CA30CD94B9B7F4C2D41101535', x'D043C93EBE105B41BC3ADFA459738707');
INSERT INTO CD_SET_MEM_ASSOC_TBL (CD_ID, SET_ID) VALUES (x'21ABD5C80A0A194E9209D0B23E06C1B1', x'D043C93EBE105B41BC3ADFA459738707');
INSERT INTO CD_SET_MEM_ASSOC_TBL (CD_ID, SET_ID) VALUES (x'30611F4D60C08C4F8EB3C1DBA2B0DB81', x'D043C93EBE105B41BC3ADFA459738707');
INSERT INTO CD_SET_MEM_ASSOC_TBL (CD_ID, SET_ID) VALUES (x'620900C35E27CC4C9BC94DD9525BB9C7', x'D043C93EBE105B41BC3ADFA459738707');
INSERT INTO CD_SET_MEM_ASSOC_TBL (CD_ID, SET_ID) VALUES (x'1632DCFE31FD8F49AE54D95296A73636', x'D043C93EBE105B41BC3ADFA459738707');
INSERT INTO CD_SET_MEM_ASSOC_TBL (CD_ID, SET_ID) VALUES (x'5B00342E7671BE4281E167B63F68B4CD', x'D043C93EBE105B41BC3ADFA459738707');
INSERT INTO CD_SET_MEM_ASSOC_TBL (CD_ID, SET_ID) VALUES (x'EB06F20E9A18D84F965C6044AC8854B8', x'D043C93EBE105B41BC3ADFA459738707');
INSERT INTO CD_SET_MEM_ASSOC_TBL (CD_ID, SET_ID) VALUES (x'4CFAD2EB41A42944AAC668D46D8C96BF', x'D043C93EBE105B41BC3ADFA459738707');
INSERT INTO CD_SET_MEM_ASSOC_TBL (CD_ID, SET_ID) VALUES (x'15192D61AF8F5D47A1906902591EB6DC', x'D043C93EBE105B41BC3ADFA459738707');
INSERT INTO CD_SET_MEM_ASSOC_TBL (CD_ID, SET_ID) VALUES (x'F1F0E9F821D33846A3A8043511EAECFC', x'D043C93EBE105B41BC3ADFA459738707');
INSERT INTO CD_SET_MEM_ASSOC_TBL (CD_ID, SET_ID) VALUES (x'83FDBECE66E36442BA1370CFB2B4CDB2', x'D043C93EBE105B41BC3ADFA459738707');
INSERT INTO CD_SET_MEM_ASSOC_TBL (CD_ID, SET_ID) VALUES (x'E890D1958222C84AA53A02B49D9D3A8C', x'D043C93EBE105B41BC3ADFA459738707');
INSERT INTO CD_SET_MEM_ASSOC_TBL (CD_ID, SET_ID) VALUES (x'F072A54E6DC83948BD45344285157C92', x'D043C93EBE105B41BC3ADFA459738707');
INSERT INTO CD_SET_MEM_ASSOC_TBL (CD_ID, SET_ID) VALUES (x'C56FEC8652B94E4E8407AA3369AA5D51', x'D043C93EBE105B41BC3ADFA459738707');
INSERT INTO CD_SET_MEM_ASSOC_TBL (CD_ID, SET_ID) VALUES (x'72485D41D55C3040B4B8677959A2DD1A', x'D043C93EBE105B41BC3ADFA459738707');
INSERT INTO CD_SET_MEM_ASSOC_TBL (CD_ID, SET_ID) VALUES (x'D97CC7D4D8EE62449A442AB5AF40B711', x'D043C93EBE105B41BC3ADFA459738707');
INSERT INTO CD_SET_MEM_ASSOC_TBL (CD_ID, SET_ID) VALUES (x'BE6D7D3CD03DCC4D917DD932375C021E', x'D043C93EBE105B41BC3ADFA459738707');
INSERT INTO CD_SET_MEM_ASSOC_TBL (CD_ID, SET_ID) VALUES (x'9DD6D1652C896149837991C5AA70D16E', x'D043C93EBE105B41BC3ADFA459738707');
INSERT INTO CD_SET_MEM_ASSOC_TBL (CD_ID, SET_ID) VALUES (x'437426EDFC265F4E96470C0AB3AD5696', x'D043C93EBE105B41BC3ADFA459738707');
INSERT INTO CD_SET_MEM_ASSOC_TBL (CD_ID, SET_ID) VALUES (x'B8EDF4719FFF3641BB66EFEE62CE4A74', x'D043C93EBE105B41BC3ADFA459738707');
INSERT INTO CD_SET_MEM_ASSOC_TBL (CD_ID, SET_ID) VALUES (x'BC4C7C6C19553B46B23D31DC0238B172', x'D043C93EBE105B41BC3ADFA459738707');
INSERT INTO CD_SET_MEM_ASSOC_TBL (CD_ID, SET_ID) VALUES (x'915DF1CAAFDC014288BB1F41D116D01C', x'D043C93EBE105B41BC3ADFA459738707');
INSERT INTO CD_SET_MEM_ASSOC_TBL (CD_ID, SET_ID) VALUES (x'C2927BD409AE134DBC452D545706E731', x'D043C93EBE105B41BC3ADFA459738707');
INSERT INTO CD_SET_MEM_ASSOC_TBL (CD_ID, SET_ID) VALUES (x'AEA18D9255DB0F45812973E7D1218653', x'D043C93EBE105B41BC3ADFA459738707');
INSERT INTO CD_SET_MEM_ASSOC_TBL (CD_ID, SET_ID) VALUES (x'E9E699EA42BA8F4FB0F7CFB46B5DF629', x'D043C93EBE105B41BC3ADFA459738707');
INSERT INTO CD_SET_MEM_ASSOC_TBL (CD_ID, SET_ID) VALUES (x'AABFB0AB82309442B8F65E9EC041B5A0', x'D043C93EBE105B41BC3ADFA459738707');
INSERT INTO CD_SET_MEM_ASSOC_TBL (CD_ID, SET_ID) VALUES (x'1C2F8F0B0B199645891288D21D367EE1', x'D043C93EBE105B41BC3ADFA459738707');
INSERT INTO CD_SET_MEM_ASSOC_TBL (CD_ID, SET_ID) VALUES (x'820E4AA5FAA79C4AB36F39E976BBE29A', x'D043C93EBE105B41BC3ADFA459738707');
INSERT INTO CD_SET_MEM_ASSOC_TBL (CD_ID, SET_ID) VALUES (x'523A8164EC19E843AEA9E7527CDEA88A', x'D043C93EBE105B41BC3ADFA459738707');
INSERT INTO CD_SET_MEM_ASSOC_TBL (CD_ID, SET_ID) VALUES (x'853402985FF851418330C4ADFDE0B579', x'D043C93EBE105B41BC3ADFA459738707');
INSERT INTO CD_SET_MEM_ASSOC_TBL (CD_ID, SET_ID) VALUES (x'5626C3EE6AFADC4091452487F1E561EF', x'D043C93EBE105B41BC3ADFA459738707');
INSERT INTO CD_SET_MEM_ASSOC_TBL (CD_ID, SET_ID) VALUES (x'32B72E192622A844A802FE694C581A41', x'D043C93EBE105B41BC3ADFA459738707');
INSERT INTO CD_SET_MEM_ASSOC_TBL (CD_ID, SET_ID) VALUES (x'A795B5B8179C124D958A8B098ABDC638', x'D043C93EBE105B41BC3ADFA459738707');
INSERT INTO CD_SET_MEM_ASSOC_TBL (CD_ID, SET_ID) VALUES (x'A32DE0BE99A5144D905338CE443BC2B8', x'D043C93EBE105B41BC3ADFA459738707');
INSERT INTO CD_SET_MEM_ASSOC_TBL (CD_ID, SET_ID) VALUES (x'4B85B0B68F94EE47B3C2688BD722AEAC', x'D043C93EBE105B41BC3ADFA459738707');
INSERT INTO CD_SET_MEM_ASSOC_TBL (CD_ID, SET_ID) VALUES (x'77ED8C31D6CCD048B16F6EA4BE00A586', x'D043C93EBE105B41BC3ADFA459738707');
INSERT INTO CD_SET_MEM_ASSOC_TBL (CD_ID, SET_ID) VALUES (x'B3CA93F1FACF714699AF6BE949BA96AA', x'D043C93EBE105B41BC3ADFA459738707');
INSERT INTO CD_SET_MEM_ASSOC_TBL (CD_ID, SET_ID) VALUES (x'10C8CB2BBC5337439C0C303C52356659', x'D043C93EBE105B41BC3ADFA459738707');
INSERT INTO CD_SET_MEM_ASSOC_TBL (CD_ID, SET_ID) VALUES (x'543E76C8A64ED44FAE315644BA0CBE0C', x'D043C93EBE105B41BC3ADFA459738707');
INSERT INTO CD_SET_MEM_ASSOC_TBL (CD_ID, SET_ID) VALUES (x'590B18B2B279F54C9EA2FB36D9AD8C03', x'D043C93EBE105B41BC3ADFA459738707');
INSERT INTO CD_SET_MEM_ASSOC_TBL (CD_ID, SET_ID) VALUES (x'778E57CAC2BC054395D5FFE559318AEA', x'D043C93EBE105B41BC3ADFA459738707');
INSERT INTO CD_SET_MEM_ASSOC_TBL (CD_ID, SET_ID) VALUES (x'910E8E7C4978054DA9E92663F3C738DB', x'D043C93EBE105B41BC3ADFA459738707');
INSERT INTO CD_SET_MEM_ASSOC_TBL (CD_ID, SET_ID) VALUES (x'C16D3CF7F4DD8142A4CF2DAFB8996B19', x'D043C93EBE105B41BC3ADFA459738707');
INSERT INTO CD_SET_MEM_ASSOC_TBL (CD_ID, SET_ID) VALUES (x'FB3198439B27634CA2CAAA24A95BCECB', x'D043C93EBE105B41BC3ADFA459738707');
INSERT INTO CD_SET_MEM_ASSOC_TBL (CD_ID, SET_ID) VALUES (x'5DC30C4B5CE0C446AFD82A03ECFE6DF1', x'D043C93EBE105B41BC3ADFA459738707');
INSERT INTO CD_SET_MEM_ASSOC_TBL (CD_ID, SET_ID) VALUES (x'67607DA6583ECD4299D3B3B25F9C0B1E', x'D043C93EBE105B41BC3ADFA459738707');
INSERT INTO CD_SET_MEM_ASSOC_TBL (CD_ID, SET_ID) VALUES (x'82267DC12BAA1A42A096F5D634234218', x'D043C93EBE105B41BC3ADFA459738707');
INSERT INTO CD_SET_MEM_ASSOC_TBL (CD_ID, SET_ID) VALUES (x'989BCCE0E12DA74C9CC915CD488AE7AD', x'D043C93EBE105B41BC3ADFA459738707');
INSERT INTO CD_SET_MEM_ASSOC_TBL (CD_ID, SET_ID) VALUES (x'EF0A0DC75FFCB648A2AB940667923DD1', x'D043C93EBE105B41BC3ADFA459738707');
INSERT INTO CD_SET_MEM_ASSOC_TBL (CD_ID, SET_ID) VALUES (x'5030B73533B4B44C972AD8E2CDA72C7E', x'D043C93EBE105B41BC3ADFA459738707');
INSERT INTO CD_SET_MEM_ASSOC_TBL (CD_ID, SET_ID) VALUES (x'BB65BFC849A72C4CA8412E3B3B4B4CA1', x'D043C93EBE105B41BC3ADFA459738707');
INSERT INTO CD_SET_MEM_ASSOC_TBL (CD_ID, SET_ID) VALUES (x'A864DC387534B140862138673DD243D1', x'D043C93EBE105B41BC3ADFA459738707');
INSERT INTO CD_SET_MEM_ASSOC_TBL (CD_ID, SET_ID) VALUES (x'523F72F404E85341864955A8C8CD0263', x'D043C93EBE105B41BC3ADFA459738707');
INSERT INTO CD_SET_MEM_ASSOC_TBL (CD_ID, SET_ID) VALUES (x'282F9EF9C8492843AD66EC57950C758E', x'D043C93EBE105B41BC3ADFA459738707');
INSERT INTO CD_SET_MEM_ASSOC_TBL (CD_ID, SET_ID) VALUES (x'ABC565D3D24AD740AFC20CDC734D2B4F', x'D043C93EBE105B41BC3ADFA459738707');
INSERT INTO CD_SET_MEM_ASSOC_TBL (CD_ID, SET_ID) VALUES (x'90D62DCD879B5E4FA0877BD0B1CF9248', x'D043C93EBE105B41BC3ADFA459738707');
INSERT INTO CD_SET_MEM_ASSOC_TBL (CD_ID, SET_ID) VALUES (x'371F4B9C28748B4F84A7C08E8FF1FCE0', x'D043C93EBE105B41BC3ADFA459738707');
INSERT INTO CD_SET_MEM_ASSOC_TBL (CD_ID, SET_ID) VALUES (x'44E3B187545ACE468668FF4D2363F61B', x'D043C93EBE105B41BC3ADFA459738707');
INSERT INTO CD_SET_MEM_ASSOC_TBL (CD_ID, SET_ID) VALUES (x'3FE1310371F4BD4F92DC66E0A46239D5', x'D043C93EBE105B41BC3ADFA459738707');
INSERT INTO CD_SET_MEM_ASSOC_TBL (CD_ID, SET_ID) VALUES (x'57A0847DCC1F5440A51FB77D230FC6D1', x'D043C93EBE105B41BC3ADFA459738707');
INSERT INTO CD_SET_MEM_ASSOC_TBL (CD_ID, SET_ID) VALUES (x'21357A6E67290A4C80EC6C5C197B2178', x'D043C93EBE105B41BC3ADFA459738707');
INSERT INTO CD_SET_MEM_ASSOC_TBL (CD_ID, SET_ID) VALUES (x'886BBEF38FBC6342A77986F21EA10A47', x'D043C93EBE105B41BC3ADFA459738707');
INSERT INTO CD_SET_MEM_ASSOC_TBL (CD_ID, SET_ID) VALUES (x'E9414909DBA3B548862CBC289BD7F86C', x'3CCDEEE9807BF9479CB655C8D3110FB0');
INSERT INTO CD_SET_MEM_ASSOC_TBL (CD_ID, SET_ID) VALUES (x'BBA6E3F42E61B2469F77FF844D971198', x'3CCDEEE9807BF9479CB655C8D3110FB0');
INSERT INTO CD_SET_MEM_ASSOC_TBL (CD_ID, SET_ID) VALUES (x'82A794AE851441429BCA5B09DB2156BF', x'3CCDEEE9807BF9479CB655C8D3110FB0');
 INSERT INTO CD_SET_MEM_ASSOC_TBL (CD_ID, SET_ID) VALUES (x'03ABF20F0A6ED140894704C4937B4CC4', x'67A616EE85200A44B1E74032D10B9F40');
 INSERT INTO CD_SET_MEM_ASSOC_TBL (CD_ID, SET_ID) VALUES (x'530D382422EA20489F068671F774F133', x'67A616EE85200A44B1E74032D10B9F40');
 INSERT INTO CD_SET_MEM_ASSOC_TBL (CD_ID, SET_ID) VALUES (x'E2874C0AC3166143BE3CDD765EE4BC7D', x'67A616EE85200A44B1E74032D10B9F40');
 INSERT INTO CD_SET_MEM_ASSOC_TBL (CD_ID, SET_ID) VALUES (x'D05794735A839C4A811C42B5E92ED1CA', x'67A616EE85200A44B1E74032D10B9F40');
 INSERT INTO CD_SET_MEM_ASSOC_TBL (CD_ID, SET_ID) VALUES (x'695BA28FC2C9404C84C10EA9641A12EC', x'67A616EE85200A44B1E74032D10B9F40');
 INSERT INTO CD_SET_MEM_ASSOC_TBL (CD_ID, SET_ID) VALUES (x'3726FEAB38D39040B3A53EC19A47BE6A', x'67A616EE85200A44B1E74032D10B9F40');
 INSERT INTO CD_SET_MEM_ASSOC_TBL (CD_ID, SET_ID) VALUES (x'9231F28B75DEEB48ABEE81A9A15332F8', x'67A616EE85200A44B1E74032D10B9F40');
 INSERT INTO CD_SET_MEM_ASSOC_TBL (CD_ID, SET_ID) VALUES (x'1C930F1C499C524A8FBF5217C52EA778', x'67A616EE85200A44B1E74032D10B9F40');
 INSERT INTO CD_SET_MEM_ASSOC_TBL (CD_ID, SET_ID) VALUES (x'3C1A186A41722543B011630D3CA6DC4A', x'67A616EE85200A44B1E74032D10B9F40');
 INSERT INTO CD_SET_MEM_ASSOC_TBL (CD_ID, SET_ID) VALUES (x'D82E4B2B0CF99341870AF48BC39657C1', x'67A616EE85200A44B1E74032D10B9F40');
 INSERT INTO CD_SET_MEM_ASSOC_TBL (CD_ID, SET_ID) VALUES (x'3FB465810381D34EBAC64FC0DF8C1A84', x'67A616EE85200A44B1E74032D10B9F40');
 INSERT INTO CD_SET_MEM_ASSOC_TBL (CD_ID, SET_ID) VALUES (x'73671DE8E3972D4BB6A3A4624BA5C6A9', x'67A616EE85200A44B1E74032D10B9F40');
 INSERT INTO CD_SET_MEM_ASSOC_TBL (CD_ID, SET_ID) VALUES (x'E7F0FD76E0CFB4479630C645F254CDFD', x'67A616EE85200A44B1E74032D10B9F40');
 INSERT INTO CD_SET_MEM_ASSOC_TBL (CD_ID, SET_ID) VALUES (x'E282B13D3B65FD4BA30032F23345D1C0', x'67A616EE85200A44B1E74032D10B9F40');
 INSERT INTO CD_SET_MEM_ASSOC_TBL (CD_ID, SET_ID) VALUES (x'C76ED638C80C09469675B6FF91EDE605', x'67A616EE85200A44B1E74032D10B9F40');
 INSERT INTO CD_SET_MEM_ASSOC_TBL (CD_ID, SET_ID) VALUES (x'CC8ED140F88F034E8E5897A980F04060', x'67A616EE85200A44B1E74032D10B9F40');
 INSERT INTO CD_SET_MEM_ASSOC_TBL (CD_ID, SET_ID) VALUES (x'81DD01B41C93AD4A8FD822A6AC2EA3DC', x'67A616EE85200A44B1E74032D10B9F40');
 INSERT INTO CD_SET_MEM_ASSOC_TBL (CD_ID, SET_ID) VALUES (x'5D4BE2BF329CF34DAD7BEAA19E7D4AFB', x'67A616EE85200A44B1E74032D10B9F40');
 INSERT INTO CD_SET_MEM_ASSOC_TBL (CD_ID, SET_ID) VALUES (x'45C3FB02251A784FAEEAA12584A1EEC3', x'67A616EE85200A44B1E74032D10B9F40');
 INSERT INTO CD_SET_MEM_ASSOC_TBL (CD_ID, SET_ID) VALUES (x'11EB8F5281AE6A42BE1FCE74C83009EB', x'67A616EE85200A44B1E74032D10B9F40');
 INSERT INTO CD_SET_MEM_ASSOC_TBL (CD_ID, SET_ID) VALUES (x'4494C548C0FEB843AA2C7AEDB70733AD', x'67A616EE85200A44B1E74032D10B9F40');
 INSERT INTO CD_SET_MEM_ASSOC_TBL (CD_ID, SET_ID) VALUES (x'2CBA30B6008AD846BF64870D381D8917', x'67A616EE85200A44B1E74032D10B9F40');
 INSERT INTO CD_SET_MEM_ASSOC_TBL (CD_ID, SET_ID) VALUES (x'A2DD3AC3EDA492408D9CB8E3FBD5D90B', x'67A616EE85200A44B1E74032D10B9F40');
 INSERT INTO CD_SET_MEM_ASSOC_TBL (CD_ID, SET_ID) VALUES (x'3F99B13C03373F4587BE21B606DB7631', x'67A616EE85200A44B1E74032D10B9F40');
 INSERT INTO CD_SET_MEM_ASSOC_TBL (CD_ID, SET_ID) VALUES (x'6344A6F775BCD444A8CAC9FBC2C87175', x'67A616EE85200A44B1E74032D10B9F40');
 INSERT INTO CD_SET_MEM_ASSOC_TBL (CD_ID, SET_ID) VALUES (x'F96D64FA647D1F4DAE9A6261FD5FD6AE', x'67A616EE85200A44B1E74032D10B9F40');
 INSERT INTO CD_SET_MEM_ASSOC_TBL (CD_ID, SET_ID) VALUES (x'F2E2CA25ECD1FE4EA92FD479785F7D8A', x'67A616EE85200A44B1E74032D10B9F40');
 INSERT INTO CD_SET_MEM_ASSOC_TBL (CD_ID, SET_ID) VALUES (x'B9EC528462D74A4C96B281D130CB729B', x'67A616EE85200A44B1E74032D10B9F40');
 INSERT INTO CD_SET_MEM_ASSOC_TBL (CD_ID, SET_ID) VALUES (x'80C642CE83A7DE4CBCD1E261D6FD68A0', x'67A616EE85200A44B1E74032D10B9F40');
 INSERT INTO CD_SET_MEM_ASSOC_TBL (CD_ID, SET_ID) VALUES (x'4CA4AC627CB5FD449703FCDFF97C04B6', x'67A616EE85200A44B1E74032D10B9F40');
 INSERT INTO CD_SET_MEM_ASSOC_TBL (CD_ID, SET_ID) VALUES (x'5D35EA96680C1F488B6F1B00A101AB8F', x'67A616EE85200A44B1E74032D10B9F40');
 INSERT INTO CD_SET_MEM_ASSOC_TBL (CD_ID, SET_ID) VALUES (x'E5CD74D8767D1D4F97E6DB7E82BAC958', x'67A616EE85200A44B1E74032D10B9F40');
 INSERT INTO CD_SET_MEM_ASSOC_TBL (CD_ID, SET_ID) VALUES (x'D1D0E6AB374E7C4B9ACCEEDB2C36F9CD', x'67A616EE85200A44B1E74032D10B9F40');
 INSERT INTO CD_SET_MEM_ASSOC_TBL (CD_ID, SET_ID) VALUES (x'E6724FFEF8847642AE642EF1F2FF406F', x'67A616EE85200A44B1E74032D10B9F40');
 INSERT INTO CD_SET_MEM_ASSOC_TBL (CD_ID, SET_ID) VALUES (x'D387BC591816144F81D271072C1F37E9', x'67A616EE85200A44B1E74032D10B9F40');
 INSERT INTO CD_SET_MEM_ASSOC_TBL (CD_ID, SET_ID) VALUES (x'776A0F36B5FDB64FB2233CD1047FD08E', x'67A616EE85200A44B1E74032D10B9F40');
 INSERT INTO CD_SET_MEM_ASSOC_TBL (CD_ID, SET_ID) VALUES (x'2B8313EA382EB64BB55DAE749CCABA95', x'67A616EE85200A44B1E74032D10B9F40');
 INSERT INTO CD_SET_MEM_ASSOC_TBL (CD_ID, SET_ID) VALUES (x'D1DBE0666590F84A808D89EDD302F264', x'67A616EE85200A44B1E74032D10B9F40');
 INSERT INTO CD_SET_MEM_ASSOC_TBL (CD_ID, SET_ID) VALUES (x'E564FF2964B51A4192C76818C02A9E48', x'67A616EE85200A44B1E74032D10B9F40');
 INSERT INTO CD_SET_MEM_ASSOC_TBL (CD_ID, SET_ID) VALUES (x'8A9841F9551C0844AB57E9ED35B2A24D', x'67A616EE85200A44B1E74032D10B9F40');
 INSERT INTO CD_SET_MEM_ASSOC_TBL (CD_ID, SET_ID) VALUES (x'469C294E6FF0FC4EB3C0B7B659A120F2', x'67A616EE85200A44B1E74032D10B9F40');
 INSERT INTO CD_SET_MEM_ASSOC_TBL (CD_ID, SET_ID) VALUES (x'B11EF1DAC2FC2145A1C0DAEBAF0A923A', x'67A616EE85200A44B1E74032D10B9F40');
 INSERT INTO CD_SET_MEM_ASSOC_TBL (CD_ID, SET_ID) VALUES (x'757E098032A29F4A878F7E60EC70F921', x'67A616EE85200A44B1E74032D10B9F40');
 INSERT INTO CD_SET_MEM_ASSOC_TBL (CD_ID, SET_ID) VALUES (x'D2F15A5C6D0E8F4595743AD61C393A90', x'67A616EE85200A44B1E74032D10B9F40');
 INSERT INTO CD_SET_MEM_ASSOC_TBL (CD_ID, SET_ID) VALUES (x'0B893D23EF04654399AD26CB4E1F75F3', x'67A616EE85200A44B1E74032D10B9F40');
 INSERT INTO CD_SET_MEM_ASSOC_TBL (CD_ID, SET_ID) VALUES (x'BCDE888E75D1F3469B48106F9C151CD2', x'67A616EE85200A44B1E74032D10B9F40');
 INSERT INTO CD_SET_MEM_ASSOC_TBL (CD_ID, SET_ID) VALUES (x'2A96500AB460D844A7F61EB2AA5967CC', x'67A616EE85200A44B1E74032D10B9F40');
 INSERT INTO CD_SET_MEM_ASSOC_TBL (CD_ID, SET_ID) VALUES (x'D8E407A923D88F479C5A6FACAE6B4B5B', x'67A616EE85200A44B1E74032D10B9F40');
 INSERT INTO CD_SET_MEM_ASSOC_TBL (CD_ID, SET_ID) VALUES (x'9A689D059223FB4FB6AE682C9DED8DA2', x'67A616EE85200A44B1E74032D10B9F40');
 INSERT INTO CD_SET_MEM_ASSOC_TBL (CD_ID, SET_ID) VALUES (x'391B85E671A75E4A8AA89BA140B3DCA3', x'67A616EE85200A44B1E74032D10B9F40');
 INSERT INTO CD_SET_MEM_ASSOC_TBL (CD_ID, SET_ID) VALUES (x'65FB890B8ECA4D4A9D250BAE3F4D7A59', x'67A616EE85200A44B1E74032D10B9F40');
 INSERT INTO CD_SET_MEM_ASSOC_TBL (CD_ID, SET_ID) VALUES (x'7D1DA28EE96E9B44A1DCC4AA0FF7F5B9', x'67A616EE85200A44B1E74032D10B9F40');
 INSERT INTO CD_SET_MEM_ASSOC_TBL (CD_ID, SET_ID) VALUES (x'8B9E1E6AC3D0F0449906A6458685E269', x'67A616EE85200A44B1E74032D10B9F40');
 INSERT INTO CD_SET_MEM_ASSOC_TBL (CD_ID, SET_ID) VALUES (x'56FEAF606D12EE439FDE5F117E41C7A8', x'67A616EE85200A44B1E74032D10B9F40');
 INSERT INTO CD_SET_MEM_ASSOC_TBL (CD_ID, SET_ID) VALUES (x'58C7EE0A0FC2E44397898C44629F5941', x'67A616EE85200A44B1E74032D10B9F40');
 INSERT INTO CD_SET_MEM_ASSOC_TBL (CD_ID, SET_ID) VALUES (x'03A2CB0F38120140BEB719A667506ADE', x'67A616EE85200A44B1E74032D10B9F40');
 INSERT INTO CD_SET_MEM_ASSOC_TBL (CD_ID, SET_ID) VALUES (x'5089A9089133664AA1C8421C6FD82911', x'67A616EE85200A44B1E74032D10B9F40');
 INSERT INTO CD_SET_MEM_ASSOC_TBL (CD_ID, SET_ID) VALUES (x'39C9D52F08C550428EFB13B772E56B7F', x'67A616EE85200A44B1E74032D10B9F40');
 INSERT INTO CD_SET_MEM_ASSOC_TBL (CD_ID, SET_ID) VALUES (x'DB07DBBF2197C34E94E14BD9F0D6985C', x'67A616EE85200A44B1E74032D10B9F40');
 INSERT INTO CD_SET_MEM_ASSOC_TBL (CD_ID, SET_ID) VALUES (x'A462D3A33149EF4BAF18AC59DD092981', x'67A616EE85200A44B1E74032D10B9F40');
 INSERT INTO CD_SET_MEM_ASSOC_TBL (CD_ID, SET_ID) VALUES (x'45B3CBBFDB86BA43B47EE7411276AC7C', x'67A616EE85200A44B1E74032D10B9F40');
 INSERT INTO CD_SET_MEM_ASSOC_TBL (CD_ID, SET_ID) VALUES (x'FE0A2B5E4E72CD419BE29030646F2529', x'67A616EE85200A44B1E74032D10B9F40');
 INSERT INTO CD_SET_MEM_ASSOC_TBL (CD_ID, SET_ID) VALUES (x'DE853C8517482843A1216A3BDAFBF82E', x'67A616EE85200A44B1E74032D10B9F40');
 INSERT INTO CD_SET_MEM_ASSOC_TBL (CD_ID, SET_ID) VALUES (x'EDC1FABB6454004193C38685B052A2CF', x'67A616EE85200A44B1E74032D10B9F40');
 INSERT INTO CD_SET_MEM_ASSOC_TBL (CD_ID, SET_ID) VALUES (x'06B55E68976BC141B201B6B932A3F3AA', x'67A616EE85200A44B1E74032D10B9F40');
 INSERT INTO CD_SET_MEM_ASSOC_TBL (CD_ID, SET_ID) VALUES (x'F82C89FD4FDB4E4EA13B4EB3BDDE5BE5', x'67A616EE85200A44B1E74032D10B9F40');
 INSERT INTO CD_SET_MEM_ASSOC_TBL (CD_ID, SET_ID) VALUES (x'9852AB2E83BC2C499004ED3499246AFE', x'67A616EE85200A44B1E74032D10B9F40');
 INSERT INTO CD_SET_MEM_ASSOC_TBL (CD_ID, SET_ID) VALUES (x'04891ECDDC317443902DC91F1DE23C46', x'67A616EE85200A44B1E74032D10B9F40');
 INSERT INTO CD_SET_MEM_ASSOC_TBL (CD_ID, SET_ID) VALUES (x'1897AEDC81AB3747B07136CF1175804D', x'67A616EE85200A44B1E74032D10B9F40');
 INSERT INTO CD_SET_MEM_ASSOC_TBL (CD_ID, SET_ID) VALUES (x'CFD4179F7FA6C64A8C50718AF6E264EE', x'67A616EE85200A44B1E74032D10B9F40');
 INSERT INTO CD_SET_MEM_ASSOC_TBL (CD_ID, SET_ID) VALUES (x'92BA50CE21CDC443858234E7FBB3170F', x'67A616EE85200A44B1E74032D10B9F40');
 INSERT INTO CD_SET_MEM_ASSOC_TBL (CD_ID, SET_ID) VALUES (x'04C215F18584F34C88153C6738465E30', x'67A616EE85200A44B1E74032D10B9F40');
 INSERT INTO CD_SET_MEM_ASSOC_TBL (CD_ID, SET_ID) VALUES (x'5062CDDE8B7E774B895D31953CF1387A', x'67A616EE85200A44B1E74032D10B9F40');
 INSERT INTO CD_SET_MEM_ASSOC_TBL (CD_ID, SET_ID) VALUES (x'11BCF73488221A47AF38553AE6B8410C', x'67A616EE85200A44B1E74032D10B9F40');
 INSERT INTO CD_SET_MEM_ASSOC_TBL (CD_ID, SET_ID) VALUES (x'7BC5BD895CD8854E94E8C17049540A0D', x'67A616EE85200A44B1E74032D10B9F40');
 INSERT INTO CD_SET_MEM_ASSOC_TBL (CD_ID, SET_ID) VALUES (x'7B095159131ACE4BBBF29ABF52F98DC8', x'67A616EE85200A44B1E74032D10B9F40');
 INSERT INTO CD_SET_MEM_ASSOC_TBL (CD_ID, SET_ID) VALUES (x'17F9DE4CB04FDF4CB44DB73486C41845', x'67A616EE85200A44B1E74032D10B9F40');
 INSERT INTO CD_SET_MEM_ASSOC_TBL (CD_ID, SET_ID) VALUES (x'3A191EF76205E94699DD437D23663EC3', x'67A616EE85200A44B1E74032D10B9F40');
 INSERT INTO CD_SET_MEM_ASSOC_TBL (CD_ID, SET_ID) VALUES (x'4D7E43BB7274C148A6E7576545A782FA', x'67A616EE85200A44B1E74032D10B9F40');
 INSERT INTO CD_SET_MEM_ASSOC_TBL (CD_ID, SET_ID) VALUES (x'CC39055A3B098E44AEC60D529ED0087F', x'67A616EE85200A44B1E74032D10B9F40');
 INSERT INTO CD_SET_MEM_ASSOC_TBL (CD_ID, SET_ID) VALUES (x'E7EE72F14B7F224081D076393A1200AE', x'67A616EE85200A44B1E74032D10B9F40');
 INSERT INTO CD_SET_MEM_ASSOC_TBL (CD_ID, SET_ID) VALUES (x'5DC26B7EEA5D4546AF3DAA854B7B6F2F', x'67A616EE85200A44B1E74032D10B9F40');
 INSERT INTO CD_SET_MEM_ASSOC_TBL (CD_ID, SET_ID) VALUES (x'85D073CB6C02C74BA1DE356BFD636246', x'67A616EE85200A44B1E74032D10B9F40');
 INSERT INTO CD_SET_MEM_ASSOC_TBL (CD_ID, SET_ID) VALUES (x'F478A9CF0C140D4382F81E6F2D74F48D', x'67A616EE85200A44B1E74032D10B9F40');
 INSERT INTO CD_SET_MEM_ASSOC_TBL (CD_ID, SET_ID) VALUES (x'6092D9CD7C104E4AACAFD7C9C7E90FDD', x'67A616EE85200A44B1E74032D10B9F40');
 INSERT INTO CD_SET_MEM_ASSOC_TBL (CD_ID, SET_ID) VALUES (x'3E42FFA3D58171458EDF03C295189A23', x'67A616EE85200A44B1E74032D10B9F40');
 INSERT INTO CD_SET_MEM_ASSOC_TBL (CD_ID, SET_ID) VALUES (x'03ABF20F0A6ED140894704C4937B4CC4',x'402F69D33310EA4894CB31FC0F352A4E');
INSERT INTO CD_SET_MEM_ASSOC_TBL (CD_ID, SET_ID) VALUES (x'2A96500AB460D844A7F61EB2AA5967CC',x'402F69D33310EA4894CB31FC0F352A4E');
INSERT INTO CD_SET_MEM_ASSOC_TBL (CD_ID, SET_ID) VALUES (x'D2F15A5C6D0E8F4595743AD61C393A90',x'402F69D33310EA4894CB31FC0F352A4E');
INSERT INTO CD_SET_MEM_ASSOC_TBL (CD_ID, SET_ID) VALUES (x'D05794735A839C4A811C42B5E92ED1CA',x'402F69D33310EA4894CB31FC0F352A4E');
INSERT INTO CD_SET_MEM_ASSOC_TBL (CD_ID, SET_ID) VALUES (x'1C930F1C499C524A8FBF5217C52EA778',x'402F69D33310EA4894CB31FC0F352A4E');
INSERT INTO CD_SET_MEM_ASSOC_TBL (CD_ID, SET_ID) VALUES (x'F96D64FA647D1F4DAE9A6261FD5FD6AE',x'402F69D33310EA4894CB31FC0F352A4E');
INSERT INTO CD_SET_MEM_ASSOC_TBL (CD_ID, SET_ID) VALUES (x'E564FF2964B51A4192C76818C02A9E48',x'402F69D33310EA4894CB31FC0F352A4E');
INSERT INTO CD_SET_MEM_ASSOC_TBL (CD_ID, SET_ID) VALUES (x'E7EE72F14B7F224081D076393A1200AE',x'402F69D33310EA4894CB31FC0F352A4E');
INSERT INTO CD_SET_MEM_ASSOC_TBL (CD_ID, SET_ID) VALUES (x'4494C548C0FEB843AA2C7AEDB70733AD',x'402F69D33310EA4894CB31FC0F352A4E');
INSERT INTO CD_SET_MEM_ASSOC_TBL (CD_ID, SET_ID) VALUES (x'530D382422EA20489F068671F774F133',x'402F69D33310EA4894CB31FC0F352A4E');
INSERT INTO CD_SET_MEM_ASSOC_TBL (CD_ID, SET_ID) VALUES (x'2CBA30B6008AD846BF64870D381D8917',x'402F69D33310EA4894CB31FC0F352A4E');
INSERT INTO CD_SET_MEM_ASSOC_TBL (CD_ID, SET_ID) VALUES (x'CC8ED140F88F034E8E5897A980F04060',x'402F69D33310EA4894CB31FC0F352A4E');
INSERT INTO CD_SET_MEM_ASSOC_TBL (CD_ID, SET_ID) VALUES (x'C76ED638C80C09469675B6FF91EDE605',x'402F69D33310EA4894CB31FC0F352A4E');
INSERT INTO CD_SET_MEM_ASSOC_TBL (CD_ID, SET_ID) VALUES (x'7BC5BD895CD8854E94E8C17049540A0D',x'402F69D33310EA4894CB31FC0F352A4E');
INSERT INTO CD_SET_MEM_ASSOC_TBL (CD_ID, SET_ID) VALUES (x'04891ECDDC317443902DC91F1DE23C46',x'402F69D33310EA4894CB31FC0F352A4E');
INSERT INTO CD_SET_MEM_ASSOC_TBL (CD_ID, SET_ID) VALUES (x'6092D9CD7C104E4AACAFD7C9C7E90FDD',x'402F69D33310EA4894CB31FC0F352A4E');
INSERT INTO CD_SET_MEM_ASSOC_TBL (CD_ID, SET_ID) VALUES (x'45B3CBBFDB86BA43B47EE7411276AC7C',x'402F69D33310EA4894CB31FC0F352A4E');
INSERT INTO CD_SET_MEM_ASSOC_TBL (CD_ID, SET_ID) VALUES (x'9852AB2E83BC2C499004ED3499246AFE',x'402F69D33310EA4894CB31FC0F352A4E');
INSERT INTO CD_SET_MEM_ASSOC_TBL (CD_ID, SET_ID) VALUES (x'4CA4AC627CB5FD449703FCDFF97C04B6',x'402F69D33310EA4894CB31FC0F352A4E');
INSERT INTO CD_SET_MEM_ASSOC_TBL (CD_ID, SET_ID) VALUES (x'D2C1E57E211AB1418459CB160FA36C60', x'D043C93EBE105B41BC3ADFA459738707');
INSERT INTO CD_SET_MEM_ASSOC_TBL (CD_ID, SET_ID) VALUES (x'58201171F963384B97D94CCF58574E51', x'D043C93EBE105B41BC3ADFA459738707');
INSERT INTO CD_SET_MEM_ASSOC_TBL (CD_ID, SET_ID) VALUES (x'9533DF123BB41E42B505049515C228B1', x'D043C93EBE105B41BC3ADFA459738707');
INSERT INTO CD_SET_MEM_ASSOC_TBL (CD_ID, SET_ID) VALUES (x'EC1A078B63909843B242E561915ABB51', x'D043C93EBE105B41BC3ADFA459738707');
INSERT INTO CD_SET_MEM_ASSOC_TBL (CD_ID, SET_ID) VALUES (x'6C1B3204195BA244BE7A4A53A221A456', x'D043C93EBE105B41BC3ADFA459738707');
INSERT INTO CD_SET_MEM_ASSOC_TBL (CD_ID, SET_ID) VALUES (x'C36229B3FAEA4641BBCD0E33789DE32C', x'D043C93EBE105B41BC3ADFA459738707');
INSERT INTO CD_SET_MEM_ASSOC_TBL (CD_ID, SET_ID) VALUES (x'623DC9938D04644EA0CE7F2F62A8EC6E', x'D043C93EBE105B41BC3ADFA459738707');
INSERT INTO CD_SET_MEM_ASSOC_TBL (CD_ID, SET_ID) VALUES (x'B87F3A57ADFEED4BB325C0FE68CE96CE', x'D043C93EBE105B41BC3ADFA459738707');
INSERT INTO CD_SET_MEM_ASSOC_TBL (CD_ID, SET_ID) VALUES (x'11845EDC3FCB7F4B8E0EFC1D1FF3B084', x'D043C93EBE105B41BC3ADFA459738707');
INSERT INTO CD_SET_MEM_ASSOC_TBL (CD_ID, SET_ID) VALUES (x'4ED27110E96F0F488A20B1825AE4D707', x'E0FDC562AAA3DF4594E9242F4451644A');
INSERT INTO CD_SET_MEM_ASSOC_TBL (CD_ID, SET_ID) VALUES (x'0DEFC58C1139994D937F6CFDC2A27D55', x'E0FDC562AAA3DF4594E9242F4451644A');
INSERT INTO CD_SET_MEM_ASSOC_TBL (CD_ID, SET_ID) VALUES (x'72CA58E66A3B9940AB6E7CF6861A5B61', x'4FE4A8E6570ABD4E80A95C53B7A03D76');
INSERT INTO CD_SET_MEM_ASSOC_TBL (CD_ID, SET_ID) VALUES (x'DFDE89B361BE6B45AA70786E1A5A69E0', x'4FE4A8E6570ABD4E80A95C53B7A03D76');
INSERT INTO CD_SET_MEM_ASSOC_TBL (CD_ID, SET_ID) VALUES (x'6F9CCDBAA93F1E48963637457962804D', x'67A56D4E9400234F855511DA499593AF');
INSERT INTO CD_SET_MEM_ASSOC_TBL (CD_ID, SET_ID) VALUES (x'A7DF34FFD3C68B4FBC9F14BCDC13BA6C', x'67A56D4E9400234F855511DA499593AF');
INSERT INTO CD_SET_MEM_ASSOC_TBL (CD_ID, SET_ID) VALUES (x'D8FE046B64C19C46910BF824C2BDA4F0', x'67A56D4E9400234F855511DA499593AF');

-- CONTAINER CAP ASSOCIATIONS
INSERT INTO CD_SET_MEM_ASSOC_TBL (CD_ID, SET_ID) VALUES (x'5595205A3AFB7D43B0430190685A4284', x'40CA3757DC579045AB3B54C9AFCCD55A');
INSERT INTO CD_SET_MEM_ASSOC_TBL (CD_ID, SET_ID) VALUES (x'2409631E10CE8A4AA91DE319F517A6EC', x'40CA3757DC579045AB3B54C9AFCCD55A');
INSERT INTO CD_SET_MEM_ASSOC_TBL (CD_ID, SET_ID) VALUES (x'FE206A26FBDF8D4C9EADFDC7CD86C552', x'40CA3757DC579045AB3B54C9AFCCD55A');
INSERT INTO CD_SET_MEM_ASSOC_TBL (CD_ID, SET_ID) VALUES (x'DB762BEEE9852F4190BB47A94F8E4C30', x'40CA3757DC579045AB3B54C9AFCCD55A');
INSERT INTO CD_SET_MEM_ASSOC_TBL (CD_ID, SET_ID) VALUES (x'BEA97064B4FC3D46BB0C894D0CDDD4C2', x'40CA3757DC579045AB3B54C9AFCCD55A');
INSERT INTO CD_SET_MEM_ASSOC_TBL (CD_ID, SET_ID) VALUES (x'F60DC447693FCC47A84C33037E4BFFD9', x'40CA3757DC579045AB3B54C9AFCCD55A');
INSERT INTO CD_SET_MEM_ASSOC_TBL (CD_ID, SET_ID) VALUES (x'7C5B6905F76BF74AA0C9A5C8B2E63E05', x'40CA3757DC579045AB3B54C9AFCCD55A');

-- CONTAINER SEPARATOR ASSOCIATIONS
INSERT INTO CD_SET_MEM_ASSOC_TBL (CD_ID, SET_ID) VALUES (x'F60F45EEED9B474C90D2671AB3041756', x'2678ACB9195D1E42A84861C3C8F563A2');
INSERT INTO CD_SET_MEM_ASSOC_TBL (CD_ID, SET_ID) VALUES (x'EB242547D4C8F849862AEF4BD7CA0395', x'2678ACB9195D1E42A84861C3C8F563A2');

-- Concept Versions

INSERT INTO CD_VRSN_TBL (CD_ID, STS_CD_ID, CRT_PROV_ID, MNEMONIC, CLS_ID) VALUES (x'BD4C06C806FA3045B4301A52F1530C27', x'BD4C06C806FA3045B4301A52F1530C27', x'76A0DCFA90366E4AAF9EF1CD68E8C7E8', 'ACTIVE', x'8231B95419FCA24782C6089FD70A4F45');
INSERT INTO CD_VRSN_TBL (CD_ID, STS_CD_ID, CRT_PROV_ID, MNEMONIC, CLS_ID) VALUES (x'905FEFBD9754264F956C8F818CCE2BD2', x'BD4C06C806FA3045B4301A52F1530C27', x'76A0DCFA90366E4AAF9EF1CD68E8C7E8', 'OBSOLETE', x'8231B95419FCA24782C6089FD70A4F45');
INSERT INTO CD_VRSN_TBL (CD_ID, STS_CD_ID, CRT_PROV_ID, MNEMONIC, CLS_ID) VALUES (x'F1CB4FC3FEE0894990FD0DC49E1B9685', x'BD4C06C806FA3045B4301A52F1530C27', x'76A0DCFA90366E4AAF9EF1CD68E8C7E8', 'NEW', x'8231B95419FCA24782C6089FD70A4F45');
INSERT INTO CD_VRSN_TBL (CD_ID, STS_CD_ID, CRT_PROV_ID, MNEMONIC, CLS_ID) VALUES (x'C4A34ACDD502C94C9088EF8F31E321C5', x'BD4C06C806FA3045B4301A52F1530C27', x'76A0DCFA90366E4AAF9EF1CD68E8C7E8', 'NULLFIIED', x'8231B95419FCA24782C6089FD70A4F45');
INSERT INTO CD_VRSN_TBL (CD_ID, STS_CD_ID, CRT_PROV_ID, MNEMONIC, CLS_ID) VALUES (x'A160D9BB5338134BB62AD768F93A08C5', x'BD4C06C806FA3045B4301A52F1530C27', x'76A0DCFA90366E4AAF9EF1CD68E8C7E8', 'DOCCLIN', x'5452FD17258CBB4AB246083FBE9AFA15');
INSERT INTO CD_VRSN_TBL (CD_ID, STS_CD_ID, CRT_PROV_ID, MNEMONIC, CLS_ID) VALUES (x'CF2C6C84025B3F4BBEB43D69CE7830DD', x'BD4C06C806FA3045B4301A52F1530C27', x'76A0DCFA90366E4AAF9EF1CD68E8C7E8', 'CONS', x'5452FD17258CBB4AB246083FBE9AFA15');
INSERT INTO CD_VRSN_TBL (CD_ID, STS_CD_ID, CRT_PROV_ID, MNEMONIC, CLS_ID) VALUES (x'34A64B0F0751AB4E965825BE293CD831', x'BD4C06C806FA3045B4301A52F1530C27', x'76A0DCFA90366E4AAF9EF1CD68E8C7E8', 'DOC', x'5452FD17258CBB4AB246083FBE9AFA15');
INSERT INTO CD_VRSN_TBL (CD_ID, STS_CD_ID, CRT_PROV_ID, MNEMONIC, CLS_ID) VALUES (x'B4F7572565E46549B016766F192131AB', x'BD4C06C806FA3045B4301A52F1530C27', x'76A0DCFA90366E4AAF9EF1CD68E8C7E8', 'DOCBODY', x'5452FD17258CBB4AB246083FBE9AFA15');
INSERT INTO CD_VRSN_TBL (CD_ID, STS_CD_ID, CRT_PROV_ID, MNEMONIC, CLS_ID) VALUES (x'7FC4984BA5EA2C47A2C697DDDC0CB68C', x'BD4C06C806FA3045B4301A52F1530C27', x'76A0DCFA90366E4AAF9EF1CD68E8C7E8', 'DOCSECT', x'5452FD17258CBB4AB246083FBE9AFA15');
INSERT INTO CD_VRSN_TBL (CD_ID, STS_CD_ID, CRT_PROV_ID, MNEMONIC, CLS_ID) VALUES (x'1921B5540917984089115DF6D6C84140', x'BD4C06C806FA3045B4301A52F1530C27', x'76A0DCFA90366E4AAF9EF1CD68E8C7E8', 'Encounter', x'5452FD17258CBB4AB246083FBE9AFA15');
INSERT INTO CD_VRSN_TBL (CD_ID, STS_CD_ID, CRT_PROV_ID, MNEMONIC, CLS_ID) VALUES (x'D3B684BE6D447E4EB35D2925F9F93434', x'BD4C06C806FA3045B4301A52F1530C27', x'76A0DCFA90366E4AAF9EF1CD68E8C7E8', 'CASE', x'5452FD17258CBB4AB246083FBE9AFA15');
INSERT INTO CD_VRSN_TBL (CD_ID, STS_CD_ID, CRT_PROV_ID, MNEMONIC, CLS_ID) VALUES (x'3CC58719B87A61449EBC0D428744A8C0', x'BD4C06C806FA3045B4301A52F1530C27', x'76A0DCFA90366E4AAF9EF1CD68E8C7E8', 'Condition', x'5452FD17258CBB4AB246083FBE9AFA15');
INSERT INTO CD_VRSN_TBL (CD_ID, STS_CD_ID, CRT_PROV_ID, MNEMONIC, CLS_ID) VALUES (x'2C64A94354A0DF459BEE99274B4635CD', x'BD4C06C806FA3045B4301A52F1530C27', x'76A0DCFA90366E4AAF9EF1CD68E8C7E8', 'GEN', x'5452FD17258CBB4AB246083FBE9AFA15');
INSERT INTO CD_VRSN_TBL (CD_ID, STS_CD_ID, CRT_PROV_ID, MNEMONIC, CLS_ID) VALUES (x'4A9B61578A2C7446A7FC8E4F9AEB4903', x'BD4C06C806FA3045B4301A52F1530C27', x'76A0DCFA90366E4AAF9EF1CD68E8C7E8', 'LeftLateralDecubitus', x'5452FD17258CBB4AB246083FBE9AFA15');
INSERT INTO CD_VRSN_TBL (CD_ID, STS_CD_ID, CRT_PROV_ID, MNEMONIC, CLS_ID) VALUES (x'C622D0288B8AC4479E6A2BC67308739E', x'BD4C06C806FA3045B4301A52F1530C27', x'76A0DCFA90366E4AAF9EF1CD68E8C7E8', 'Observation', x'5452FD17258CBB4AB246083FBE9AFA15');
INSERT INTO CD_VRSN_TBL (CD_ID, STS_CD_ID, CRT_PROV_ID, MNEMONIC, CLS_ID) VALUES (x'93228E11460F784B8252AB078AFB32D3', x'BD4C06C806FA3045B4301A52F1530C27', x'76A0DCFA90366E4AAF9EF1CD68E8C7E8', 'OBSSER', x'5452FD17258CBB4AB246083FBE9AFA15');
INSERT INTO CD_VRSN_TBL (CD_ID, STS_CD_ID, CRT_PROV_ID, MNEMONIC, CLS_ID) VALUES (x'769E8240EC330C42AE79C9B9DC5A3481', x'BD4C06C806FA3045B4301A52F1530C27', x'76A0DCFA90366E4AAF9EF1CD68E8C7E8', 'POS', x'5452FD17258CBB4AB246083FBE9AFA15');
INSERT INTO CD_VRSN_TBL (CD_ID, STS_CD_ID, CRT_PROV_ID, MNEMONIC, CLS_ID) VALUES (x'A1E30408E6ABFB4B9AD35484F170D181', x'BD4C06C806FA3045B4301A52F1530C27', x'76A0DCFA90366E4AAF9EF1CD68E8C7E8', 'Prone', x'5452FD17258CBB4AB246083FBE9AFA15');
INSERT INTO CD_VRSN_TBL (CD_ID, STS_CD_ID, CRT_PROV_ID, MNEMONIC, CLS_ID) VALUES (x'A98DC5807C910B45843FDE21E4AE41A9', x'BD4C06C806FA3045B4301A52F1530C27', x'76A0DCFA90366E4AAF9EF1CD68E8C7E8', 'RightLateralDecubitus', x'5452FD17258CBB4AB246083FBE9AFA15');
INSERT INTO CD_VRSN_TBL (CD_ID, STS_CD_ID, CRT_PROV_ID, MNEMONIC, CLS_ID) VALUES (x'B04A302233B14A49AD304D9170176F99', x'BD4C06C806FA3045B4301A52F1530C27', x'76A0DCFA90366E4AAF9EF1CD68E8C7E8', 'SemiFowlers', x'5452FD17258CBB4AB246083FBE9AFA15');
INSERT INTO CD_VRSN_TBL (CD_ID, STS_CD_ID, CRT_PROV_ID, MNEMONIC, CLS_ID) VALUES (x'902E7E48ABC29346B1902C4E2F0E7CEC', x'BD4C06C806FA3045B4301A52F1530C27', x'76A0DCFA90366E4AAF9EF1CD68E8C7E8', 'Sitting', x'5452FD17258CBB4AB246083FBE9AFA15');
INSERT INTO CD_VRSN_TBL (CD_ID, STS_CD_ID, CRT_PROV_ID, MNEMONIC, CLS_ID) VALUES (x'9D2BE27C62E07C44A92171E690EBD5CF', x'BD4C06C806FA3045B4301A52F1530C27', x'76A0DCFA90366E4AAF9EF1CD68E8C7E8', 'Standing', x'5452FD17258CBB4AB246083FBE9AFA15');
INSERT INTO CD_VRSN_TBL (CD_ID, STS_CD_ID, CRT_PROV_ID, MNEMONIC, CLS_ID) VALUES (x'1FD338EC87A121499FB6FF9D227E9E9C', x'BD4C06C806FA3045B4301A52F1530C27', x'76A0DCFA90366E4AAF9EF1CD68E8C7E8', 'Supine', x'5452FD17258CBB4AB246083FBE9AFA15');
INSERT INTO CD_VRSN_TBL (CD_ID, STS_CD_ID, CRT_PROV_ID, MNEMONIC, CLS_ID) VALUES (x'C62F6BBC4265EC4B96EB8573A606DBB4', x'BD4C06C806FA3045B4301A52F1530C27', x'76A0DCFA90366E4AAF9EF1CD68E8C7E8', 'ReverseTrendelenburg', x'5452FD17258CBB4AB246083FBE9AFA15');
INSERT INTO CD_VRSN_TBL (CD_ID, STS_CD_ID, CRT_PROV_ID, MNEMONIC, CLS_ID) VALUES (x'7B4194AB1A0D464C8D556C3FBA04ED7E', x'BD4C06C806FA3045B4301A52F1530C27', x'76A0DCFA90366E4AAF9EF1CD68E8C7E8', 'Trendelenburg', x'5452FD17258CBB4AB246083FBE9AFA15');
INSERT INTO CD_VRSN_TBL (CD_ID, STS_CD_ID, CRT_PROV_ID, MNEMONIC, CLS_ID) VALUES (x'9E9ED082129BDD47ACBA0557CC025BD7', x'BD4C06C806FA3045B4301A52F1530C27', x'76A0DCFA90366E4AAF9EF1CD68E8C7E8', 'OverlayROI', x'5452FD17258CBB4AB246083FBE9AFA15');
INSERT INTO CD_VRSN_TBL (CD_ID, STS_CD_ID, CRT_PROV_ID, MNEMONIC, CLS_ID) VALUES (x'7E3C2A9377AD0A458A1F030FC2855450', x'BD4C06C806FA3045B4301A52F1530C27', x'76A0DCFA90366E4AAF9EF1CD68E8C7E8', 'SubstanceAdministration', x'5452FD17258CBB4AB246083FBE9AFA15');
INSERT INTO CD_VRSN_TBL (CD_ID, STS_CD_ID, CRT_PROV_ID, MNEMONIC, CLS_ID) VALUES (x'4F9864A0479880448BEADDDF64B3C77C', x'BD4C06C806FA3045B4301A52F1530C27', x'76A0DCFA90366E4AAF9EF1CD68E8C7E8', 'Supply', x'5452FD17258CBB4AB246083FBE9AFA15');
INSERT INTO CD_VRSN_TBL (CD_ID, STS_CD_ID, CRT_PROV_ID, MNEMONIC, CLS_ID) VALUES (x'EA0EA773CD066548A5F7F010E33BA4F3', x'BD4C06C806FA3045B4301A52F1530C27', x'76A0DCFA90366E4AAF9EF1CD68E8C7E8', 'Ambulatory', x'39346B0DBEC98044AF39EEB457C052D0');
INSERT INTO CD_VRSN_TBL (CD_ID, STS_CD_ID, CRT_PROV_ID, MNEMONIC, CLS_ID) VALUES (x'4D047FB4C8A9654A9F84D99D913BEB97', x'BD4C06C806FA3045B4301A52F1530C27', x'76A0DCFA90366E4AAF9EF1CD68E8C7E8', 'Emergency', x'39346B0DBEC98044AF39EEB457C052D0');
INSERT INTO CD_VRSN_TBL (CD_ID, STS_CD_ID, CRT_PROV_ID, MNEMONIC, CLS_ID) VALUES (x'181FA621C51FC047A235721D2F965E33', x'BD4C06C806FA3045B4301A52F1530C27', x'76A0DCFA90366E4AAF9EF1CD68E8C7E8', 'Field', x'39346B0DBEC98044AF39EEB457C052D0');
INSERT INTO CD_VRSN_TBL (CD_ID, STS_CD_ID, CRT_PROV_ID, MNEMONIC, CLS_ID) VALUES (x'9F408FF3923E6B4EB8FDB2ABC7E6C177', x'BD4C06C806FA3045B4301A52F1530C27', x'76A0DCFA90366E4AAF9EF1CD68E8C7E8', 'HomeHealth', x'39346B0DBEC98044AF39EEB457C052D0');
INSERT INTO CD_VRSN_TBL (CD_ID, STS_CD_ID, CRT_PROV_ID, MNEMONIC, CLS_ID) VALUES (x'AA49AEFDCB6FAE409653744E87FDD692', x'BD4C06C806FA3045B4301A52F1530C27', x'76A0DCFA90366E4AAF9EF1CD68E8C7E8', 'InpatientEncounter', x'39346B0DBEC98044AF39EEB457C052D0');
INSERT INTO CD_VRSN_TBL (CD_ID, STS_CD_ID, CRT_PROV_ID, MNEMONIC, CLS_ID) VALUES (x'6AF1139662F9274C8489B78AEBD7E2EC', x'BD4C06C806FA3045B4301A52F1530C27', x'76A0DCFA90366E4AAF9EF1CD68E8C7E8', 'InpatientAcute', x'39346B0DBEC98044AF39EEB457C052D0');
INSERT INTO CD_VRSN_TBL (CD_ID, STS_CD_ID, CRT_PROV_ID, MNEMONIC, CLS_ID) VALUES (x'0CF4C2904E7860428B9166BB032D3652', x'BD4C06C806FA3045B4301A52F1530C27', x'76A0DCFA90366E4AAF9EF1CD68E8C7E8', 'InpatientNonacute', x'39346B0DBEC98044AF39EEB457C052D0');
INSERT INTO CD_VRSN_TBL (CD_ID, STS_CD_ID, CRT_PROV_ID, MNEMONIC, CLS_ID) VALUES (x'50E6761A4202404B9267BF3A5B386C96', x'BD4C06C806FA3045B4301A52F1530C27', x'76A0DCFA90366E4AAF9EF1CD68E8C7E8', 'ShortStay', x'39346B0DBEC98044AF39EEB457C052D0');
INSERT INTO CD_VRSN_TBL (CD_ID, STS_CD_ID, CRT_PROV_ID, MNEMONIC, CLS_ID) VALUES (x'C923505A539A4F4FA9B25938C71041E7', x'BD4C06C806FA3045B4301A52F1530C27', x'76A0DCFA90366E4AAF9EF1CD68E8C7E8', 'Virtual', x'39346B0DBEC98044AF39EEB457C052D0');
INSERT INTO CD_VRSN_TBL (CD_ID, STS_CD_ID, CRT_PROV_ID, MNEMONIC, CLS_ID) VALUES (x'9C0C4A7A1CCF3A42987ED2A5717AC74E', x'BD4C06C806FA3045B4301A52F1530C27', x'76A0DCFA90366E4AAF9EF1CD68E8C7E8', 'EventCritereon', x'2297A9BBCE239A468FA510DEBA853D35');
INSERT INTO CD_VRSN_TBL (CD_ID, STS_CD_ID, CRT_PROV_ID, MNEMONIC, CLS_ID) VALUES (x'1F5474ECC4872743A4B997F325501747', x'BD4C06C806FA3045B4301A52F1530C27', x'76A0DCFA90366E4AAF9EF1CD68E8C7E8', 'Eventoccurrence', x'2297A9BBCE239A468FA510DEBA853D35');
INSERT INTO CD_VRSN_TBL (CD_ID, STS_CD_ID, CRT_PROV_ID, MNEMONIC, CLS_ID) VALUES (x'704089296BA7EF478C16D84E0ACD9EA6', x'BD4C06C806FA3045B4301A52F1530C27', x'76A0DCFA90366E4AAF9EF1CD68E8C7E8', 'HasAuthorization', x'CDFD1DF59B031F4E90BE3CF56AEF8DA4');
INSERT INTO CD_VRSN_TBL (CD_ID, STS_CD_ID, CRT_PROV_ID, MNEMONIC, CLS_ID) VALUES (x'BC426564E4728B48BBF4865D452E62EC', x'BD4C06C806FA3045B4301A52F1530C27', x'76A0DCFA90366E4AAF9EF1CD68E8C7E8', 'Fulfills', x'CDFD1DF59B031F4E90BE3CF56AEF8DA4');
INSERT INTO CD_VRSN_TBL (CD_ID, STS_CD_ID, CRT_PROV_ID, MNEMONIC, CLS_ID) VALUES (x'0F54B9788B436F4B8D83AAF4979DBC64', x'BD4C06C806FA3045B4301A52F1530C27', x'76A0DCFA90366E4AAF9EF1CD68E8C7E8', 'HasComponent', x'CDFD1DF59B031F4E90BE3CF56AEF8DA4');
INSERT INTO CD_VRSN_TBL (CD_ID, STS_CD_ID, CRT_PROV_ID, MNEMONIC, CLS_ID) VALUES (x'0C59FE26843674459359057FDD06BA61', x'BD4C06C806FA3045B4301A52F1530C27', x'76A0DCFA90366E4AAF9EF1CD68E8C7E8', 'Arrival', x'CDFD1DF59B031F4E90BE3CF56AEF8DA4');
INSERT INTO CD_VRSN_TBL (CD_ID, STS_CD_ID, CRT_PROV_ID, MNEMONIC, CLS_ID) VALUES (x'6881F685432A3245BC79191FA0B47C8B', x'BD4C06C806FA3045B4301A52F1530C27', x'76A0DCFA90366E4AAF9EF1CD68E8C7E8', 'HasControlVariable', x'CDFD1DF59B031F4E90BE3CF56AEF8DA4');
INSERT INTO CD_VRSN_TBL (CD_ID, STS_CD_ID, CRT_PROV_ID, MNEMONIC, CLS_ID) VALUES (x'DC1CC82856CA924CB691094E89630642', x'BD4C06C806FA3045B4301A52F1530C27', x'76A0DCFA90366E4AAF9EF1CD68E8C7E8', 'Departure', x'CDFD1DF59B031F4E90BE3CF56AEF8DA4');
INSERT INTO CD_VRSN_TBL (CD_ID, STS_CD_ID, CRT_PROV_ID, MNEMONIC, CLS_ID) VALUES (x'C00F285A268C9141B204B1B1E4E19462', x'BD4C06C806FA3045B4301A52F1530C27', x'76A0DCFA90366E4AAF9EF1CD68E8C7E8', 'HasPrecondition', x'CDFD1DF59B031F4E90BE3CF56AEF8DA4');
INSERT INTO CD_VRSN_TBL (CD_ID, STS_CD_ID, CRT_PROV_ID, MNEMONIC, CLS_ID) VALUES (x'1D8A4899976D13408C91DED6AD3B8E89', x'BD4C06C806FA3045B4301A52F1530C27', x'76A0DCFA90366E4AAF9EF1CD68E8C7E8', 'HasReferenceValues', x'CDFD1DF59B031F4E90BE3CF56AEF8DA4');
INSERT INTO CD_VRSN_TBL (CD_ID, STS_CD_ID, CRT_PROV_ID, MNEMONIC, CLS_ID) VALUES (x'25D3E407B9637D48A22C9B194C09A6BA', x'BD4C06C806FA3045B4301A52F1530C27', x'76A0DCFA90366E4AAF9EF1CD68E8C7E8', 'ArgentinePeso', x'39346B0DBEC98044AF39EEB457C052D0');
INSERT INTO CD_VRSN_TBL (CD_ID, STS_CD_ID, CRT_PROV_ID, MNEMONIC, CLS_ID) VALUES (x'17A7B1C3D074E34A830CEFDDCC57BB92', x'BD4C06C806FA3045B4301A52F1530C27', x'76A0DCFA90366E4AAF9EF1CD68E8C7E8', 'AustralianDollar', x'39346B0DBEC98044AF39EEB457C052D0');
INSERT INTO CD_VRSN_TBL (CD_ID, STS_CD_ID, CRT_PROV_ID, MNEMONIC, CLS_ID) VALUES (x'A8C8D4167657344CB189018D236F1CB6', x'BD4C06C806FA3045B4301A52F1530C27', x'76A0DCFA90366E4AAF9EF1CD68E8C7E8', 'BrazilianReal', x'39346B0DBEC98044AF39EEB457C052D0');
INSERT INTO CD_VRSN_TBL (CD_ID, STS_CD_ID, CRT_PROV_ID, MNEMONIC, CLS_ID) VALUES (x'BBE62A80B8311A409D409CE3C3DA227C', x'BD4C06C806FA3045B4301A52F1530C27', x'76A0DCFA90366E4AAF9EF1CD68E8C7E8', 'CanadianDollar', x'39346B0DBEC98044AF39EEB457C052D0');
INSERT INTO CD_VRSN_TBL (CD_ID, STS_CD_ID, CRT_PROV_ID, MNEMONIC, CLS_ID) VALUES (x'5F9AA42C50AF2D4092637725071C3ED9', x'BD4C06C806FA3045B4301A52F1530C27', x'76A0DCFA90366E4AAF9EF1CD68E8C7E8', 'SwissFranc', x'39346B0DBEC98044AF39EEB457C052D0');
INSERT INTO CD_VRSN_TBL (CD_ID, STS_CD_ID, CRT_PROV_ID, MNEMONIC, CLS_ID) VALUES (x'97101EF89EED1B469E1F52BD7ED47236', x'BD4C06C806FA3045B4301A52F1530C27', x'76A0DCFA90366E4AAF9EF1CD68E8C7E8', 'UnidadesDeFormento', x'39346B0DBEC98044AF39EEB457C052D0');
INSERT INTO CD_VRSN_TBL (CD_ID, STS_CD_ID, CRT_PROV_ID, MNEMONIC, CLS_ID) VALUES (x'8D6BA53158B33A45A3C8B1D60EE52578', x'BD4C06C806FA3045B4301A52F1530C27', x'76A0DCFA90366E4AAF9EF1CD68E8C7E8', 'YuanRenminbi', x'39346B0DBEC98044AF39EEB457C052D0');
INSERT INTO CD_VRSN_TBL (CD_ID, STS_CD_ID, CRT_PROV_ID, MNEMONIC, CLS_ID) VALUES (x'869A825043663C42BBAEEB3119575349', x'BD4C06C806FA3045B4301A52F1530C27', x'76A0DCFA90366E4AAF9EF1CD68E8C7E8', 'DeutscheMark', x'39346B0DBEC98044AF39EEB457C052D0');
INSERT INTO CD_VRSN_TBL (CD_ID, STS_CD_ID, CRT_PROV_ID, MNEMONIC, CLS_ID) VALUES (x'C012349BB9ADFA419B232557BD0B3348', x'BD4C06C806FA3045B4301A52F1530C27', x'76A0DCFA90366E4AAF9EF1CD68E8C7E8', 'SpanishPeseta', x'39346B0DBEC98044AF39EEB457C052D0');
INSERT INTO CD_VRSN_TBL (CD_ID, STS_CD_ID, CRT_PROV_ID, MNEMONIC, CLS_ID) VALUES (x'DA9A504F66D3AC41BD84E0B3046A0FFC', x'BD4C06C806FA3045B4301A52F1530C27', x'76A0DCFA90366E4AAF9EF1CD68E8C7E8', 'Euro', x'39346B0DBEC98044AF39EEB457C052D0');
INSERT INTO CD_VRSN_TBL (CD_ID, STS_CD_ID, CRT_PROV_ID, MNEMONIC, CLS_ID) VALUES (x'0D1469E75E19DF4FB64F0DA4ECF74B36', x'BD4C06C806FA3045B4301A52F1530C27', x'76A0DCFA90366E4AAF9EF1CD68E8C7E8', 'Markka', x'39346B0DBEC98044AF39EEB457C052D0');
INSERT INTO CD_VRSN_TBL (CD_ID, STS_CD_ID, CRT_PROV_ID, MNEMONIC, CLS_ID) VALUES (x'6CC01B22F42744428EFEA7B968FBDBD6', x'BD4C06C806FA3045B4301A52F1530C27', x'76A0DCFA90366E4AAF9EF1CD68E8C7E8', 'FrenchFranc', x'39346B0DBEC98044AF39EEB457C052D0');
INSERT INTO CD_VRSN_TBL (CD_ID, STS_CD_ID, CRT_PROV_ID, MNEMONIC, CLS_ID) VALUES (x'41A920D906EC0D4D9F60631B790F8E0D', x'BD4C06C806FA3045B4301A52F1530C27', x'76A0DCFA90366E4AAF9EF1CD68E8C7E8', 'PoundSterling', x'39346B0DBEC98044AF39EEB457C052D0');
INSERT INTO CD_VRSN_TBL (CD_ID, STS_CD_ID, CRT_PROV_ID, MNEMONIC, CLS_ID) VALUES (x'92F830F7CCEBBC438D39BDA98BC76563', x'BD4C06C806FA3045B4301A52F1530C27', x'76A0DCFA90366E4AAF9EF1CD68E8C7E8', 'Shekel', x'39346B0DBEC98044AF39EEB457C052D0');
INSERT INTO CD_VRSN_TBL (CD_ID, STS_CD_ID, CRT_PROV_ID, MNEMONIC, CLS_ID) VALUES (x'690AF4E0090EE144BD37080AC88661E3', x'BD4C06C806FA3045B4301A52F1530C27', x'76A0DCFA90366E4AAF9EF1CD68E8C7E8', 'IndianRupee', x'39346B0DBEC98044AF39EEB457C052D0');
INSERT INTO CD_VRSN_TBL (CD_ID, STS_CD_ID, CRT_PROV_ID, MNEMONIC, CLS_ID) VALUES (x'FBB222DA0BBFA64A8DCCCB4C4CAD1CA8', x'BD4C06C806FA3045B4301A52F1530C27', x'76A0DCFA90366E4AAF9EF1CD68E8C7E8', 'Yen', x'39346B0DBEC98044AF39EEB457C052D0');
INSERT INTO CD_VRSN_TBL (CD_ID, STS_CD_ID, CRT_PROV_ID, MNEMONIC, CLS_ID) VALUES (x'80B198C8D0DA15419200F48329FD7771', x'BD4C06C806FA3045B4301A52F1530C27', x'76A0DCFA90366E4AAF9EF1CD68E8C7E8', 'Won', x'39346B0DBEC98044AF39EEB457C052D0');
INSERT INTO CD_VRSN_TBL (CD_ID, STS_CD_ID, CRT_PROV_ID, MNEMONIC, CLS_ID) VALUES (x'2BD1BECFB1FFD748B0AB68F898A76749', x'BD4C06C806FA3045B4301A52F1530C27', x'76A0DCFA90366E4AAF9EF1CD68E8C7E8', 'MexicanNuevoPeso', x'39346B0DBEC98044AF39EEB457C052D0');
INSERT INTO CD_VRSN_TBL (CD_ID, STS_CD_ID, CRT_PROV_ID, MNEMONIC, CLS_ID) VALUES (x'071FA7A53502E842BEABADEFEB357BF5', x'BD4C06C806FA3045B4301A52F1530C27', x'76A0DCFA90366E4AAF9EF1CD68E8C7E8', 'NetherlandsGuilder', x'39346B0DBEC98044AF39EEB457C052D0');
INSERT INTO CD_VRSN_TBL (CD_ID, STS_CD_ID, CRT_PROV_ID, MNEMONIC, CLS_ID) VALUES (x'8F312B749881DE4D9B4334D20D0C18E2', x'BD4C06C806FA3045B4301A52F1530C27', x'76A0DCFA90366E4AAF9EF1CD68E8C7E8', 'NewZealandDollar', x'39346B0DBEC98044AF39EEB457C052D0');
INSERT INTO CD_VRSN_TBL (CD_ID, STS_CD_ID, CRT_PROV_ID, MNEMONIC, CLS_ID) VALUES (x'7C2DD7A02FB31946A943F40CED704DF6', x'BD4C06C806FA3045B4301A52F1530C27', x'76A0DCFA90366E4AAF9EF1CD68E8C7E8', 'PhilippinePeso', x'39346B0DBEC98044AF39EEB457C052D0');
INSERT INTO CD_VRSN_TBL (CD_ID, STS_CD_ID, CRT_PROV_ID, MNEMONIC, CLS_ID) VALUES (x'B3D74DC44E4E3F499ACE557CA3C672A7', x'BD4C06C806FA3045B4301A52F1530C27', x'76A0DCFA90366E4AAF9EF1CD68E8C7E8', 'RussianRuble', x'39346B0DBEC98044AF39EEB457C052D0');
INSERT INTO CD_VRSN_TBL (CD_ID, STS_CD_ID, CRT_PROV_ID, MNEMONIC, CLS_ID) VALUES (x'8C4DD0441BA8CE478857C88CC92E8DFC', x'BD4C06C806FA3045B4301A52F1530C27', x'76A0DCFA90366E4AAF9EF1CD68E8C7E8', 'Baht', x'39346B0DBEC98044AF39EEB457C052D0');
INSERT INTO CD_VRSN_TBL (CD_ID, STS_CD_ID, CRT_PROV_ID, MNEMONIC, CLS_ID) VALUES (x'0AFB55EB6D12974FA7E4454D600C5C9A', x'BD4C06C806FA3045B4301A52F1530C27', x'76A0DCFA90366E4AAF9EF1CD68E8C7E8', 'Lira', x'39346B0DBEC98044AF39EEB457C052D0');
INSERT INTO CD_VRSN_TBL (CD_ID, STS_CD_ID, CRT_PROV_ID, MNEMONIC, CLS_ID) VALUES (x'0BC08CD139C3A5479FF923C77542A5C3', x'BD4C06C806FA3045B4301A52F1530C27', x'76A0DCFA90366E4AAF9EF1CD68E8C7E8', 'TaiwanDollar', x'39346B0DBEC98044AF39EEB457C052D0');
INSERT INTO CD_VRSN_TBL (CD_ID, STS_CD_ID, CRT_PROV_ID, MNEMONIC, CLS_ID) VALUES (x'64A3C065BFB1164B8C286D1E2FC90AD1', x'BD4C06C806FA3045B4301A52F1530C27', x'76A0DCFA90366E4AAF9EF1CD68E8C7E8', 'USDollar', x'39346B0DBEC98044AF39EEB457C052D0');
INSERT INTO CD_VRSN_TBL (CD_ID, STS_CD_ID, CRT_PROV_ID, MNEMONIC, CLS_ID) VALUES (x'07FDF16926BA924E8AD0DEAC7559E90F', x'BD4C06C806FA3045B4301A52F1530C27', x'76A0DCFA90366E4AAF9EF1CD68E8C7E8', 'Rand', x'39346B0DBEC98044AF39EEB457C052D0');
INSERT INTO CD_VRSN_TBL (CD_ID, STS_CD_ID, CRT_PROV_ID, MNEMONIC, CLS_ID) VALUES (x'04FF7313EFA60A42B1D04A07465FE8E8', x'BD4C06C806FA3045B4301A52F1530C27', x'76A0DCFA90366E4AAF9EF1CD68E8C7E8', 'DEV', x'5452FD17258CBB4AB246083FBE9AFA15');
INSERT INTO CD_VRSN_TBL (CD_ID, STS_CD_ID, CRT_PROV_ID, MNEMONIC, CLS_ID) VALUES (x'24F36FB774B1B740A6ACD1FDF8E23967', x'BD4C06C806FA3045B4301A52F1530C27', x'76A0DCFA90366E4AAF9EF1CD68E8C7E8', 'CONT', x'5452FD17258CBB4AB246083FBE9AFA15');
INSERT INTO CD_VRSN_TBL (CD_ID, STS_CD_ID, CRT_PROV_ID, MNEMONIC, CLS_ID) VALUES (x'CF9B010B1FC58C4BBFAEB7232A7DFB59', x'BD4C06C806FA3045B4301A52F1530C27', x'76A0DCFA90366E4AAF9EF1CD68E8C7E8', 'MMAT', x'5452FD17258CBB4AB246083FBE9AFA15');
INSERT INTO CD_VRSN_TBL (CD_ID, STS_CD_ID, CRT_PROV_ID, MNEMONIC, CLS_ID) VALUES (x'44E52D4AC9F8294EB156DF478D5CBE25', x'BD4C06C806FA3045B4301A52F1530C27', x'76A0DCFA90366E4AAF9EF1CD68E8C7E8', 'ORG', x'5452FD17258CBB4AB246083FBE9AFA15');
INSERT INTO CD_VRSN_TBL (CD_ID, STS_CD_ID, CRT_PROV_ID, MNEMONIC, CLS_ID) VALUES (x'5AA2F1FB74B81B4D83A9DA193869EE78', x'BD4C06C806FA3045B4301A52F1530C27', x'76A0DCFA90366E4AAF9EF1CD68E8C7E8', 'PSN', x'5452FD17258CBB4AB246083FBE9AFA15');
INSERT INTO CD_VRSN_TBL (CD_ID, STS_CD_ID, CRT_PROV_ID, MNEMONIC, CLS_ID) VALUES (x'9632CD7458CB84499750D077A130CE05', x'BD4C06C806FA3045B4301A52F1530C27', x'76A0DCFA90366E4AAF9EF1CD68E8C7E8', 'PLC', x'5452FD17258CBB4AB246083FBE9AFA15');
INSERT INTO CD_VRSN_TBL (CD_ID, STS_CD_ID, CRT_PROV_ID, MNEMONIC, CLS_ID) VALUES (x'ADCF9FE21DEC604CA055039A494248AE', x'BD4C06C806FA3045B4301A52F1530C27', x'76A0DCFA90366E4AAF9EF1CD68E8C7E8', 'Entity', x'5452FD17258CBB4AB246083FBE9AFA15');
INSERT INTO CD_VRSN_TBL (CD_ID, STS_CD_ID, CRT_PROV_ID, MNEMONIC, CLS_ID) VALUES (x'5E33F8FD121FE04D8356F8778ED41C21', x'BD4C06C806FA3045B4301A52F1530C27', x'76A0DCFA90366E4AAF9EF1CD68E8C7E8', 'HealthChartEntity', x'5452FD17258CBB4AB246083FBE9AFA15');
INSERT INTO CD_VRSN_TBL (CD_ID, STS_CD_ID, CRT_PROV_ID, MNEMONIC, CLS_ID) VALUES (x'C9E5A58B3B69D449973CD7010F3A23EE', x'BD4C06C806FA3045B4301A52F1530C27', x'76A0DCFA90366E4AAF9EF1CD68E8C7E8', 'LivingSubject', x'5452FD17258CBB4AB246083FBE9AFA15');
INSERT INTO CD_VRSN_TBL (CD_ID, STS_CD_ID, CRT_PROV_ID, MNEMONIC, CLS_ID) VALUES (x'C9E525903B69D449973CD7010F3A23EE', x'BD4C06C806FA3045B4301A52F1530C27', x'76A0DCFA90366E4AAF9EF1CD68E8C7E8', 'NonLivingSubject', x'5452FD17258CBB4AB246083FBE9AFA15');

INSERT INTO CD_VRSN_TBL (CD_ID, STS_CD_ID, CRT_PROV_ID, MNEMONIC, CLS_ID) VALUES (x'75B56C8A22CF8441A2B7D9E99D2CD850', x'BD4C06C806FA3045B4301A52F1530C27', x'76A0DCFA90366E4AAF9EF1CD68E8C7E8', 'NonpersonLivingSubject', x'5452FD17258CBB4AB246083FBE9AFA15');
INSERT INTO CD_VRSN_TBL (CD_ID, STS_CD_ID, CRT_PROV_ID, MNEMONIC, CLS_ID) VALUES (x'42BFFC61E0B5B54F9392108A5C6DBEC7', x'BD4C06C806FA3045B4301A52F1530C27', x'76A0DCFA90366E4AAF9EF1CD68E8C7E8', 'Animal', x'5452FD17258CBB4AB246083FBE9AFA15');
INSERT INTO CD_VRSN_TBL (CD_ID, STS_CD_ID, CRT_PROV_ID, MNEMONIC, CLS_ID) VALUES (x'7FF66201A650434788B6EDCDE354CACA', x'BD4C06C806FA3045B4301A52F1530C27', x'76A0DCFA90366E4AAF9EF1CD68E8C7E8', 'Microorganism', x'5452FD17258CBB4AB246083FBE9AFA15');
INSERT INTO CD_VRSN_TBL (CD_ID, STS_CD_ID, CRT_PROV_ID, MNEMONIC, CLS_ID) VALUES (x'6A751FB9375B9E408CF9C985D5DBA2F1', x'BD4C06C806FA3045B4301A52F1530C27', x'76A0DCFA90366E4AAF9EF1CD68E8C7E8', 'Plant', x'5452FD17258CBB4AB246083FBE9AFA15');
INSERT INTO CD_VRSN_TBL (CD_ID, STS_CD_ID, CRT_PROV_ID, MNEMONIC, CLS_ID) VALUES (x'46A8E29DF2DDBC4E902E84508C5089EA', x'BD4C06C806FA3045B4301A52F1530C27', x'76A0DCFA90366E4AAF9EF1CD68E8C7E8', 'Person', x'5452FD17258CBB4AB246083FBE9AFA15');
INSERT INTO CD_VRSN_TBL (CD_ID, STS_CD_ID, CRT_PROV_ID, MNEMONIC, CLS_ID) VALUES (x'BE7390D38F0F0E44B8C87034CC138A95', x'BD4C06C806FA3045B4301A52F1530C27', x'76A0DCFA90366E4AAF9EF1CD68E8C7E8', 'Material', x'5452FD17258CBB4AB246083FBE9AFA15');
INSERT INTO CD_VRSN_TBL (CD_ID, STS_CD_ID, CRT_PROV_ID, MNEMONIC, CLS_ID) VALUES (x'32A39F2E9193C6489FC8920A750B25D3', x'BD4C06C806FA3045B4301A52F1530C27', x'76A0DCFA90366E4AAF9EF1CD68E8C7E8', 'ChemicalSubstance', x'5452FD17258CBB4AB246083FBE9AFA15');
INSERT INTO CD_VRSN_TBL (CD_ID, STS_CD_ID, CRT_PROV_ID, MNEMONIC, CLS_ID) VALUES (x'C29CA0E5E55AC2408E32687DBA06715D', x'BD4C06C806FA3045B4301A52F1530C27', x'76A0DCFA90366E4AAF9EF1CD68E8C7E8', 'Food', x'5452FD17258CBB4AB246083FBE9AFA15');
INSERT INTO CD_VRSN_TBL (CD_ID, STS_CD_ID, CRT_PROV_ID, MNEMONIC, CLS_ID) VALUES (x'86C2FEFAD5890B429085054ACA9D1EEF', x'BD4C06C806FA3045B4301A52F1530C27', x'76A0DCFA90366E4AAF9EF1CD68E8C7E8', 'ManufacturedMaterial', x'5452FD17258CBB4AB246083FBE9AFA15');
INSERT INTO CD_VRSN_TBL (CD_ID, STS_CD_ID, CRT_PROV_ID, MNEMONIC, CLS_ID) VALUES (x'91B6522422F12141B9DF76D990B43F35', x'BD4C06C806FA3045B4301A52F1530C27', x'76A0DCFA90366E4AAF9EF1CD68E8C7E8', 'Holder', x'5452FD17258CBB4AB246083FBE9AFA15');
INSERT INTO CD_VRSN_TBL (CD_ID, STS_CD_ID, CRT_PROV_ID, MNEMONIC, CLS_ID) VALUES (x'BC43702ACA6C7D44B2308414F790CDB6', x'BD4C06C806FA3045B4301A52F1530C27', x'76A0DCFA90366E4AAF9EF1CD68E8C7E8', 'CertificateRepresentation', x'5452FD17258CBB4AB246083FBE9AFA15');
INSERT INTO CD_VRSN_TBL (CD_ID, STS_CD_ID, CRT_PROV_ID, MNEMONIC, CLS_ID) VALUES (x'D69CFAA1E71C7E4FA0C17A503F9F1255', x'BD4C06C806FA3045B4301A52F1530C27', x'76A0DCFA90366E4AAF9EF1CD68E8C7E8', 'ImagingModality', x'5452FD17258CBB4AB246083FBE9AFA15');
INSERT INTO CD_VRSN_TBL (CD_ID, STS_CD_ID, CRT_PROV_ID, MNEMONIC, CLS_ID) VALUES (x'55BD087C424DCD4992F86388D6C4183F', x'BD4C06C806FA3045B4301A52F1530C27', x'76A0DCFA90366E4AAF9EF1CD68E8C7E8', 'Organization', x'5452FD17258CBB4AB246083FBE9AFA15');
INSERT INTO CD_VRSN_TBL (CD_ID, STS_CD_ID, CRT_PROV_ID, MNEMONIC, CLS_ID) VALUES (x'F4643C0B0D22E544BDC64BFAD6120963', x'BD4C06C806FA3045B4301A52F1530C27', x'76A0DCFA90366E4AAF9EF1CD68E8C7E8', 'PublicInstitution', x'5452FD17258CBB4AB246083FBE9AFA15');
INSERT INTO CD_VRSN_TBL (CD_ID, STS_CD_ID, CRT_PROV_ID, MNEMONIC, CLS_ID) VALUES (x'B0B0F48CE584224185FE6AFA8240C218', x'BD4C06C806FA3045B4301A52F1530C27', x'76A0DCFA90366E4AAF9EF1CD68E8C7E8', 'State', x'5452FD17258CBB4AB246083FBE9AFA15');
INSERT INTO CD_VRSN_TBL (CD_ID, STS_CD_ID, CRT_PROV_ID, MNEMONIC, CLS_ID) VALUES (x'28E5ACC77D27FB4E94EEBFD1278F40F7', x'BD4C06C806FA3045B4301A52F1530C27', x'76A0DCFA90366E4AAF9EF1CD68E8C7E8', 'Nation', x'5452FD17258CBB4AB246083FBE9AFA15');
INSERT INTO CD_VRSN_TBL (CD_ID, STS_CD_ID, CRT_PROV_ID, MNEMONIC, CLS_ID) VALUES (x'7378AB21F38E784D9C194582B3C40631', x'BD4C06C806FA3045B4301A52F1530C27', x'76A0DCFA90366E4AAF9EF1CD68E8C7E8', 'Place', x'5452FD17258CBB4AB246083FBE9AFA15');
INSERT INTO CD_VRSN_TBL (CD_ID, STS_CD_ID, CRT_PROV_ID, MNEMONIC, CLS_ID) VALUES (x'754FDD79E8682247A7F58BC2E08F5CD6', x'BD4C06C806FA3045B4301A52F1530C27', x'76A0DCFA90366E4AAF9EF1CD68E8C7E8', 'CityOrTown', x'5452FD17258CBB4AB246083FBE9AFA15');
INSERT INTO CD_VRSN_TBL (CD_ID, STS_CD_ID, CRT_PROV_ID, MNEMONIC, CLS_ID) VALUES (x'B3FFB248DB07BA47AD73FC8FB8502471', x'BD4C06C806FA3045B4301A52F1530C27', x'76A0DCFA90366E4AAF9EF1CD68E8C7E8', 'Country', x'5452FD17258CBB4AB246083FBE9AFA15');
INSERT INTO CD_VRSN_TBL (CD_ID, STS_CD_ID, CRT_PROV_ID, MNEMONIC, CLS_ID) VALUES (x'7DEEEF6EF5DFD346A6A7171EF93879C7', x'BD4C06C806FA3045B4301A52F1530C27', x'76A0DCFA90366E4AAF9EF1CD68E8C7E8', 'CountyOrParish', x'5452FD17258CBB4AB246083FBE9AFA15');
INSERT INTO CD_VRSN_TBL (CD_ID, STS_CD_ID, CRT_PROV_ID, MNEMONIC, CLS_ID) VALUES (x'285C1A4DB7DE1E41B75FD524F90DFA63', x'905FEFBD9754264F956C8F818CCE2BD2', x'76A0DCFA90366E4AAF9EF1CD68E8C7E8', 'StateOrProvince', x'5452FD17258CBB4AB246083FBE9AFA15');
INSERT INTO CD_VRSN_TBL (CD_ID, STS_CD_ID, CRT_PROV_ID, MNEMONIC, CLS_ID) VALUES (x'F6AA351987D4824CAC17FB917B5B6D71', x'BD4C06C806FA3045B4301A52F1530C27', x'76A0DCFA90366E4AAF9EF1CD68E8C7E8', 'Group', x'5452FD17258CBB4AB246083FBE9AFA15');
INSERT INTO CD_VRSN_TBL (CD_ID, STS_CD_ID, CRT_PROV_ID, MNEMONIC, CLS_ID) VALUES (x'DE089FF2A7785E4AAEAF7B545BA19A09', x'BD4C06C806FA3045B4301A52F1530C27', x'76A0DCFA90366E4AAF9EF1CD68E8C7E8', 'Specific', x'39346B0DBEC98044AF39EEB457C052D0');
INSERT INTO CD_VRSN_TBL (CD_ID, STS_CD_ID, CRT_PROV_ID, MNEMONIC, CLS_ID) VALUES (x'ACA728AD6BA6C44291B4DE40A2B11980', x'BD4C06C806FA3045B4301A52F1530C27', x'76A0DCFA90366E4AAF9EF1CD68E8C7E8', 'Described', x'39346B0DBEC98044AF39EEB457C052D0');
INSERT INTO CD_VRSN_TBL (CD_ID, STS_CD_ID, CRT_PROV_ID, MNEMONIC, CLS_ID) VALUES (x'B7F14C609188FB49B95F3E4E875691BC', x'BD4C06C806FA3045B4301A52F1530C27', x'76A0DCFA90366E4AAF9EF1CD68E8C7E8', 'DescribedQuantified', x'39346B0DBEC98044AF39EEB457C052D0');
INSERT INTO CD_VRSN_TBL (CD_ID, STS_CD_ID, CRT_PROV_ID, MNEMONIC, CLS_ID) VALUES (x'D81E6571918C3948B76E9BFDD2EDBA43', x'BD4C06C806FA3045B4301A52F1530C27', x'76A0DCFA90366E4AAF9EF1CD68E8C7E8', 'AUTHEN', x'39346B0DBEC98044AF39EEB457C052D0');
INSERT INTO CD_VRSN_TBL (CD_ID, STS_CD_ID, CRT_PROV_ID, MNEMONIC, CLS_ID) VALUES (x'AF3FCBF05D4304479217B884F757BC14', x'BD4C06C806FA3045B4301A52F1530C27', x'76A0DCFA90366E4AAF9EF1CD68E8C7E8', 'Authororiginator', x'39346B0DBEC98044AF39EEB457C052D0');
INSERT INTO CD_VRSN_TBL (CD_ID, STS_CD_ID, CRT_PROV_ID, MNEMONIC, CLS_ID) VALUES (x'2AAF58F105D41646A45950E8494A9A56', x'BD4C06C806FA3045B4301A52F1530C27', x'76A0DCFA90366E4AAF9EF1CD68E8C7E8', 'CSM', x'39346B0DBEC98044AF39EEB457C052D0');
INSERT INTO CD_VRSN_TBL (CD_ID, STS_CD_ID, CRT_PROV_ID, MNEMONIC, CLS_ID) VALUES (x'2BAD35CC99664649AE3876AB08193F41', x'BD4C06C806FA3045B4301A52F1530C27', x'76A0DCFA90366E4AAF9EF1CD68E8C7E8', 'CST', x'39346B0DBEC98044AF39EEB457C052D0');
INSERT INTO CD_VRSN_TBL (CD_ID, STS_CD_ID, CRT_PROV_ID, MNEMONIC, CLS_ID) VALUES (x'D2660DC5DAE5344AB2B74CD4FE4EF2C4', x'BD4C06C806FA3045B4301A52F1530C27', x'76A0DCFA90366E4AAF9EF1CD68E8C7E8', 'ENT', x'39346B0DBEC98044AF39EEB457C052D0');
INSERT INTO CD_VRSN_TBL (CD_ID, STS_CD_ID, CRT_PROV_ID, MNEMONIC, CLS_ID) VALUES (x'484260391278604BBC548CC1FFFB1DE6', x'BD4C06C806FA3045B4301A52F1530C27', x'76A0DCFA90366E4AAF9EF1CD68E8C7E8', 'Informant', x'39346B0DBEC98044AF39EEB457C052D0');
INSERT INTO CD_VRSN_TBL (CD_ID, STS_CD_ID, CRT_PROV_ID, MNEMONIC, CLS_ID) VALUES (x'82548AEC5920FC43A4CE04F71F64E3D8', x'BD4C06C806FA3045B4301A52F1530C27', x'76A0DCFA90366E4AAF9EF1CD68E8C7E8', 'LA', x'39346B0DBEC98044AF39EEB457C052D0');
INSERT INTO CD_VRSN_TBL (CD_ID, STS_CD_ID, CRT_PROV_ID, MNEMONIC, CLS_ID) VALUES (x'4FD94ED6A4E4A249A0D81E6F393AAB36', x'BD4C06C806FA3045B4301A52F1530C27', x'76A0DCFA90366E4AAF9EF1CD68E8C7E8', 'PRF', x'39346B0DBEC98044AF39EEB457C052D0');
INSERT INTO CD_VRSN_TBL (CD_ID, STS_CD_ID, CRT_PROV_ID, MNEMONIC, CLS_ID) VALUES (x'F10564197EE04E49A56EB4B563CD85FC', x'BD4C06C806FA3045B4301A52F1530C27', x'76A0DCFA90366E4AAF9EF1CD68E8C7E8', 'PRD', x'39346B0DBEC98044AF39EEB457C052D0');
INSERT INTO CD_VRSN_TBL (CD_ID, STS_CD_ID, CRT_PROV_ID, MNEMONIC, CLS_ID) VALUES (x'1D6AAD9771688C44A504CB82CABC0452', x'BD4C06C806FA3045B4301A52F1530C27', x'76A0DCFA90366E4AAF9EF1CD68E8C7E8', 'RCT', x'39346B0DBEC98044AF39EEB457C052D0');
INSERT INTO CD_VRSN_TBL (CD_ID, STS_CD_ID, CRT_PROV_ID, MNEMONIC, CLS_ID) VALUES (x'2139504C6E1D4941A3C433F6BE4646CE', x'BD4C06C806FA3045B4301A52F1530C27', x'76A0DCFA90366E4AAF9EF1CD68E8C7E8', 'RESP', x'39346B0DBEC98044AF39EEB457C052D0');
INSERT INTO CD_VRSN_TBL (CD_ID, STS_CD_ID, CRT_PROV_ID, MNEMONIC, CLS_ID) VALUES (x'870A8B4B2E7D6D40AEB01041C3841B57', x'BD4C06C806FA3045B4301A52F1530C27', x'76A0DCFA90366E4AAF9EF1CD68E8C7E8', 'SPC', x'39346B0DBEC98044AF39EEB457C052D0');
INSERT INTO CD_VRSN_TBL (CD_ID, STS_CD_ID, CRT_PROV_ID, MNEMONIC, CLS_ID) VALUES (x'578584618DD7E540954F0B9C97307A04', x'BD4C06C806FA3045B4301A52F1530C27', x'76A0DCFA90366E4AAF9EF1CD68E8C7E8', 'Location', x'39346B0DBEC98044AF39EEB457C052D0');
INSERT INTO CD_VRSN_TBL (CD_ID, STS_CD_ID, CRT_PROV_ID, MNEMONIC, CLS_ID) VALUES (x'F8AD5D4575C1A145A85934283A8210F8', x'BD4C06C806FA3045B4301A52F1530C27', x'76A0DCFA90366E4AAF9EF1CD68E8C7E8', 'SBJ', x'39346B0DBEC98044AF39EEB457C052D0');
INSERT INTO CD_VRSN_TBL (CD_ID, STS_CD_ID, CRT_PROV_ID, MNEMONIC, CLS_ID) VALUES (x'164217A0396451439483A241A48029B7', x'BD4C06C806FA3045B4301A52F1530C27', x'76A0DCFA90366E4AAF9EF1CD68E8C7E8', 'Admitter', x'39346B0DBEC98044AF39EEB457C052D0');
INSERT INTO CD_VRSN_TBL (CD_ID, STS_CD_ID, CRT_PROV_ID, MNEMONIC, CLS_ID) VALUES (x'AD29BF6C51ACC948885ACFE3026ECF6E', x'BD4C06C806FA3045B4301A52F1530C27', x'76A0DCFA90366E4AAF9EF1CD68E8C7E8', 'Attender', x'39346B0DBEC98044AF39EEB457C052D0');
INSERT INTO CD_VRSN_TBL (CD_ID, STS_CD_ID, CRT_PROV_ID, MNEMONIC, CLS_ID) VALUES (x'AE404C9C152C8145A496BE1ABFE4EB66', x'BD4C06C806FA3045B4301A52F1530C27', x'76A0DCFA90366E4AAF9EF1CD68E8C7E8', 'CallbackContact', x'39346B0DBEC98044AF39EEB457C052D0');
INSERT INTO CD_VRSN_TBL (CD_ID, STS_CD_ID, CRT_PROV_ID, MNEMONIC, CLS_ID) VALUES (x'D74A360A61F98A4D93F01FD4176548B3', x'BD4C06C806FA3045B4301A52F1530C27', x'76A0DCFA90366E4AAF9EF1CD68E8C7E8', 'Consultant', x'39346B0DBEC98044AF39EEB457C052D0');
INSERT INTO CD_VRSN_TBL (CD_ID, STS_CD_ID, CRT_PROV_ID, MNEMONIC, CLS_ID) VALUES (x'2334F6D99BBAD948BA38C404B784B670', x'BD4C06C806FA3045B4301A52F1530C27', x'76A0DCFA90366E4AAF9EF1CD68E8C7E8', 'DIR', x'39346B0DBEC98044AF39EEB457C052D0');
INSERT INTO CD_VRSN_TBL (CD_ID, STS_CD_ID, CRT_PROV_ID, MNEMONIC, CLS_ID) VALUES (x'6E4E59A2FEE8684C82A5D3A46DBEC87D', x'BD4C06C806FA3045B4301A52F1530C27', x'76A0DCFA90366E4AAF9EF1CD68E8C7E8', 'Discharger', x'39346B0DBEC98044AF39EEB457C052D0');
INSERT INTO CD_VRSN_TBL (CD_ID, STS_CD_ID, CRT_PROV_ID, MNEMONIC, CLS_ID) VALUES (x'ED617A72352F094E8BB66D09E2BA8FEC', x'BD4C06C806FA3045B4301A52F1530C27', x'76A0DCFA90366E4AAF9EF1CD68E8C7E8', 'Escort', x'39346B0DBEC98044AF39EEB457C052D0');
INSERT INTO CD_VRSN_TBL (CD_ID, STS_CD_ID, CRT_PROV_ID, MNEMONIC, CLS_ID) VALUES (x'66676A5A1D8E364DAE509B7D82D8A182', x'BD4C06C806FA3045B4301A52F1530C27', x'76A0DCFA90366E4AAF9EF1CD68E8C7E8', 'EXPART', x'39346B0DBEC98044AF39EEB457C052D0');
INSERT INTO CD_VRSN_TBL (CD_ID, STS_CD_ID, CRT_PROV_ID, MNEMONIC, CLS_ID) VALUES (x'2F0C9F3A22E33946A8E70DF67CAC761B', x'BD4C06C806FA3045B4301A52F1530C27', x'76A0DCFA90366E4AAF9EF1CD68E8C7E8', 'IND', x'39346B0DBEC98044AF39EEB457C052D0');
INSERT INTO CD_VRSN_TBL (CD_ID, STS_CD_ID, CRT_PROV_ID, MNEMONIC, CLS_ID) VALUES (x'91B29097A3B8854CA240C2C38885AD5D', x'BD4C06C806FA3045B4301A52F1530C27', x'76A0DCFA90366E4AAF9EF1CD68E8C7E8', 'IRCP', x'39346B0DBEC98044AF39EEB457C052D0');
INSERT INTO CD_VRSN_TBL (CD_ID, STS_CD_ID, CRT_PROV_ID, MNEMONIC, CLS_ID) VALUES (x'3DA204C7EF86114E9050F8AA10919FF2', x'BD4C06C806FA3045B4301A52F1530C27', x'76A0DCFA90366E4AAF9EF1CD68E8C7E8', 'Participation', x'39346B0DBEC98044AF39EEB457C052D0');
INSERT INTO CD_VRSN_TBL (CD_ID, STS_CD_ID, CRT_PROV_ID, MNEMONIC, CLS_ID) VALUES (x'8B0F8E5E23BC474882AB49B8DD79981E', x'BD4C06C806FA3045B4301A52F1530C27', x'76A0DCFA90366E4AAF9EF1CD68E8C7E8', 'Referrer', x'39346B0DBEC98044AF39EEB457C052D0');
INSERT INTO CD_VRSN_TBL (CD_ID, STS_CD_ID, CRT_PROV_ID, MNEMONIC, CLS_ID) VALUES (x'27753FDEC9E3EF45857400CA4495F767', x'BD4C06C806FA3045B4301A52F1530C27', x'76A0DCFA90366E4AAF9EF1CD68E8C7E8', 'Transcriber', x'39346B0DBEC98044AF39EEB457C052D0');
INSERT INTO CD_VRSN_TBL (CD_ID, STS_CD_ID, CRT_PROV_ID, MNEMONIC, CLS_ID) VALUES (x'7F35820BE05A4345AB8EA33E9B315BAB', x'BD4C06C806FA3045B4301A52F1530C27', x'76A0DCFA90366E4AAF9EF1CD68E8C7E8', 'Witness', x'39346B0DBEC98044AF39EEB457C052D0');
INSERT INTO CD_VRSN_TBL (CD_ID, STS_CD_ID, CRT_PROV_ID, MNEMONIC, CLS_ID) VALUES (x'696D9D649C130640AE45AFF4649D6079', x'BD4C06C806FA3045B4301A52F1530C27', x'76A0DCFA90366E4AAF9EF1CD68E8C7E8', 'Custodian', x'39346B0DBEC98044AF39EEB457C052D0');
INSERT INTO CD_VRSN_TBL (CD_ID, STS_CD_ID, CRT_PROV_ID, MNEMONIC, CLS_ID) VALUES (x'B0969847D535424881095FDBEE14E8A4', x'BD4C06C806FA3045B4301A52F1530C27', x'76A0DCFA90366E4AAF9EF1CD68E8C7E8', 'Baby', x'39346B0DBEC98044AF39EEB457C052D0');
INSERT INTO CD_VRSN_TBL (CD_ID, STS_CD_ID, CRT_PROV_ID, MNEMONIC, CLS_ID) VALUES (x'F7C7CAA5B7E3D84D872CDB0E7FCC2D84', x'BD4C06C806FA3045B4301A52F1530C27', x'76A0DCFA90366E4AAF9EF1CD68E8C7E8', 'Consumable', x'39346B0DBEC98044AF39EEB457C052D0');
INSERT INTO CD_VRSN_TBL (CD_ID, STS_CD_ID, CRT_PROV_ID, MNEMONIC, CLS_ID) VALUES (x'6CDB92675CFDB84A96F5ACE5665BDCB9', x'BD4C06C806FA3045B4301A52F1530C27', x'76A0DCFA90366E4AAF9EF1CD68E8C7E8', 'NonreuseableDevice', x'39346B0DBEC98044AF39EEB457C052D0');
INSERT INTO CD_VRSN_TBL (CD_ID, STS_CD_ID, CRT_PROV_ID, MNEMONIC, CLS_ID) VALUES (x'3D0D9976273F394B836BBA87EEBA3328', x'BD4C06C806FA3045B4301A52F1530C27', x'76A0DCFA90366E4AAF9EF1CD68E8C7E8', 'ReusableDevice', x'39346B0DBEC98044AF39EEB457C052D0');
INSERT INTO CD_VRSN_TBL (CD_ID, STS_CD_ID, CRT_PROV_ID, MNEMONIC, CLS_ID) VALUES (x'EE3512BE0A71324788FD6E895DE7C56D', x'BD4C06C806FA3045B4301A52F1530C27', x'76A0DCFA90366E4AAF9EF1CD68E8C7E8', 'Donor', x'39346B0DBEC98044AF39EEB457C052D0');
INSERT INTO CD_VRSN_TBL (CD_ID, STS_CD_ID, CRT_PROV_ID, MNEMONIC, CLS_ID) VALUES (x'A9A560EA71E90D4FBB5DDC7A0C74A2C9', x'BD4C06C806FA3045B4301A52F1530C27', x'76A0DCFA90366E4AAF9EF1CD68E8C7E8', 'ExposureAgent', x'39346B0DBEC98044AF39EEB457C052D0');
INSERT INTO CD_VRSN_TBL (CD_ID, STS_CD_ID, CRT_PROV_ID, MNEMONIC, CLS_ID) VALUES (x'5C1B40EC334C29429C72428FC5DB37FF', x'BD4C06C806FA3045B4301A52F1530C27', x'76A0DCFA90366E4AAF9EF1CD68E8C7E8', 'ExposureTarget', x'39346B0DBEC98044AF39EEB457C052D0');
INSERT INTO CD_VRSN_TBL (CD_ID, STS_CD_ID, CRT_PROV_ID, MNEMONIC, CLS_ID) VALUES (x'7B29B6CB3C743C458476BA4C10A1C965', x'BD4C06C806FA3045B4301A52F1530C27', x'76A0DCFA90366E4AAF9EF1CD68E8C7E8', 'ExposureSource', x'39346B0DBEC98044AF39EEB457C052D0');
INSERT INTO CD_VRSN_TBL (CD_ID, STS_CD_ID, CRT_PROV_ID, MNEMONIC, CLS_ID) VALUES (x'8872E79909CB5040A8CF385513F32F0A', x'BD4C06C806FA3045B4301A52F1530C27', x'76A0DCFA90366E4AAF9EF1CD68E8C7E8', 'Product', x'39346B0DBEC98044AF39EEB457C052D0');
INSERT INTO CD_VRSN_TBL (CD_ID, STS_CD_ID, CRT_PROV_ID, MNEMONIC, CLS_ID) VALUES (x'0077060337CE5F408ED3E4965BA2F601', x'BD4C06C806FA3045B4301A52F1530C27', x'76A0DCFA90366E4AAF9EF1CD68E8C7E8', 'Subject', x'39346B0DBEC98044AF39EEB457C052D0');
INSERT INTO CD_VRSN_TBL (CD_ID, STS_CD_ID, CRT_PROV_ID, MNEMONIC, CLS_ID) VALUES (x'217BE1BCB205024FBF7AC6D3561AA948', x'BD4C06C806FA3045B4301A52F1530C27', x'76A0DCFA90366E4AAF9EF1CD68E8C7E8', 'Specimen', x'39346B0DBEC98044AF39EEB457C052D0');
INSERT INTO CD_VRSN_TBL (CD_ID, STS_CD_ID, CRT_PROV_ID, MNEMONIC, CLS_ID) VALUES (x'DF44C72889D8444ABC1A2E9E9D64AF13', x'BD4C06C806FA3045B4301A52F1530C27', x'76A0DCFA90366E4AAF9EF1CD68E8C7E8', 'Beneficiary', x'39346B0DBEC98044AF39EEB457C052D0');
INSERT INTO CD_VRSN_TBL (CD_ID, STS_CD_ID, CRT_PROV_ID, MNEMONIC, CLS_ID) VALUES (x'3EB8817F780D85468BA4224EB315CE54', x'BD4C06C806FA3045B4301A52F1530C27', x'76A0DCFA90366E4AAF9EF1CD68E8C7E8', 'CausativeAgent', x'39346B0DBEC98044AF39EEB457C052D0');
INSERT INTO CD_VRSN_TBL (CD_ID, STS_CD_ID, CRT_PROV_ID, MNEMONIC, CLS_ID) VALUES (x'D471544BFEE3F74585A2AE2B4F224757', x'BD4C06C806FA3045B4301A52F1530C27', x'76A0DCFA90366E4AAF9EF1CD68E8C7E8', 'CoverageTarget', x'39346B0DBEC98044AF39EEB457C052D0');
INSERT INTO CD_VRSN_TBL (CD_ID, STS_CD_ID, CRT_PROV_ID, MNEMONIC, CLS_ID) VALUES (x'1E79FB289E171A46B16CCAC13A04BD0A', x'BD4C06C806FA3045B4301A52F1530C27', x'76A0DCFA90366E4AAF9EF1CD68E8C7E8', 'GuarantorParty', x'39346B0DBEC98044AF39EEB457C052D0');
INSERT INTO CD_VRSN_TBL (CD_ID, STS_CD_ID, CRT_PROV_ID, MNEMONIC, CLS_ID) VALUES (x'EEDB923F5EA64F4398CE841FEEB02E3F', x'BD4C06C806FA3045B4301A52F1530C27', x'76A0DCFA90366E4AAF9EF1CD68E8C7E8', 'RecordTarget', x'39346B0DBEC98044AF39EEB457C052D0');
INSERT INTO CD_VRSN_TBL (CD_ID, STS_CD_ID, CRT_PROV_ID, MNEMONIC, CLS_ID) VALUES (x'B894C653D827DD4395A4BB318431D17C', x'BD4C06C806FA3045B4301A52F1530C27', x'76A0DCFA90366E4AAF9EF1CD68E8C7E8', 'Receiver', x'39346B0DBEC98044AF39EEB457C052D0');
INSERT INTO CD_VRSN_TBL (CD_ID, STS_CD_ID, CRT_PROV_ID, MNEMONIC, CLS_ID) VALUES (x'9979B801A7855C4F9B7E892F1195CFE3', x'BD4C06C806FA3045B4301A52F1530C27', x'76A0DCFA90366E4AAF9EF1CD68E8C7E8', 'UgentNotificationContact', x'39346B0DBEC98044AF39EEB457C052D0');
INSERT INTO CD_VRSN_TBL (CD_ID, STS_CD_ID, CRT_PROV_ID, MNEMONIC, CLS_ID) VALUES (x'3479BB02B576C54CBD4258570F15EB4D', x'BD4C06C806FA3045B4301A52F1530C27', x'76A0DCFA90366E4AAF9EF1CD68E8C7E8', 'PrimaryInformationRecipient', x'39346B0DBEC98044AF39EEB457C052D0');
INSERT INTO CD_VRSN_TBL (CD_ID, STS_CD_ID, CRT_PROV_ID, MNEMONIC, CLS_ID) VALUES (x'CAA6A36DB02A324D9588E094F277F06D', x'BD4C06C806FA3045B4301A52F1530C27', x'76A0DCFA90366E4AAF9EF1CD68E8C7E8', 'ReferredBy', x'39346B0DBEC98044AF39EEB457C052D0');
INSERT INTO CD_VRSN_TBL (CD_ID, STS_CD_ID, CRT_PROV_ID, MNEMONIC, CLS_ID) VALUES (x'55923F355E76364380071D61AB09AAD6', x'BD4C06C806FA3045B4301A52F1530C27', x'76A0DCFA90366E4AAF9EF1CD68E8C7E8', 'ReferredTo', x'39346B0DBEC98044AF39EEB457C052D0');
INSERT INTO CD_VRSN_TBL (CD_ID, STS_CD_ID, CRT_PROV_ID, MNEMONIC, CLS_ID) VALUES (x'3A01BEC3C520204C840CD9DBB15D040E', x'BD4C06C806FA3045B4301A52F1530C27', x'76A0DCFA90366E4AAF9EF1CD68E8C7E8', 'Tracker', x'39346B0DBEC98044AF39EEB457C052D0');
INSERT INTO CD_VRSN_TBL (CD_ID, STS_CD_ID, CRT_PROV_ID, MNEMONIC, CLS_ID) VALUES (x'24367B7262EABB46A68BB9E49E302ECA', x'BD4C06C806FA3045B4301A52F1530C27', x'76A0DCFA90366E4AAF9EF1CD68E8C7E8', 'Destination', x'39346B0DBEC98044AF39EEB457C052D0');
INSERT INTO CD_VRSN_TBL (CD_ID, STS_CD_ID, CRT_PROV_ID, MNEMONIC, CLS_ID) VALUES (x'5B1805AC805AA847B924060DEB6D0EB2', x'BD4C06C806FA3045B4301A52F1530C27', x'76A0DCFA90366E4AAF9EF1CD68E8C7E8', 'EntryLocation', x'39346B0DBEC98044AF39EEB457C052D0');
INSERT INTO CD_VRSN_TBL (CD_ID, STS_CD_ID, CRT_PROV_ID, MNEMONIC, CLS_ID) VALUES (x'215F175D63198945A400B5EF5F64842C', x'BD4C06C806FA3045B4301A52F1530C27', x'76A0DCFA90366E4AAF9EF1CD68E8C7E8', 'Origin', x'39346B0DBEC98044AF39EEB457C052D0');
INSERT INTO CD_VRSN_TBL (CD_ID, STS_CD_ID, CRT_PROV_ID, MNEMONIC, CLS_ID) VALUES (x'DE25123C4E19CE49A41A0F9376B04C11', x'BD4C06C806FA3045B4301A52F1530C27', x'76A0DCFA90366E4AAF9EF1CD68E8C7E8', 'Remote', x'39346B0DBEC98044AF39EEB457C052D0');
INSERT INTO CD_VRSN_TBL (CD_ID, STS_CD_ID, CRT_PROV_ID, MNEMONIC, CLS_ID) VALUES (x'74AC0F5BC65AE64499A46813C0E2F4A9', x'BD4C06C806FA3045B4301A52F1530C27', x'76A0DCFA90366E4AAF9EF1CD68E8C7E8', 'Via', x'39346B0DBEC98044AF39EEB457C052D0');
INSERT INTO CD_VRSN_TBL (CD_ID, STS_CD_ID, CRT_PROV_ID, MNEMONIC, CLS_ID) VALUES (x'A4705EFA6EA465468A2094D4D7B86FC8', x'BD4C06C806FA3045B4301A52F1530C27', x'76A0DCFA90366E4AAF9EF1CD68E8C7E8', 'Performer', x'39346B0DBEC98044AF39EEB457C052D0');
INSERT INTO CD_VRSN_TBL (CD_ID, STS_CD_ID, CRT_PROV_ID, MNEMONIC, CLS_ID) VALUES (x'FA083F695A62D240B9286856099C0349', x'BD4C06C806FA3045B4301A52F1530C27', x'76A0DCFA90366E4AAF9EF1CD68E8C7E8', 'Distributor', x'39346B0DBEC98044AF39EEB457C052D0');
INSERT INTO CD_VRSN_TBL (CD_ID, STS_CD_ID, CRT_PROV_ID, MNEMONIC, CLS_ID) VALUES (x'6C13F6796514E845917EE7832BC8E3B2', x'BD4C06C806FA3045B4301A52F1530C27', x'76A0DCFA90366E4AAF9EF1CD68E8C7E8', 'PrimaryPerformer', x'39346B0DBEC98044AF39EEB457C052D0');
INSERT INTO CD_VRSN_TBL (CD_ID, STS_CD_ID, CRT_PROV_ID, MNEMONIC, CLS_ID) VALUES (x'061EF94F392EE3449FBE0D828FE318FE', x'BD4C06C806FA3045B4301A52F1530C27', x'76A0DCFA90366E4AAF9EF1CD68E8C7E8', 'SecondaryPerformer', x'39346B0DBEC98044AF39EEB457C052D0');
INSERT INTO CD_VRSN_TBL (CD_ID, STS_CD_ID, CRT_PROV_ID, MNEMONIC, CLS_ID) VALUES (x'124C476478B9B64BA58446DADEC2D952', x'BD4C06C806FA3045B4301A52F1530C27', x'76A0DCFA90366E4AAF9EF1CD68E8C7E8', 'ResponsibleParty', x'39346B0DBEC98044AF39EEB457C052D0');
INSERT INTO CD_VRSN_TBL (CD_ID, STS_CD_ID, CRT_PROV_ID, MNEMONIC, CLS_ID) VALUES (x'8757DCF94DDDC642A082AC7D11956FDA', x'BD4C06C806FA3045B4301A52F1530C27', x'76A0DCFA90366E4AAF9EF1CD68E8C7E8', 'Verifier', x'39346B0DBEC98044AF39EEB457C052D0');
INSERT INTO CD_VRSN_TBL (CD_ID, STS_CD_ID, CRT_PROV_ID, MNEMONIC, CLS_ID) VALUES (x'82BF2D1B03A5F44C9ECBA8E111B4674E', x'BD4C06C806FA3045B4301A52F1530C27', x'76A0DCFA90366E4AAF9EF1CD68E8C7E8', 'Authenticator', x'39346B0DBEC98044AF39EEB457C052D0');
INSERT INTO CD_VRSN_TBL (CD_ID, STS_CD_ID, CRT_PROV_ID, MNEMONIC, CLS_ID) VALUES (x'33A3160746CD9D43BFD6BF788F3885FA', x'BD4C06C806FA3045B4301A52F1530C27', x'76A0DCFA90366E4AAF9EF1CD68E8C7E8', 'LegalAuthenticator', x'39346B0DBEC98044AF39EEB457C052D0');
INSERT INTO CD_VRSN_TBL (CD_ID, STS_CD_ID, CRT_PROV_ID, MNEMONIC, CLS_ID) VALUES (x'3571088E6F8C1442BDD2448387D3F24C', x'BD4C06C806FA3045B4301A52F1530C27', x'76A0DCFA90366E4AAF9EF1CD68E8C7E8', 'Circle', x'39346B0DBEC98044AF39EEB457C052D0');
INSERT INTO CD_VRSN_TBL (CD_ID, STS_CD_ID, CRT_PROV_ID, MNEMONIC, CLS_ID) VALUES (x'70CCD7CEBC12BB45AC46DDF41141E64B', x'BD4C06C806FA3045B4301A52F1530C27', x'76A0DCFA90366E4AAF9EF1CD68E8C7E8', 'Ellipse', x'39346B0DBEC98044AF39EEB457C052D0');
INSERT INTO CD_VRSN_TBL (CD_ID, STS_CD_ID, CRT_PROV_ID, MNEMONIC, CLS_ID) VALUES (x'6E5DF36A7C5534409518E87BC6CFF808', x'BD4C06C806FA3045B4301A52F1530C27', x'76A0DCFA90366E4AAF9EF1CD68E8C7E8', 'Point', x'39346B0DBEC98044AF39EEB457C052D0');
INSERT INTO CD_VRSN_TBL (CD_ID, STS_CD_ID, CRT_PROV_ID, MNEMONIC, CLS_ID) VALUES (x'D93BDAFDEEA39C479B2D89BA49F09B85', x'BD4C06C806FA3045B4301A52F1530C27', x'76A0DCFA90366E4AAF9EF1CD68E8C7E8', 'Polyline', x'39346B0DBEC98044AF39EEB457C052D0');
INSERT INTO CD_VRSN_TBL (CD_ID, STS_CD_ID, CRT_PROV_ID, MNEMONIC, CLS_ID) VALUES (x'8DB98236144B2B4E92F5AA7ABF522E28', x'BD4C06C806FA3045B4301A52F1530C27', x'76A0DCFA90366E4AAF9EF1CD68E8C7E8', 'CON', x'5452FD17258CBB4AB246083FBE9AFA15');
INSERT INTO CD_VRSN_TBL (CD_ID, STS_CD_ID, CRT_PROV_ID, MNEMONIC, CLS_ID) VALUES (x'E7B5E78D41C9BD42B73552D750EFC5E6', x'BD4C06C806FA3045B4301A52F1530C27', x'76A0DCFA90366E4AAF9EF1CD68E8C7E8', 'Affiliate', x'5452FD17258CBB4AB246083FBE9AFA15');
INSERT INTO CD_VRSN_TBL (CD_ID, STS_CD_ID, CRT_PROV_ID, MNEMONIC, CLS_ID) VALUES (x'45D47F8690D41946804E75C04B8A0E57', x'BD4C06C806FA3045B4301A52F1530C27', x'76A0DCFA90366E4AAF9EF1CD68E8C7E8', 'Agent', x'5452FD17258CBB4AB246083FBE9AFA15');
INSERT INTO CD_VRSN_TBL (CD_ID, STS_CD_ID, CRT_PROV_ID, MNEMONIC, CLS_ID) VALUES (x'4BA0B77765C0AF4F8EC02CDAD4AE372B', x'BD4C06C806FA3045B4301A52F1530C27', x'76A0DCFA90366E4AAF9EF1CD68E8C7E8', 'AssignedEntity', x'5452FD17258CBB4AB246083FBE9AFA15');
INSERT INTO CD_VRSN_TBL (CD_ID, STS_CD_ID, CRT_PROV_ID, MNEMONIC, CLS_ID) VALUES (x'0114BD33DBDFE740A9140A695AD5186E', x'BD4C06C806FA3045B4301A52F1530C27', x'76A0DCFA90366E4AAF9EF1CD68E8C7E8', 'CommissioningParty', x'5452FD17258CBB4AB246083FBE9AFA15');
INSERT INTO CD_VRSN_TBL (CD_ID, STS_CD_ID, CRT_PROV_ID, MNEMONIC, CLS_ID) VALUES (x'DF987F75E0146A44BD50BB0AFFB34F09', x'BD4C06C806FA3045B4301A52F1530C27', x'76A0DCFA90366E4AAF9EF1CD68E8C7E8', 'SigningAuthorityOrOfficer', x'5452FD17258CBB4AB246083FBE9AFA15');
INSERT INTO CD_VRSN_TBL (CD_ID, STS_CD_ID, CRT_PROV_ID, MNEMONIC, CLS_ID) VALUES (x'8D14D2B135BB37438FE6021F5A3AC8A3', x'BD4C06C806FA3045B4301A52F1530C27', x'76A0DCFA90366E4AAF9EF1CD68E8C7E8', 'Contact', x'5452FD17258CBB4AB246083FBE9AFA15');
INSERT INTO CD_VRSN_TBL (CD_ID, STS_CD_ID, CRT_PROV_ID, MNEMONIC, CLS_ID) VALUES (x'425F98256A475544A9774E97A554D710', x'BD4C06C806FA3045B4301A52F1530C27', x'76A0DCFA90366E4AAF9EF1CD68E8C7E8', 'EmergencyContact', x'5452FD17258CBB4AB246083FBE9AFA15');
INSERT INTO CD_VRSN_TBL (CD_ID, STS_CD_ID, CRT_PROV_ID, MNEMONIC, CLS_ID) VALUES (x'4FE7E41E2D54444596F6266A6247F274', x'BD4C06C806FA3045B4301A52F1530C27', x'76A0DCFA90366E4AAF9EF1CD68E8C7E8', 'NextOfKin', x'5452FD17258CBB4AB246083FBE9AFA15');
INSERT INTO CD_VRSN_TBL (CD_ID, STS_CD_ID, CRT_PROV_ID, MNEMONIC, CLS_ID) VALUES (x'34238E3BCC4C244F8AAE37341EA03D3E', x'BD4C06C806FA3045B4301A52F1530C27', x'76A0DCFA90366E4AAF9EF1CD68E8C7E8', 'Guardian', x'5452FD17258CBB4AB246083FBE9AFA15');
INSERT INTO CD_VRSN_TBL (CD_ID, STS_CD_ID, CRT_PROV_ID, MNEMONIC, CLS_ID) VALUES (x'5231B1353CE4CB4B8649A9E83BEE33A2', x'BD4C06C806FA3045B4301A52F1530C27', x'76A0DCFA90366E4AAF9EF1CD68E8C7E8', 'Citizen', x'5452FD17258CBB4AB246083FBE9AFA15');
INSERT INTO CD_VRSN_TBL (CD_ID, STS_CD_ID, CRT_PROV_ID, MNEMONIC, CLS_ID) VALUES (x'724684D4D7C04C4383776DD0655B0532', x'BD4C06C806FA3045B4301A52F1530C27', x'76A0DCFA90366E4AAF9EF1CD68E8C7E8', 'CoveredParty', x'5452FD17258CBB4AB246083FBE9AFA15');
INSERT INTO CD_VRSN_TBL (CD_ID, STS_CD_ID, CRT_PROV_ID, MNEMONIC, CLS_ID) VALUES (x'7962259DACF1B346A974DD13E2AD4F72', x'BD4C06C806FA3045B4301A52F1530C27', x'76A0DCFA90366E4AAF9EF1CD68E8C7E8', 'Claimant', x'5452FD17258CBB4AB246083FBE9AFA15');
INSERT INTO CD_VRSN_TBL (CD_ID, STS_CD_ID, CRT_PROV_ID, MNEMONIC, CLS_ID) VALUES (x'377F903D5C08264CB59B62E40621DAFD', x'BD4C06C806FA3045B4301A52F1530C27', x'76A0DCFA90366E4AAF9EF1CD68E8C7E8', 'NamedInsured', x'5452FD17258CBB4AB246083FBE9AFA15');
INSERT INTO CD_VRSN_TBL (CD_ID, STS_CD_ID, CRT_PROV_ID, MNEMONIC, CLS_ID) VALUES (x'8FD78EF2AB85A147BA08B5051E62D6C3', x'BD4C06C806FA3045B4301A52F1530C27', x'76A0DCFA90366E4AAF9EF1CD68E8C7E8', 'Dependent', x'5452FD17258CBB4AB246083FBE9AFA15');
INSERT INTO CD_VRSN_TBL (CD_ID, STS_CD_ID, CRT_PROV_ID, MNEMONIC, CLS_ID) VALUES (x'0F9B044789F1194E9AA87C38ADB2491A', x'BD4C06C806FA3045B4301A52F1530C27', x'76A0DCFA90366E4AAF9EF1CD68E8C7E8', 'Individual', x'5452FD17258CBB4AB246083FBE9AFA15');
INSERT INTO CD_VRSN_TBL (CD_ID, STS_CD_ID, CRT_PROV_ID, MNEMONIC, CLS_ID) VALUES (x'5B2A1AF313CEE147A0FBD704F31547DB', x'BD4C06C806FA3045B4301A52F1530C27', x'76A0DCFA90366E4AAF9EF1CD68E8C7E8', 'Subscriber', x'5452FD17258CBB4AB246083FBE9AFA15');
INSERT INTO CD_VRSN_TBL (CD_ID, STS_CD_ID, CRT_PROV_ID, MNEMONIC, CLS_ID) VALUES (x'0CA0E2CBD5E1E944AAE3D7D03E3C2EFA', x'BD4C06C806FA3045B4301A52F1530C27', x'76A0DCFA90366E4AAF9EF1CD68E8C7E8', 'ProgramEligible', x'5452FD17258CBB4AB246083FBE9AFA15');
INSERT INTO CD_VRSN_TBL (CD_ID, STS_CD_ID, CRT_PROV_ID, MNEMONIC, CLS_ID) VALUES (x'C07BAD43D82E274B97E5B3DB00A07D17', x'BD4C06C806FA3045B4301A52F1530C27', x'76A0DCFA90366E4AAF9EF1CD68E8C7E8', 'ClinicalResearchInvestigator', x'5452FD17258CBB4AB246083FBE9AFA15');
INSERT INTO CD_VRSN_TBL (CD_ID, STS_CD_ID, CRT_PROV_ID, MNEMONIC, CLS_ID) VALUES (x'E66AC966C4C5664D9BD0A00C56E831DA', x'BD4C06C806FA3045B4301A52F1530C27', x'76A0DCFA90366E4AAF9EF1CD68E8C7E8', 'ClinicalResearchSponsor', x'5452FD17258CBB4AB246083FBE9AFA15');
INSERT INTO CD_VRSN_TBL (CD_ID, STS_CD_ID, CRT_PROV_ID, MNEMONIC, CLS_ID) VALUES (x'13953CB41C1CD04E92DB55A904C122E6', x'BD4C06C806FA3045B4301A52F1530C27', x'76A0DCFA90366E4AAF9EF1CD68E8C7E8', 'Employee', x'5452FD17258CBB4AB246083FBE9AFA15');
INSERT INTO CD_VRSN_TBL (CD_ID, STS_CD_ID, CRT_PROV_ID, MNEMONIC, CLS_ID) VALUES (x'8DB0CF1BFAC6DD4198BF06336A33A3B7', x'BD4C06C806FA3045B4301A52F1530C27', x'76A0DCFA90366E4AAF9EF1CD68E8C7E8', 'MilitaryPerson', x'5452FD17258CBB4AB246083FBE9AFA15');
INSERT INTO CD_VRSN_TBL (CD_ID, STS_CD_ID, CRT_PROV_ID, MNEMONIC, CLS_ID) VALUES (x'570CB1F5E13AEA4186491CF8D9848AE1', x'BD4C06C806FA3045B4301A52F1530C27', x'76A0DCFA90366E4AAF9EF1CD68E8C7E8', 'Guarantor', x'5452FD17258CBB4AB246083FBE9AFA15');
INSERT INTO CD_VRSN_TBL (CD_ID, STS_CD_ID, CRT_PROV_ID, MNEMONIC, CLS_ID) VALUES (x'D12B520CA2DFCB43A98EF6FF137968AE', x'BD4C06C806FA3045B4301A52F1530C27', x'76A0DCFA90366E4AAF9EF1CD68E8C7E8', 'InvestigationSubject', x'5452FD17258CBB4AB246083FBE9AFA15');
INSERT INTO CD_VRSN_TBL (CD_ID, STS_CD_ID, CRT_PROV_ID, MNEMONIC, CLS_ID) VALUES (x'C048ADD79D88E24199E9BE5E6C5327B2', x'BD4C06C806FA3045B4301A52F1530C27', x'76A0DCFA90366E4AAF9EF1CD68E8C7E8', 'CaseSubject', x'5452FD17258CBB4AB246083FBE9AFA15');
INSERT INTO CD_VRSN_TBL (CD_ID, STS_CD_ID, CRT_PROV_ID, MNEMONIC, CLS_ID) VALUES (x'FE7F59EF65D99843B55A650530EBB997', x'BD4C06C806FA3045B4301A52F1530C27', x'76A0DCFA90366E4AAF9EF1CD68E8C7E8', 'ResearchSubject', x'5452FD17258CBB4AB246083FBE9AFA15');
INSERT INTO CD_VRSN_TBL (CD_ID, STS_CD_ID, CRT_PROV_ID, MNEMONIC, CLS_ID) VALUES (x'7E05FEB9577FEB4289D767C69646C0C4', x'BD4C06C806FA3045B4301A52F1530C27', x'76A0DCFA90366E4AAF9EF1CD68E8C7E8', 'LicensedEntity', x'5452FD17258CBB4AB246083FBE9AFA15');
INSERT INTO CD_VRSN_TBL (CD_ID, STS_CD_ID, CRT_PROV_ID, MNEMONIC, CLS_ID) VALUES (x'466CEFF1EB058244BAEBEAF0A8E5FFEF', x'BD4C06C806FA3045B4301A52F1530C27', x'76A0DCFA90366E4AAF9EF1CD68E8C7E8', 'NotaryPublic', x'5452FD17258CBB4AB246083FBE9AFA15');
INSERT INTO CD_VRSN_TBL (CD_ID, STS_CD_ID, CRT_PROV_ID, MNEMONIC, CLS_ID) VALUES (x'D8FE046B64C19C46910BF824C2BDA4F0', x'BD4C06C806FA3045B4301A52F1530C27', x'76A0DCFA90366E4AAF9EF1CD68E8C7E8', 'HealthcareProvider', x'5452FD17258CBB4AB246083FBE9AFA15');
INSERT INTO CD_VRSN_TBL (CD_ID, STS_CD_ID, CRT_PROV_ID, MNEMONIC, CLS_ID) VALUES (x'6F9CCDBAA93F1E48963637457962804D', x'BD4C06C806FA3045B4301A52F1530C27', x'76A0DCFA90366E4AAF9EF1CD68E8C7E8', 'Patient', x'5452FD17258CBB4AB246083FBE9AFA15');
INSERT INTO CD_VRSN_TBL (CD_ID, STS_CD_ID, CRT_PROV_ID, MNEMONIC, CLS_ID) VALUES (x'E15145736029684A93A2B277DB072A43', x'BD4C06C806FA3045B4301A52F1530C27', x'76A0DCFA90366E4AAF9EF1CD68E8C7E8', 'Payee', x'5452FD17258CBB4AB246083FBE9AFA15');
INSERT INTO CD_VRSN_TBL (CD_ID, STS_CD_ID, CRT_PROV_ID, MNEMONIC, CLS_ID) VALUES (x'D222C907C9125A4195D49B3FED4959D6', x'BD4C06C806FA3045B4301A52F1530C27', x'76A0DCFA90366E4AAF9EF1CD68E8C7E8', 'InvoicePayor', x'5452FD17258CBB4AB246083FBE9AFA15');
INSERT INTO CD_VRSN_TBL (CD_ID, STS_CD_ID, CRT_PROV_ID, MNEMONIC, CLS_ID) VALUES (x'EF17C0CE494EAF418596ABAD1A91C9D0', x'BD4C06C806FA3045B4301A52F1530C27', x'76A0DCFA90366E4AAF9EF1CD68E8C7E8', 'PolicyHolder', x'5452FD17258CBB4AB246083FBE9AFA15');
INSERT INTO CD_VRSN_TBL (CD_ID, STS_CD_ID, CRT_PROV_ID, MNEMONIC, CLS_ID) VALUES (x'09DD21654B33BF4F9C891AD5A804326C', x'BD4C06C806FA3045B4301A52F1530C27', x'76A0DCFA90366E4AAF9EF1CD68E8C7E8', 'QualifiedEntity', x'5452FD17258CBB4AB246083FBE9AFA15');
INSERT INTO CD_VRSN_TBL (CD_ID, STS_CD_ID, CRT_PROV_ID, MNEMONIC, CLS_ID) VALUES (x'A5D9F98F06A2664582CD67B770D7CE8A', x'BD4C06C806FA3045B4301A52F1530C27', x'76A0DCFA90366E4AAF9EF1CD68E8C7E8', 'CoverageSponsor', x'5452FD17258CBB4AB246083FBE9AFA15');
INSERT INTO CD_VRSN_TBL (CD_ID, STS_CD_ID, CRT_PROV_ID, MNEMONIC, CLS_ID) VALUES (x'6675150CE9D176498542473CAA9BA2A4', x'BD4C06C806FA3045B4301A52F1530C27', x'76A0DCFA90366E4AAF9EF1CD68E8C7E8', 'Student', x'5452FD17258CBB4AB246083FBE9AFA15');
INSERT INTO CD_VRSN_TBL (CD_ID, STS_CD_ID, CRT_PROV_ID, MNEMONIC, CLS_ID) VALUES (x'3FD8FCA88B804B498A1CEC2C6DBC3DFA', x'BD4C06C806FA3045B4301A52F1530C27', x'76A0DCFA90366E4AAF9EF1CD68E8C7E8', 'Underwriter', x'5452FD17258CBB4AB246083FBE9AFA15');
INSERT INTO CD_VRSN_TBL (CD_ID, STS_CD_ID, CRT_PROV_ID, MNEMONIC, CLS_ID) VALUES (x'05B7C1DD68C77A4C8F6976AD4B167B40', x'BD4C06C806FA3045B4301A52F1530C27', x'76A0DCFA90366E4AAF9EF1CD68E8C7E8', 'Access', x'5452FD17258CBB4AB246083FBE9AFA15');
INSERT INTO CD_VRSN_TBL (CD_ID, STS_CD_ID, CRT_PROV_ID, MNEMONIC, CLS_ID) VALUES (x'957E2CB5B8884C4C836A934277AFDB92', x'BD4C06C806FA3045B4301A52F1530C27', x'76A0DCFA90366E4AAF9EF1CD68E8C7E8', 'AdministerableMaterial', x'5452FD17258CBB4AB246083FBE9AFA15');
INSERT INTO CD_VRSN_TBL (CD_ID, STS_CD_ID, CRT_PROV_ID, MNEMONIC, CLS_ID) VALUES (x'487EEFF3B7D83040B431AFF7E0E1CB76', x'BD4C06C806FA3045B4301A52F1530C27', x'76A0DCFA90366E4AAF9EF1CD68E8C7E8', 'Birthplace', x'5452FD17258CBB4AB246083FBE9AFA15');
INSERT INTO CD_VRSN_TBL (CD_ID, STS_CD_ID, CRT_PROV_ID, MNEMONIC, CLS_ID) VALUES (x'CBDFB031BAD72A4598B945EBCCD30732', x'BD4C06C806FA3045B4301A52F1530C27', x'76A0DCFA90366E4AAF9EF1CD68E8C7E8', 'Caregiver', x'5452FD17258CBB4AB246083FBE9AFA15');
INSERT INTO CD_VRSN_TBL (CD_ID, STS_CD_ID, CRT_PROV_ID, MNEMONIC, CLS_ID) VALUES (x'FE0CBE9BABFAC94DA28FC001E3E95E6E', x'BD4C06C806FA3045B4301A52F1530C27', x'76A0DCFA90366E4AAF9EF1CD68E8C7E8', 'PlaceOfDeath', x'5452FD17258CBB4AB246083FBE9AFA15');
INSERT INTO CD_VRSN_TBL (CD_ID, STS_CD_ID, CRT_PROV_ID, MNEMONIC, CLS_ID) VALUES (x'DA7A54F5B91EBB40B163081567D869E7', x'BD4C06C806FA3045B4301A52F1530C27', x'76A0DCFA90366E4AAF9EF1CD68E8C7E8', 'DistributedMaterial', x'5452FD17258CBB4AB246083FBE9AFA15');
INSERT INTO CD_VRSN_TBL (CD_ID, STS_CD_ID, CRT_PROV_ID, MNEMONIC, CLS_ID) VALUES (x'F4F83D7024B1C54495061AB74DDFD91D', x'BD4C06C806FA3045B4301A52F1530C27', x'76A0DCFA90366E4AAF9EF1CD68E8C7E8', 'RetailedMaterial', x'5452FD17258CBB4AB246083FBE9AFA15');
INSERT INTO CD_VRSN_TBL (CD_ID, STS_CD_ID, CRT_PROV_ID, MNEMONIC, CLS_ID) VALUES (x'7C0839ABD3171A42A1E32DE4E0AB9FAF', x'BD4C06C806FA3045B4301A52F1530C27', x'76A0DCFA90366E4AAF9EF1CD68E8C7E8', 'ExposedEntity', x'5452FD17258CBB4AB246083FBE9AFA15');
INSERT INTO CD_VRSN_TBL (CD_ID, STS_CD_ID, CRT_PROV_ID, MNEMONIC, CLS_ID) VALUES (x'21A6029C6585B44694FFA2BD210989B1', x'BD4C06C806FA3045B4301A52F1530C27', x'76A0DCFA90366E4AAF9EF1CD68E8C7E8', 'HeldEntity', x'5452FD17258CBB4AB246083FBE9AFA15');
INSERT INTO CD_VRSN_TBL (CD_ID, STS_CD_ID, CRT_PROV_ID, MNEMONIC, CLS_ID) VALUES (x'938C0F5BC957FF4DB59A9564739EF445', x'BD4C06C806FA3045B4301A52F1530C27', x'76A0DCFA90366E4AAF9EF1CD68E8C7E8', 'HealthChart', x'5452FD17258CBB4AB246083FBE9AFA15');
INSERT INTO CD_VRSN_TBL (CD_ID, STS_CD_ID, CRT_PROV_ID, MNEMONIC, CLS_ID) VALUES (x'35B9C8C54F29904C9D81CBF914BF5808', x'BD4C06C806FA3045B4301A52F1530C27', x'76A0DCFA90366E4AAF9EF1CD68E8C7E8', 'IdentifiedEntity', x'5452FD17258CBB4AB246083FBE9AFA15');
INSERT INTO CD_VRSN_TBL (CD_ID, STS_CD_ID, CRT_PROV_ID, MNEMONIC, CLS_ID) VALUES (x'3BDF8067BDAFA3448627CBB3DC2F02F6', x'BD4C06C806FA3045B4301A52F1530C27', x'76A0DCFA90366E4AAF9EF1CD68E8C7E8', 'ManufacturedProduct', x'5452FD17258CBB4AB246083FBE9AFA15');
INSERT INTO CD_VRSN_TBL (CD_ID, STS_CD_ID, CRT_PROV_ID, MNEMONIC, CLS_ID) VALUES (x'DB7F65D6F34E3141AF7914E01A21FACA', x'BD4C06C806FA3045B4301A52F1530C27', x'76A0DCFA90366E4AAF9EF1CD68E8C7E8', 'TherapeuticAgent', x'5452FD17258CBB4AB246083FBE9AFA15');
INSERT INTO CD_VRSN_TBL (CD_ID, STS_CD_ID, CRT_PROV_ID, MNEMONIC, CLS_ID) VALUES (x'CDD8B677A0051F4B9E14B895203BF40C', x'BD4C06C806FA3045B4301A52F1530C27', x'76A0DCFA90366E4AAF9EF1CD68E8C7E8', 'MaintainedEntity', x'5452FD17258CBB4AB246083FBE9AFA15');
INSERT INTO CD_VRSN_TBL (CD_ID, STS_CD_ID, CRT_PROV_ID, MNEMONIC, CLS_ID) VALUES (x'5CA17D116408004FA9879B9854CBA44E', x'BD4C06C806FA3045B4301A52F1530C27', x'76A0DCFA90366E4AAF9EF1CD68E8C7E8', 'OwnedEntity', x'5452FD17258CBB4AB246083FBE9AFA15');
INSERT INTO CD_VRSN_TBL (CD_ID, STS_CD_ID, CRT_PROV_ID, MNEMONIC, CLS_ID) VALUES (x'E83FFDAB2695FB48B36635BACA9BD170', x'BD4C06C806FA3045B4301A52F1530C27', x'76A0DCFA90366E4AAF9EF1CD68E8C7E8', 'PersonalRelationship', x'5452FD17258CBB4AB246083FBE9AFA15');
INSERT INTO CD_VRSN_TBL (CD_ID, STS_CD_ID, CRT_PROV_ID, MNEMONIC, CLS_ID) VALUES (x'178DE9204DE2644CB09E521A177CCD05', x'BD4C06C806FA3045B4301A52F1530C27', x'76A0DCFA90366E4AAF9EF1CD68E8C7E8', 'RegulatedProduct', x'5452FD17258CBB4AB246083FBE9AFA15');
INSERT INTO CD_VRSN_TBL (CD_ID, STS_CD_ID, CRT_PROV_ID, MNEMONIC, CLS_ID) VALUES (x'A7DF34FFD3C68B4FBC9F14BCDC13BA6C', x'BD4C06C806FA3045B4301A52F1530C27', x'76A0DCFA90366E4AAF9EF1CD68E8C7E8', 'ServiceDeliveryLocation', x'5452FD17258CBB4AB246083FBE9AFA15');
INSERT INTO CD_VRSN_TBL (CD_ID, STS_CD_ID, CRT_PROV_ID, MNEMONIC, CLS_ID) VALUES (x'72175F4580F5E84786BDB5CE25D351F9', x'BD4C06C806FA3045B4301A52F1530C27', x'76A0DCFA90366E4AAF9EF1CD68E8C7E8', 'DedicatedServiceDeliveryLocation', x'5452FD17258CBB4AB246083FBE9AFA15');
INSERT INTO CD_VRSN_TBL (CD_ID, STS_CD_ID, CRT_PROV_ID, MNEMONIC, CLS_ID) VALUES (x'AAF7BA41FD5F2144831F42D4AB3DE38A', x'BD4C06C806FA3045B4301A52F1530C27', x'76A0DCFA90366E4AAF9EF1CD68E8C7E8', 'IncidentalServiceDeliveryLocation', x'5452FD17258CBB4AB246083FBE9AFA15');
INSERT INTO CD_VRSN_TBL (CD_ID, STS_CD_ID, CRT_PROV_ID, MNEMONIC, CLS_ID) VALUES (x'7625B9C6621D964887996F931F8AB607', x'BD4C06C806FA3045B4301A52F1530C27', x'76A0DCFA90366E4AAF9EF1CD68E8C7E8', 'TerritoryOfAuthority', x'5452FD17258CBB4AB246083FBE9AFA15');
INSERT INTO CD_VRSN_TBL (CD_ID, STS_CD_ID, CRT_PROV_ID, MNEMONIC, CLS_ID) VALUES (x'D9F7FF08C7BA7B41B026C9BEE52F4A37', x'BD4C06C806FA3045B4301A52F1530C27', x'76A0DCFA90366E4AAF9EF1CD68E8C7E8', 'UsedEntity', x'5452FD17258CBB4AB246083FBE9AFA15');
INSERT INTO CD_VRSN_TBL (CD_ID, STS_CD_ID, CRT_PROV_ID, MNEMONIC, CLS_ID) VALUES (x'8F4B9B63D3AF63499E79EF0D3928796A', x'BD4C06C806FA3045B4301A52F1530C27', x'76A0DCFA90366E4AAF9EF1CD68E8C7E8', 'WarrantedProduct', x'5452FD17258CBB4AB246083FBE9AFA15');
INSERT INTO CD_VRSN_TBL (CD_ID, STS_CD_ID, CRT_PROV_ID, MNEMONIC, CLS_ID) VALUES (x'DE205184F7E6EC4C94AAE6E943C91367', x'BD4C06C806FA3045B4301A52F1530C27', x'76A0DCFA90366E4AAF9EF1CD68E8C7E8', 'GUARD', x'5452FD17258CBB4AB246083FBE9AFA15');
INSERT INTO CD_VRSN_TBL (CD_ID, STS_CD_ID, CRT_PROV_ID, MNEMONIC, CLS_ID) VALUES (x'52B5FEB2AF8EFE45A397F789D6F4728A', x'BD4C06C806FA3045B4301A52F1530C27', x'76A0DCFA90366E4AAF9EF1CD68E8C7E8', 'Part', x'5452FD17258CBB4AB246083FBE9AFA15');
INSERT INTO CD_VRSN_TBL (CD_ID, STS_CD_ID, CRT_PROV_ID, MNEMONIC, CLS_ID) VALUES (x'6B1B2B2174B0754A862DE4E194252044', x'BD4C06C806FA3045B4301A52F1530C27', x'76A0DCFA90366E4AAF9EF1CD68E8C7E8', 'ActiveMoiety', x'5452FD17258CBB4AB246083FBE9AFA15');
INSERT INTO CD_VRSN_TBL (CD_ID, STS_CD_ID, CRT_PROV_ID, MNEMONIC, CLS_ID) VALUES (x'E470F6CF5E968842B96647A44479D2AD', x'BD4C06C806FA3045B4301A52F1530C27', x'76A0DCFA90366E4AAF9EF1CD68E8C7E8', 'Aliquot', x'5452FD17258CBB4AB246083FBE9AFA15');
INSERT INTO CD_VRSN_TBL (CD_ID, STS_CD_ID, CRT_PROV_ID, MNEMONIC, CLS_ID) VALUES (x'A0280C02527CF442A046DB9E329D5A42', x'BD4C06C806FA3045B4301A52F1530C27', x'76A0DCFA90366E4AAF9EF1CD68E8C7E8', 'Isolate', x'5452FD17258CBB4AB246083FBE9AFA15');
INSERT INTO CD_VRSN_TBL (CD_ID, STS_CD_ID, CRT_PROV_ID, MNEMONIC, CLS_ID) VALUES (x'69A444CAD78184449189CA1D55AFECBC', x'BD4C06C806FA3045B4301A52F1530C27', x'76A0DCFA90366E4AAF9EF1CD68E8C7E8', 'AccountManagement', x'5452FD17258CBB4AB246083FBE9AFA15');
INSERT INTO CD_VRSN_TBL (CD_ID, STS_CD_ID, CRT_PROV_ID, MNEMONIC, CLS_ID) VALUES (x'4E4274D892C6D84FB94E642E1CBF83E9', x'BD4C06C806FA3045B4301A52F1530C27', x'76A0DCFA90366E4AAF9EF1CD68E8C7E8', 'Act', x'5452FD17258CBB4AB246083FBE9AFA15');
INSERT INTO CD_VRSN_TBL (CD_ID, STS_CD_ID, CRT_PROV_ID, MNEMONIC, CLS_ID) VALUES (x'0878EB035108E249B773663B0AC2BD38', x'BD4C06C806FA3045B4301A52F1530C27', x'76A0DCFA90366E4AAF9EF1CD68E8C7E8', 'CTTEVENT', x'5452FD17258CBB4AB246083FBE9AFA15');
INSERT INTO CD_VRSN_TBL (CD_ID, STS_CD_ID, CRT_PROV_ID, MNEMONIC, CLS_ID) VALUES (x'7B297115ED8602408B4013403CBA68AB', x'BD4C06C806FA3045B4301A52F1530C27', x'76A0DCFA90366E4AAF9EF1CD68E8C7E8', 'INC', x'5452FD17258CBB4AB246083FBE9AFA15');
INSERT INTO CD_VRSN_TBL (CD_ID, STS_CD_ID, CRT_PROV_ID, MNEMONIC, CLS_ID) VALUES (x'68172F199ED39D4087BE5AFD0EE0D1FE', x'BD4C06C806FA3045B4301A52F1530C27', x'76A0DCFA90366E4AAF9EF1CD68E8C7E8', 'Inform', x'5452FD17258CBB4AB246083FBE9AFA15');
INSERT INTO CD_VRSN_TBL (CD_ID, STS_CD_ID, CRT_PROV_ID, MNEMONIC, CLS_ID) VALUES (x'C093AF06FC08F44DB084190D680331E0', x'BD4C06C806FA3045B4301A52F1530C27', x'76A0DCFA90366E4AAF9EF1CD68E8C7E8', 'PCPR', x'5452FD17258CBB4AB246083FBE9AFA15');
INSERT INTO CD_VRSN_TBL (CD_ID, STS_CD_ID, CRT_PROV_ID, MNEMONIC, CLS_ID) VALUES (x'58D3E86B91F53A4A9A571889B0147C7E', x'BD4C06C806FA3045B4301A52F1530C27', x'76A0DCFA90366E4AAF9EF1CD68E8C7E8', 'Registration', x'5452FD17258CBB4AB246083FBE9AFA15');
INSERT INTO CD_VRSN_TBL (CD_ID, STS_CD_ID, CRT_PROV_ID, MNEMONIC, CLS_ID) VALUES (x'B132AE7EAE27784E909B9F7D07E1C446', x'BD4C06C806FA3045B4301A52F1530C27', x'76A0DCFA90366E4AAF9EF1CD68E8C7E8', 'SPCTRT', x'5452FD17258CBB4AB246083FBE9AFA15');
INSERT INTO CD_VRSN_TBL (CD_ID, STS_CD_ID, CRT_PROV_ID, MNEMONIC, CLS_ID) VALUES (x'767F676105DC6D4691DE47EFC8E7A3E6', x'BD4C06C806FA3045B4301A52F1530C27', x'76A0DCFA90366E4AAF9EF1CD68E8C7E8', 'Transport', x'5452FD17258CBB4AB246083FBE9AFA15');
INSERT INTO CD_VRSN_TBL (CD_ID, STS_CD_ID, CRT_PROV_ID, MNEMONIC, CLS_ID) VALUES (x'78E26D67AA64F2449B6960D61FC1F5F5', x'BD4C06C806FA3045B4301A52F1530C27', x'76A0DCFA90366E4AAF9EF1CD68E8C7E8', 'Battery', x'5452FD17258CBB4AB246083FBE9AFA15');
INSERT INTO CD_VRSN_TBL (CD_ID, STS_CD_ID, CRT_PROV_ID, MNEMONIC, CLS_ID) VALUES (x'B59180D3659021478A1FBFBB3B4BF447', x'BD4C06C806FA3045B4301A52F1530C27', x'76A0DCFA90366E4AAF9EF1CD68E8C7E8', 'Cluster', x'5452FD17258CBB4AB246083FBE9AFA15');
INSERT INTO CD_VRSN_TBL (CD_ID, STS_CD_ID, CRT_PROV_ID, MNEMONIC, CLS_ID) VALUES (x'26A4143B37632A4FB83BE6BE7DBCD5A5', x'BD4C06C806FA3045B4301A52F1530C27', x'76A0DCFA90366E4AAF9EF1CD68E8C7E8', 'Definition', x'2297A9BBCE239A468FA510DEBA853D35');
INSERT INTO CD_VRSN_TBL (CD_ID, STS_CD_ID, CRT_PROV_ID, MNEMONIC, CLS_ID) VALUES (x'6759921348E7D64DB5621E1DA3DDFB06', x'BD4C06C806FA3045B4301A52F1530C27', x'76A0DCFA90366E4AAF9EF1CD68E8C7E8', 'Goal', x'2297A9BBCE239A468FA510DEBA853D35');
INSERT INTO CD_VRSN_TBL (CD_ID, STS_CD_ID, CRT_PROV_ID, MNEMONIC, CLS_ID) VALUES (x'5ECC9B092F8E504DB5099F9D5BBEB58E', x'BD4C06C806FA3045B4301A52F1530C27', x'76A0DCFA90366E4AAF9EF1CD68E8C7E8', 'Intent', x'2297A9BBCE239A468FA510DEBA853D35');
INSERT INTO CD_VRSN_TBL (CD_ID, STS_CD_ID, CRT_PROV_ID, MNEMONIC, CLS_ID) VALUES (x'F2BAF7AC1F22C24B8116CEB5165BE079', x'BD4C06C806FA3045B4301A52F1530C27', x'76A0DCFA90366E4AAF9EF1CD68E8C7E8', 'Propose', x'2297A9BBCE239A468FA510DEBA853D35');
INSERT INTO CD_VRSN_TBL (CD_ID, STS_CD_ID, CRT_PROV_ID, MNEMONIC, CLS_ID) VALUES (x'05F23DDCEF185448AC0068C295C9C744', x'BD4C06C806FA3045B4301A52F1530C27', x'76A0DCFA90366E4AAF9EF1CD68E8C7E8', 'Appends', x'CDFD1DF59B031F4E90BE3CF56AEF8DA4');
INSERT INTO CD_VRSN_TBL (CD_ID, STS_CD_ID, CRT_PROV_ID, MNEMONIC, CLS_ID) VALUES (x'378657D1CBE15E41B3194011DA033813', x'BD4C06C806FA3045B4301A52F1530C27', x'76A0DCFA90366E4AAF9EF1CD68E8C7E8', 'Replaces', x'CDFD1DF59B031F4E90BE3CF56AEF8DA4');
INSERT INTO CD_VRSN_TBL (CD_ID, STS_CD_ID, CRT_PROV_ID, MNEMONIC, CLS_ID) VALUES (x'2AE02ADB12FF1B4C9C5BECDD41AF8583', x'BD4C06C806FA3045B4301A52F1530C27', x'76A0DCFA90366E4AAF9EF1CD68E8C7E8', 'Transforms', x'CDFD1DF59B031F4E90BE3CF56AEF8DA4');
INSERT INTO CD_VRSN_TBL (CD_ID, STS_CD_ID, CRT_PROV_ID, MNEMONIC, CLS_ID) VALUES (x'F8A0B6816AB85F499D5D8A4073FDD882', x'BD4C06C806FA3045B4301A52F1530C27', x'76A0DCFA90366E4AAF9EF1CD68E8C7E8', 'IsDerivedFrom', x'CDFD1DF59B031F4E90BE3CF56AEF8DA4');
INSERT INTO CD_VRSN_TBL (CD_ID, STS_CD_ID, CRT_PROV_ID, MNEMONIC, CLS_ID) VALUES (x'8516D85799E3BD4A874496454188A9FA', x'BD4C06C806FA3045B4301A52F1530C27', x'76A0DCFA90366E4AAF9EF1CD68E8C7E8', 'IsCauseOf', x'CDFD1DF59B031F4E90BE3CF56AEF8DA4');
INSERT INTO CD_VRSN_TBL (CD_ID, STS_CD_ID, CRT_PROV_ID, MNEMONIC, CLS_ID) VALUES (x'94ACBE8DCBCC1244A99009BAB26DD048', x'BD4C06C806FA3045B4301A52F1530C27', x'76A0DCFA90366E4AAF9EF1CD68E8C7E8', 'Evaluates', x'CDFD1DF59B031F4E90BE3CF56AEF8DA4');
INSERT INTO CD_VRSN_TBL (CD_ID, STS_CD_ID, CRT_PROV_ID, MNEMONIC, CLS_ID) VALUES (x'178D9122DCD33541A0034C1C52E57E75', x'BD4C06C806FA3045B4301A52F1530C27', x'76A0DCFA90366E4AAF9EF1CD68E8C7E8', 'HasManifestation', x'CDFD1DF59B031F4E90BE3CF56AEF8DA4');
INSERT INTO CD_VRSN_TBL (CD_ID, STS_CD_ID, CRT_PROV_ID, MNEMONIC, CLS_ID) VALUES (x'9A25CE8F59B8E34A81600221F6AB1650', x'BD4C06C806FA3045B4301A52F1530C27', x'76A0DCFA90366E4AAF9EF1CD68E8C7E8', 'RefersTo', x'CDFD1DF59B031F4E90BE3CF56AEF8DA4');
INSERT INTO CD_VRSN_TBL (CD_ID, STS_CD_ID, CRT_PROV_ID, MNEMONIC, CLS_ID) VALUES (x'A261DA55867BF3479B0BBA47DC99C950', x'BD4C06C806FA3045B4301A52F1530C27', x'76A0DCFA90366E4AAF9EF1CD68E8C7E8', 'HasReason', x'CDFD1DF59B031F4E90BE3CF56AEF8DA4');
INSERT INTO CD_VRSN_TBL (CD_ID, STS_CD_ID, CRT_PROV_ID, MNEMONIC, CLS_ID) VALUES (x'A97C6DC6C2C6B1469276AD76BAF04B07', x'BD4C06C806FA3045B4301A52F1530C27', x'76A0DCFA90366E4AAF9EF1CD68E8C7E8', 'StartsAfterStartOf', x'CDFD1DF59B031F4E90BE3CF56AEF8DA4');
INSERT INTO CD_VRSN_TBL (CD_ID, STS_CD_ID, CRT_PROV_ID, MNEMONIC, CLS_ID) VALUES (x'F1E309325822634B81822C888DA66CF0', x'BD4C06C806FA3045B4301A52F1530C27', x'76A0DCFA90366E4AAF9EF1CD68E8C7E8', 'SPRT', x'CDFD1DF59B031F4E90BE3CF56AEF8DA4');
INSERT INTO CD_VRSN_TBL (CD_ID, STS_CD_ID, CRT_PROV_ID, MNEMONIC, CLS_ID) VALUES (x'BCC371987AB59D47A0317B56CB06FA84', x'BD4C06C806FA3045B4301A52F1530C27', x'76A0DCFA90366E4AAF9EF1CD68E8C7E8', 'HasSubject', x'CDFD1DF59B031F4E90BE3CF56AEF8DA4');
INSERT INTO CD_VRSN_TBL (CD_ID, STS_CD_ID, CRT_PROV_ID, MNEMONIC, CLS_ID) VALUES (x'05E9C6FF1D160B4C8CDEA04E9E9D0CD5', x'BD4C06C806FA3045B4301A52F1530C27', x'76A0DCFA90366E4AAF9EF1CD68E8C7E8', 'IsExcertpOf', x'CDFD1DF59B031F4E90BE3CF56AEF8DA4');
INSERT INTO CD_VRSN_TBL (CD_ID, STS_CD_ID, CRT_PROV_ID, MNEMONIC, CLS_ID) VALUES (x'10ACF9EBC9B57A4091A4360BFB7E0FB9', x'BD4C06C806FA3045B4301A52F1530C27', x'76A0DCFA90366E4AAF9EF1CD68E8C7E8', 'EpisodeLink', x'CDFD1DF59B031F4E90BE3CF56AEF8DA4');
INSERT INTO CD_VRSN_TBL (CD_ID, STS_CD_ID, CRT_PROV_ID, MNEMONIC, CLS_ID) VALUES (x'70EE6EC412563F478D24595EA15C9C39', x'BD4C06C806FA3045B4301A52F1530C27', x'76A0DCFA90366E4AAF9EF1CD68E8C7E8', 'APT', x'2297A9BBCE239A468FA510DEBA853D35');
INSERT INTO CD_VRSN_TBL (CD_ID, STS_CD_ID, CRT_PROV_ID, MNEMONIC, CLS_ID) VALUES (x'57F3950321686245819249AC3C94F548', x'BD4C06C806FA3045B4301A52F1530C27', x'76A0DCFA90366E4AAF9EF1CD68E8C7E8', 'ARQ', x'2297A9BBCE239A468FA510DEBA853D35');
INSERT INTO CD_VRSN_TBL (CD_ID, STS_CD_ID, CRT_PROV_ID, MNEMONIC, CLS_ID) VALUES (x'D67AFF12CD0ABA4BA624C7A03D3F8A6B', x'BD4C06C806FA3045B4301A52F1530C27', x'76A0DCFA90366E4AAF9EF1CD68E8C7E8', 'PRCP', x'39346B0DBEC98044AF39EEB457C052D0');
INSERT INTO CD_VRSN_TBL (CD_ID, STS_CD_ID, CRT_PROV_ID, MNEMONIC, CLS_ID) VALUES (x'DF6F13E572CE5747A1CC24E1CC98F034', x'BD4C06C806FA3045B4301A52F1530C27', x'76A0DCFA90366E4AAF9EF1CD68E8C7E8', 'TRC', x'39346B0DBEC98044AF39EEB457C052D0');
INSERT INTO CD_VRSN_TBL (CD_ID, STS_CD_ID, CRT_PROV_ID, MNEMONIC, CLS_ID) VALUES (x'3485A8BA79DC424990CDE047BA24F34F', x'BD4C06C806FA3045B4301A52F1530C27', x'76A0DCFA90366E4AAF9EF1CD68E8C7E8', 'SPRF', x'39346B0DBEC98044AF39EEB457C052D0');
INSERT INTO CD_VRSN_TBL (CD_ID, STS_CD_ID, CRT_PROV_ID, MNEMONIC, CLS_ID) VALUES (x'FC7B284ACA72B6469D34380EEAE9369A', x'BD4C06C806FA3045B4301A52F1530C27', x'76A0DCFA90366E4AAF9EF1CD68E8C7E8', 'AdjudicatedWithAdjustments', x'39346B0DBEC98044AF39EEB457C052D0');
INSERT INTO CD_VRSN_TBL (CD_ID, STS_CD_ID, CRT_PROV_ID, MNEMONIC, CLS_ID) VALUES (x'651E757130CC804085DE5C19D5201772', x'BD4C06C806FA3045B4301A52F1530C27', x'76A0DCFA90366E4AAF9EF1CD68E8C7E8', 'AdjudicatedWithAdjustmentsAndNoFinancialImpact', x'39346B0DBEC98044AF39EEB457C052D0');
INSERT INTO CD_VRSN_TBL (CD_ID, STS_CD_ID, CRT_PROV_ID, MNEMONIC, CLS_ID) VALUES (x'E801D07F5154484AB5B6DA5928DCE03F', x'BD4C06C806FA3045B4301A52F1530C27', x'76A0DCFA90366E4AAF9EF1CD68E8C7E8', 'AdjudicatedAsRefused', x'39346B0DBEC98044AF39EEB457C052D0');
INSERT INTO CD_VRSN_TBL (CD_ID, STS_CD_ID, CRT_PROV_ID, MNEMONIC, CLS_ID) VALUES (x'E392E18B1A973C4CB795554B0B5AD672', x'BD4C06C806FA3045B4301A52F1530C27', x'76A0DCFA90366E4AAF9EF1CD68E8C7E8', 'AdjudicatedAsSubmitted', x'39346B0DBEC98044AF39EEB457C052D0');
INSERT INTO CD_VRSN_TBL (CD_ID, STS_CD_ID, CRT_PROV_ID, MNEMONIC, CLS_ID) VALUES (x'513FE159CA0C3E438A458EC24B332ECE', x'BD4C06C806FA3045B4301A52F1530C27', x'76A0DCFA90366E4AAF9EF1CD68E8C7E8', 'Display', x'39346B0DBEC98044AF39EEB457C052D0');
INSERT INTO CD_VRSN_TBL (CD_ID, STS_CD_ID, CRT_PROV_ID, MNEMONIC, CLS_ID) VALUES (x'8168E62BE1877341B9505534334EE08B', x'BD4C06C806FA3045B4301A52F1530C27', x'76A0DCFA90366E4AAF9EF1CD68E8C7E8', 'PrintOnForm', x'39346B0DBEC98044AF39EEB457C052D0');
INSERT INTO CD_VRSN_TBL (CD_ID, STS_CD_ID, CRT_PROV_ID, MNEMONIC, CLS_ID) VALUES (x'6365C7040B0EC44996646EB3CBD771D1', x'BD4C06C806FA3045B4301A52F1530C27', x'76A0DCFA90366E4AAF9EF1CD68E8C7E8', 'Automobile', x'39346B0DBEC98044AF39EEB457C052D0');
INSERT INTO CD_VRSN_TBL (CD_ID, STS_CD_ID, CRT_PROV_ID, MNEMONIC, CLS_ID) VALUES (x'B8BF98BD21C6EC48919E65A65E334D37', x'BD4C06C806FA3045B4301A52F1530C27', x'76A0DCFA90366E4AAF9EF1CD68E8C7E8', 'DiseaseProgram', x'39346B0DBEC98044AF39EEB457C052D0');
INSERT INTO CD_VRSN_TBL (CD_ID, STS_CD_ID, CRT_PROV_ID, MNEMONIC, CLS_ID) VALUES (x'337C0D2DA0C37A4992D8D27095F1E2E7', x'BD4C06C806FA3045B4301A52F1530C27', x'76A0DCFA90366E4AAF9EF1CD68E8C7E8', 'CollisionCoveragePolicy', x'39346B0DBEC98044AF39EEB457C052D0');
INSERT INTO CD_VRSN_TBL (CD_ID, STS_CD_ID, CRT_PROV_ID, MNEMONIC, CLS_ID) VALUES (x'7EC6E33F5AEB4045BDCD5AE2A5FFBBEF', x'BD4C06C806FA3045B4301A52F1530C27', x'76A0DCFA90366E4AAF9EF1CD68E8C7E8', 'DentalProgram', x'39346B0DBEC98044AF39EEB457C052D0');
INSERT INTO CD_VRSN_TBL (CD_ID, STS_CD_ID, CRT_PROV_ID, MNEMONIC, CLS_ID) VALUES (x'541FE7A56CCEF4488DA5F8C61B04B7CF', x'BD4C06C806FA3045B4301A52F1530C27', x'76A0DCFA90366E4AAF9EF1CD68E8C7E8', 'ExtendedHealthcare', x'39346B0DBEC98044AF39EEB457C052D0');
INSERT INTO CD_VRSN_TBL (CD_ID, STS_CD_ID, CRT_PROV_ID, MNEMONIC, CLS_ID) VALUES (x'8D79130417407A489A8FDDF40A21F48C', x'BD4C06C806FA3045B4301A52F1530C27', x'76A0DCFA90366E4AAF9EF1CD68E8C7E8', 'EndRenalProgram', x'39346B0DBEC98044AF39EEB457C052D0');
INSERT INTO CD_VRSN_TBL (CD_ID, STS_CD_ID, CRT_PROV_ID, MNEMONIC, CLS_ID) VALUES (x'D8881C238929F9488AD7DF27ADCE9948', x'BD4C06C806FA3045B4301A52F1530C27', x'76A0DCFA90366E4AAF9EF1CD68E8C7E8', 'HIVAIDSProgram', x'39346B0DBEC98044AF39EEB457C052D0');
INSERT INTO CD_VRSN_TBL (CD_ID, STS_CD_ID, CRT_PROV_ID, MNEMONIC, CLS_ID) VALUES (x'F71F58C89976884784DDD6B28EDFA919', x'BD4C06C806FA3045B4301A52F1530C27', x'76A0DCFA90366E4AAF9EF1CD68E8C7E8', 'HealthSpendingAccount', x'39346B0DBEC98044AF39EEB457C052D0');
INSERT INTO CD_VRSN_TBL (CD_ID, STS_CD_ID, CRT_PROV_ID, MNEMONIC, CLS_ID) VALUES (x'F0F21A0C62615847B532ECECE14D5A24', x'BD4C06C806FA3045B4301A52F1530C27', x'76A0DCFA90366E4AAF9EF1CD68E8C7E8', 'MandatoryHealthProgram', x'39346B0DBEC98044AF39EEB457C052D0');
INSERT INTO CD_VRSN_TBL (CD_ID, STS_CD_ID, CRT_PROV_ID, MNEMONIC, CLS_ID) VALUES (x'8B793CB8671BD84793537A8687967A63', x'BD4C06C806FA3045B4301A52F1530C27', x'76A0DCFA90366E4AAF9EF1CD68E8C7E8', 'MentalHealthProgram', x'39346B0DBEC98044AF39EEB457C052D0');
INSERT INTO CD_VRSN_TBL (CD_ID, STS_CD_ID, CRT_PROV_ID, MNEMONIC, CLS_ID) VALUES (x'C597D4A88CC6DD4BB8331202735BA0AC', x'BD4C06C806FA3045B4301A52F1530C27', x'76A0DCFA90366E4AAF9EF1CD68E8C7E8', 'PublicHealthcare', x'39346B0DBEC98044AF39EEB457C052D0');
INSERT INTO CD_VRSN_TBL (CD_ID, STS_CD_ID, CRT_PROV_ID, MNEMONIC, CLS_ID) VALUES (x'C967AA528945434D99FC0E3DA3B116E9', x'BD4C06C806FA3045B4301A52F1530C27', x'76A0DCFA90366E4AAF9EF1CD68E8C7E8', 'SafetyNetClinicProgram', x'39346B0DBEC98044AF39EEB457C052D0');
INSERT INTO CD_VRSN_TBL (CD_ID, STS_CD_ID, CRT_PROV_ID, MNEMONIC, CLS_ID) VALUES (x'37BCF4B2F5B7364886F5500D72A552D0', x'BD4C06C806FA3045B4301A52F1530C27', x'76A0DCFA90366E4AAF9EF1CD68E8C7E8', 'SubstanceUseProgram', x'39346B0DBEC98044AF39EEB457C052D0');
INSERT INTO CD_VRSN_TBL (CD_ID, STS_CD_ID, CRT_PROV_ID, MNEMONIC, CLS_ID) VALUES (x'B3D9468F301A9240B3EDC1BC0C4189B7', x'BD4C06C806FA3045B4301A52F1530C27', x'76A0DCFA90366E4AAF9EF1CD68E8C7E8', 'SubsidizedHealthProgram', x'39346B0DBEC98044AF39EEB457C052D0');
INSERT INTO CD_VRSN_TBL (CD_ID, STS_CD_ID, CRT_PROV_ID, MNEMONIC, CLS_ID) VALUES (x'6393A850593F714285FDF79E8AC11F41', x'BD4C06C806FA3045B4301A52F1530C27', x'76A0DCFA90366E4AAF9EF1CD68E8C7E8', 'SubsidizedManagedCareProgram', x'39346B0DBEC98044AF39EEB457C052D0');
INSERT INTO CD_VRSN_TBL (CD_ID, STS_CD_ID, CRT_PROV_ID, MNEMONIC, CLS_ID) VALUES (x'F6115ADDF891D244AEF17AD8F5B690A2', x'BD4C06C806FA3045B4301A52F1530C27', x'76A0DCFA90366E4AAF9EF1CD68E8C7E8', 'SubsidizedSupplementalHealthProgram', x'39346B0DBEC98044AF39EEB457C052D0');
INSERT INTO CD_VRSN_TBL (CD_ID, STS_CD_ID, CRT_PROV_ID, MNEMONIC, CLS_ID) VALUES (x'7B2CC05DD9886741A0C73EBBE67EC625', x'BD4C06C806FA3045B4301A52F1530C27', x'76A0DCFA90366E4AAF9EF1CD68E8C7E8', 'UninsuredMotoristPolicy', x'39346B0DBEC98044AF39EEB457C052D0');
INSERT INTO CD_VRSN_TBL (CD_ID, STS_CD_ID, CRT_PROV_ID, MNEMONIC, CLS_ID) VALUES (x'D5A2AF0117EF414F83D4B166308E998F', x'BD4C06C806FA3045B4301A52F1530C27', x'76A0DCFA90366E4AAF9EF1CD68E8C7E8', 'WorkersCompensation', x'39346B0DBEC98044AF39EEB457C052D0');
INSERT INTO CD_VRSN_TBL (CD_ID, STS_CD_ID, CRT_PROV_ID, MNEMONIC, CLS_ID) VALUES (x'E9251B409660E04F8FEAD7EB40E37592', x'BD4C06C806FA3045B4301A52F1530C27', x'76A0DCFA90366E4AAF9EF1CD68E8C7E8', 'FederalSalesTax', x'39346B0DBEC98044AF39EEB457C052D0');
INSERT INTO CD_VRSN_TBL (CD_ID, STS_CD_ID, CRT_PROV_ID, MNEMONIC, CLS_ID) VALUES (x'837B39EAAF597A4D93F871E615072AAE', x'BD4C06C806FA3045B4301A52F1530C27', x'76A0DCFA90366E4AAF9EF1CD68E8C7E8', 'HarmonizedSalesTax', x'39346B0DBEC98044AF39EEB457C052D0');
INSERT INTO CD_VRSN_TBL (CD_ID, STS_CD_ID, CRT_PROV_ID, MNEMONIC, CLS_ID) VALUES (x'922791BE37F67343A48D6C9F838191E2', x'BD4C06C806FA3045B4301A52F1530C27', x'76A0DCFA90366E4AAF9EF1CD68E8C7E8', 'ProvincialStateSalesTax', x'39346B0DBEC98044AF39EEB457C052D0');
INSERT INTO CD_VRSN_TBL (CD_ID, STS_CD_ID, CRT_PROV_ID, MNEMONIC, CLS_ID) VALUES (x'2B168AECF7818843B695E998369C2425', x'BD4C06C806FA3045B4301A52F1530C27', x'76A0DCFA90366E4AAF9EF1CD68E8C7E8', 'AdjudNullifiedPriorperiodElectronicAmount', x'39346B0DBEC98044AF39EEB457C052D0');
INSERT INTO CD_VRSN_TBL (CD_ID, STS_CD_ID, CRT_PROV_ID, MNEMONIC, CLS_ID) VALUES (x'8A3FC169E2290B41B5ADF616F7191B14', x'BD4C06C806FA3045B4301A52F1530C27', x'76A0DCFA90366E4AAF9EF1CD68E8C7E8', 'AdjudNullifiedPriorperiodElectronicCount', x'39346B0DBEC98044AF39EEB457C052D0');
INSERT INTO CD_VRSN_TBL (CD_ID, STS_CD_ID, CRT_PROV_ID, MNEMONIC, CLS_ID) VALUES (x'B457AE415F5FE5498C774BA7969FF469', x'BD4C06C806FA3045B4301A52F1530C27', x'76A0DCFA90366E4AAF9EF1CD68E8C7E8', 'AdjudNullifiedPriorperiodManualAmount', x'39346B0DBEC98044AF39EEB457C052D0');
INSERT INTO CD_VRSN_TBL (CD_ID, STS_CD_ID, CRT_PROV_ID, MNEMONIC, CLS_ID) VALUES (x'907979706D39424590A27F5F1ABF0AD1', x'BD4C06C806FA3045B4301A52F1530C27', x'76A0DCFA90366E4AAF9EF1CD68E8C7E8', 'AdjudNullifiedPriorperiodManualCount', x'39346B0DBEC98044AF39EEB457C052D0');
INSERT INTO CD_VRSN_TBL (CD_ID, STS_CD_ID, CRT_PROV_ID, MNEMONIC, CLS_ID) VALUES (x'01A00E3E3E12A449B28C939E5D5EA488', x'BD4C06C806FA3045B4301A52F1530C27', x'76A0DCFA90366E4AAF9EF1CD68E8C7E8', 'AdjudNullifiedSameperiodElectronicAmount', x'39346B0DBEC98044AF39EEB457C052D0');
INSERT INTO CD_VRSN_TBL (CD_ID, STS_CD_ID, CRT_PROV_ID, MNEMONIC, CLS_ID) VALUES (x'9B3E228417324D40AD473EF9BDE43DCB', x'BD4C06C806FA3045B4301A52F1530C27', x'76A0DCFA90366E4AAF9EF1CD68E8C7E8', 'AdjudNullifiedSameperiodElectronicCount', x'39346B0DBEC98044AF39EEB457C052D0');
INSERT INTO CD_VRSN_TBL (CD_ID, STS_CD_ID, CRT_PROV_ID, MNEMONIC, CLS_ID) VALUES (x'B091C3EF744DE44691E6C03F315555E2', x'BD4C06C806FA3045B4301A52F1530C27', x'76A0DCFA90366E4AAF9EF1CD68E8C7E8', 'AdjudNullifiedSameperiodManualAmount', x'39346B0DBEC98044AF39EEB457C052D0');
INSERT INTO CD_VRSN_TBL (CD_ID, STS_CD_ID, CRT_PROV_ID, MNEMONIC, CLS_ID) VALUES (x'D2B4EA2FD56BA84D905782FF9BF6A1BC', x'BD4C06C806FA3045B4301A52F1530C27', x'76A0DCFA90366E4AAF9EF1CD68E8C7E8', 'AdjudNullifiedSameperiodManualCount', x'39346B0DBEC98044AF39EEB457C052D0');
INSERT INTO CD_VRSN_TBL (CD_ID, STS_CD_ID, CRT_PROV_ID, MNEMONIC, CLS_ID) VALUES (x'BCDFB42FDD646846B2E50D5C743C9A9F', x'BD4C06C806FA3045B4301A52F1530C27', x'76A0DCFA90366E4AAF9EF1CD68E8C7E8', 'AdjudNonpayeePayablePriorperiodElectronicAmount', x'39346B0DBEC98044AF39EEB457C052D0');
INSERT INTO CD_VRSN_TBL (CD_ID, STS_CD_ID, CRT_PROV_ID, MNEMONIC, CLS_ID) VALUES (x'60BE9D4E4E3E7440A4320BB4E47EB62D', x'BD4C06C806FA3045B4301A52F1530C27', x'76A0DCFA90366E4AAF9EF1CD68E8C7E8', 'AdjudNonpayeePayablePriorperiodElectronicCount', x'39346B0DBEC98044AF39EEB457C052D0');
INSERT INTO CD_VRSN_TBL (CD_ID, STS_CD_ID, CRT_PROV_ID, MNEMONIC, CLS_ID) VALUES (x'330B8A95D7C3EF47959659EEE434EB2D', x'BD4C06C806FA3045B4301A52F1530C27', x'76A0DCFA90366E4AAF9EF1CD68E8C7E8', 'AdjudNonpayeePayablePriorperiodManualAmount', x'39346B0DBEC98044AF39EEB457C052D0');
INSERT INTO CD_VRSN_TBL (CD_ID, STS_CD_ID, CRT_PROV_ID, MNEMONIC, CLS_ID) VALUES (x'6916CD17AF5A6049BD23988209EBA352', x'BD4C06C806FA3045B4301A52F1530C27', x'76A0DCFA90366E4AAF9EF1CD68E8C7E8', 'AdjudNonpayeePayablePriorperiodManualCount', x'39346B0DBEC98044AF39EEB457C052D0');
INSERT INTO CD_VRSN_TBL (CD_ID, STS_CD_ID, CRT_PROV_ID, MNEMONIC, CLS_ID) VALUES (x'97E7BDE7ACDE634C9F611DDBD38B98F3', x'BD4C06C806FA3045B4301A52F1530C27', x'76A0DCFA90366E4AAF9EF1CD68E8C7E8', 'AdjudNonpayeePayableSameperiodElectronicAmount', x'39346B0DBEC98044AF39EEB457C052D0');
INSERT INTO CD_VRSN_TBL (CD_ID, STS_CD_ID, CRT_PROV_ID, MNEMONIC, CLS_ID) VALUES (x'BA0B571D4282DB4FBD63C2E7601A64C6', x'BD4C06C806FA3045B4301A52F1530C27', x'76A0DCFA90366E4AAF9EF1CD68E8C7E8', 'AdjudNonpayeePayableSameperiodElectronicCount', x'39346B0DBEC98044AF39EEB457C052D0');
INSERT INTO CD_VRSN_TBL (CD_ID, STS_CD_ID, CRT_PROV_ID, MNEMONIC, CLS_ID) VALUES (x'D780170981CD154CA082FD969B5BAF85', x'BD4C06C806FA3045B4301A52F1530C27', x'76A0DCFA90366E4AAF9EF1CD68E8C7E8', 'AdjudNonpayeePayableSameperiodManualAmount', x'39346B0DBEC98044AF39EEB457C052D0');
INSERT INTO CD_VRSN_TBL (CD_ID, STS_CD_ID, CRT_PROV_ID, MNEMONIC, CLS_ID) VALUES (x'84DA15FFE664BE4795C23C5F4629913A', x'BD4C06C806FA3045B4301A52F1530C27', x'76A0DCFA90366E4AAF9EF1CD68E8C7E8', 'AdjudNonpayeePayableSameperiodManualCount', x'39346B0DBEC98044AF39EEB457C052D0');
INSERT INTO CD_VRSN_TBL (CD_ID, STS_CD_ID, CRT_PROV_ID, MNEMONIC, CLS_ID) VALUES (x'30FDEE2BAF62E44083EC127F3FB6834A', x'BD4C06C806FA3045B4301A52F1530C27', x'76A0DCFA90366E4AAF9EF1CD68E8C7E8', 'AdjudPayeePayablePriorperiodElectronicAmount', x'39346B0DBEC98044AF39EEB457C052D0');
INSERT INTO CD_VRSN_TBL (CD_ID, STS_CD_ID, CRT_PROV_ID, MNEMONIC, CLS_ID) VALUES (x'C1CF92F2D1E43F48B67BB2367BB53451', x'BD4C06C806FA3045B4301A52F1530C27', x'76A0DCFA90366E4AAF9EF1CD68E8C7E8', 'AdjudPayeePayablePriorperiodElectronicCount', x'39346B0DBEC98044AF39EEB457C052D0');
INSERT INTO CD_VRSN_TBL (CD_ID, STS_CD_ID, CRT_PROV_ID, MNEMONIC, CLS_ID) VALUES (x'0951AC0AAE30494BA780735CC77218EE', x'BD4C06C806FA3045B4301A52F1530C27', x'76A0DCFA90366E4AAF9EF1CD68E8C7E8', 'AdjudPayeePayablePriorperiodManualAmout', x'39346B0DBEC98044AF39EEB457C052D0');
INSERT INTO CD_VRSN_TBL (CD_ID, STS_CD_ID, CRT_PROV_ID, MNEMONIC, CLS_ID) VALUES (x'5C6769197E010F48B0A833A03D4B4068', x'BD4C06C806FA3045B4301A52F1530C27', x'76A0DCFA90366E4AAF9EF1CD68E8C7E8', 'AdjudPayeePayablePriorperiodManualCount', x'39346B0DBEC98044AF39EEB457C052D0');
INSERT INTO CD_VRSN_TBL (CD_ID, STS_CD_ID, CRT_PROV_ID, MNEMONIC, CLS_ID) VALUES (x'D3B05929A11572469D074ECE0497BDC5', x'BD4C06C806FA3045B4301A52F1530C27', x'76A0DCFA90366E4AAF9EF1CD68E8C7E8', 'AdjudPayeePayableSameperiodElectronicAmount', x'39346B0DBEC98044AF39EEB457C052D0');
INSERT INTO CD_VRSN_TBL (CD_ID, STS_CD_ID, CRT_PROV_ID, MNEMONIC, CLS_ID) VALUES (x'87EF045CA30CD94B9B7F4C2D41101535', x'BD4C06C806FA3045B4301A52F1530C27', x'76A0DCFA90366E4AAF9EF1CD68E8C7E8', 'AdjudPayeePayableSameperiodElectronicCount', x'39346B0DBEC98044AF39EEB457C052D0');
INSERT INTO CD_VRSN_TBL (CD_ID, STS_CD_ID, CRT_PROV_ID, MNEMONIC, CLS_ID) VALUES (x'21ABD5C80A0A194E9209D0B23E06C1B1', x'BD4C06C806FA3045B4301A52F1530C27', x'76A0DCFA90366E4AAF9EF1CD68E8C7E8', 'AdjudPayeePayableSameperiodManualAmount', x'39346B0DBEC98044AF39EEB457C052D0');
INSERT INTO CD_VRSN_TBL (CD_ID, STS_CD_ID, CRT_PROV_ID, MNEMONIC, CLS_ID) VALUES (x'30611F4D60C08C4F8EB3C1DBA2B0DB81', x'BD4C06C806FA3045B4301A52F1530C27', x'76A0DCFA90366E4AAF9EF1CD68E8C7E8', 'AdjudPayeePayableSameperiodManualCount', x'39346B0DBEC98044AF39EEB457C052D0');
INSERT INTO CD_VRSN_TBL (CD_ID, STS_CD_ID, CRT_PROV_ID, MNEMONIC, CLS_ID) VALUES (x'620900C35E27CC4C9BC94DD9525BB9C7', x'BD4C06C806FA3045B4301A52F1530C27', x'76A0DCFA90366E4AAF9EF1CD68E8C7E8', 'AdjudRefusedPriorperiodElectronicAmount', x'39346B0DBEC98044AF39EEB457C052D0');
INSERT INTO CD_VRSN_TBL (CD_ID, STS_CD_ID, CRT_PROV_ID, MNEMONIC, CLS_ID) VALUES (x'1632DCFE31FD8F49AE54D95296A73636', x'BD4C06C806FA3045B4301A52F1530C27', x'76A0DCFA90366E4AAF9EF1CD68E8C7E8', 'AdjudRefusedPriorperiodElectronicCount', x'39346B0DBEC98044AF39EEB457C052D0');
INSERT INTO CD_VRSN_TBL (CD_ID, STS_CD_ID, CRT_PROV_ID, MNEMONIC, CLS_ID) VALUES (x'5B00342E7671BE4281E167B63F68B4CD', x'BD4C06C806FA3045B4301A52F1530C27', x'76A0DCFA90366E4AAF9EF1CD68E8C7E8', 'AdjudRefusedPriorperiodManualAmount', x'39346B0DBEC98044AF39EEB457C052D0');
INSERT INTO CD_VRSN_TBL (CD_ID, STS_CD_ID, CRT_PROV_ID, MNEMONIC, CLS_ID) VALUES (x'EB06F20E9A18D84F965C6044AC8854B8', x'BD4C06C806FA3045B4301A52F1530C27', x'76A0DCFA90366E4AAF9EF1CD68E8C7E8', 'AdjudRefusedPriorperiodManualCount', x'39346B0DBEC98044AF39EEB457C052D0');
INSERT INTO CD_VRSN_TBL (CD_ID, STS_CD_ID, CRT_PROV_ID, MNEMONIC, CLS_ID) VALUES (x'4CFAD2EB41A42944AAC668D46D8C96BF', x'BD4C06C806FA3045B4301A52F1530C27', x'76A0DCFA90366E4AAF9EF1CD68E8C7E8', 'AdjudRefusedSameperiodElectronicAmount', x'39346B0DBEC98044AF39EEB457C052D0');
INSERT INTO CD_VRSN_TBL (CD_ID, STS_CD_ID, CRT_PROV_ID, MNEMONIC, CLS_ID) VALUES (x'15192D61AF8F5D47A1906902591EB6DC', x'BD4C06C806FA3045B4301A52F1530C27', x'76A0DCFA90366E4AAF9EF1CD68E8C7E8', 'AdjudRefusedSameperiodElectronicCount', x'39346B0DBEC98044AF39EEB457C052D0');
INSERT INTO CD_VRSN_TBL (CD_ID, STS_CD_ID, CRT_PROV_ID, MNEMONIC, CLS_ID) VALUES (x'F1F0E9F821D33846A3A8043511EAECFC', x'BD4C06C806FA3045B4301A52F1530C27', x'76A0DCFA90366E4AAF9EF1CD68E8C7E8', 'AdjudRefusedSameperiodManualAmount', x'39346B0DBEC98044AF39EEB457C052D0');
INSERT INTO CD_VRSN_TBL (CD_ID, STS_CD_ID, CRT_PROV_ID, MNEMONIC, CLS_ID) VALUES (x'83FDBECE66E36442BA1370CFB2B4CDB2', x'BD4C06C806FA3045B4301A52F1530C27', x'76A0DCFA90366E4AAF9EF1CD68E8C7E8', 'AdjudRefusedSameperiodManualCount', x'39346B0DBEC98044AF39EEB457C052D0');
INSERT INTO CD_VRSN_TBL (CD_ID, STS_CD_ID, CRT_PROV_ID, MNEMONIC, CLS_ID) VALUES (x'E890D1958222C84AA53A02B49D9D3A8C', x'BD4C06C806FA3045B4301A52F1530C27', x'76A0DCFA90366E4AAF9EF1CD68E8C7E8', 'PaidNullifiedPriorperiodElectronicAmount', x'39346B0DBEC98044AF39EEB457C052D0');
INSERT INTO CD_VRSN_TBL (CD_ID, STS_CD_ID, CRT_PROV_ID, MNEMONIC, CLS_ID) VALUES (x'F072A54E6DC83948BD45344285157C92', x'BD4C06C806FA3045B4301A52F1530C27', x'76A0DCFA90366E4AAF9EF1CD68E8C7E8', 'PaidNullifiedPriorperiodElectronicCount', x'39346B0DBEC98044AF39EEB457C052D0');
INSERT INTO CD_VRSN_TBL (CD_ID, STS_CD_ID, CRT_PROV_ID, MNEMONIC, CLS_ID) VALUES (x'C56FEC8652B94E4E8407AA3369AA5D51', x'BD4C06C806FA3045B4301A52F1530C27', x'76A0DCFA90366E4AAF9EF1CD68E8C7E8', 'PaidNullifiedPriorperiodManualAmount', x'39346B0DBEC98044AF39EEB457C052D0');
INSERT INTO CD_VRSN_TBL (CD_ID, STS_CD_ID, CRT_PROV_ID, MNEMONIC, CLS_ID) VALUES (x'72485D41D55C3040B4B8677959A2DD1A', x'BD4C06C806FA3045B4301A52F1530C27', x'76A0DCFA90366E4AAF9EF1CD68E8C7E8', 'PaidNullifiedPriorperiodManualCount', x'39346B0DBEC98044AF39EEB457C052D0');
INSERT INTO CD_VRSN_TBL (CD_ID, STS_CD_ID, CRT_PROV_ID, MNEMONIC, CLS_ID) VALUES (x'D97CC7D4D8EE62449A442AB5AF40B711', x'BD4C06C806FA3045B4301A52F1530C27', x'76A0DCFA90366E4AAF9EF1CD68E8C7E8', 'PaidNullifiedSameperiodElectronicAmount', x'39346B0DBEC98044AF39EEB457C052D0');
INSERT INTO CD_VRSN_TBL (CD_ID, STS_CD_ID, CRT_PROV_ID, MNEMONIC, CLS_ID) VALUES (x'BE6D7D3CD03DCC4D917DD932375C021E', x'BD4C06C806FA3045B4301A52F1530C27', x'76A0DCFA90366E4AAF9EF1CD68E8C7E8', 'PaidNullifiedSameperiodElectronicCount', x'39346B0DBEC98044AF39EEB457C052D0');
INSERT INTO CD_VRSN_TBL (CD_ID, STS_CD_ID, CRT_PROV_ID, MNEMONIC, CLS_ID) VALUES (x'9DD6D1652C896149837991C5AA70D16E', x'BD4C06C806FA3045B4301A52F1530C27', x'76A0DCFA90366E4AAF9EF1CD68E8C7E8', 'PaidNullifiedSameperiodManualAmount', x'39346B0DBEC98044AF39EEB457C052D0');
INSERT INTO CD_VRSN_TBL (CD_ID, STS_CD_ID, CRT_PROV_ID, MNEMONIC, CLS_ID) VALUES (x'437426EDFC265F4E96470C0AB3AD5696', x'BD4C06C806FA3045B4301A52F1530C27', x'76A0DCFA90366E4AAF9EF1CD68E8C7E8', 'PaidNullifiedSameperiodManualCount', x'39346B0DBEC98044AF39EEB457C052D0');
INSERT INTO CD_VRSN_TBL (CD_ID, STS_CD_ID, CRT_PROV_ID, MNEMONIC, CLS_ID) VALUES (x'B8EDF4719FFF3641BB66EFEE62CE4A74', x'BD4C06C806FA3045B4301A52F1530C27', x'76A0DCFA90366E4AAF9EF1CD68E8C7E8', 'PaidNonpayeePayablePriorperiodElectronicAmount', x'39346B0DBEC98044AF39EEB457C052D0');
INSERT INTO CD_VRSN_TBL (CD_ID, STS_CD_ID, CRT_PROV_ID, MNEMONIC, CLS_ID) VALUES (x'BC4C7C6C19553B46B23D31DC0238B172', x'BD4C06C806FA3045B4301A52F1530C27', x'76A0DCFA90366E4AAF9EF1CD68E8C7E8', 'PaidNonpayeePayablePriorperiodElectronicCount', x'39346B0DBEC98044AF39EEB457C052D0');
INSERT INTO CD_VRSN_TBL (CD_ID, STS_CD_ID, CRT_PROV_ID, MNEMONIC, CLS_ID) VALUES (x'915DF1CAAFDC014288BB1F41D116D01C', x'BD4C06C806FA3045B4301A52F1530C27', x'76A0DCFA90366E4AAF9EF1CD68E8C7E8', 'PaidNonpayeePayablePriorperiodManualAmount', x'39346B0DBEC98044AF39EEB457C052D0');
INSERT INTO CD_VRSN_TBL (CD_ID, STS_CD_ID, CRT_PROV_ID, MNEMONIC, CLS_ID) VALUES (x'C2927BD409AE134DBC452D545706E731', x'BD4C06C806FA3045B4301A52F1530C27', x'76A0DCFA90366E4AAF9EF1CD68E8C7E8', 'PaidNonpayeePayablePriorperiodManualCount', x'39346B0DBEC98044AF39EEB457C052D0');
INSERT INTO CD_VRSN_TBL (CD_ID, STS_CD_ID, CRT_PROV_ID, MNEMONIC, CLS_ID) VALUES (x'AEA18D9255DB0F45812973E7D1218653', x'BD4C06C806FA3045B4301A52F1530C27', x'76A0DCFA90366E4AAF9EF1CD68E8C7E8', 'PaidNonpayeePayableSameperiodElectronicAmount', x'39346B0DBEC98044AF39EEB457C052D0');
INSERT INTO CD_VRSN_TBL (CD_ID, STS_CD_ID, CRT_PROV_ID, MNEMONIC, CLS_ID) VALUES (x'E9E699EA42BA8F4FB0F7CFB46B5DF629', x'BD4C06C806FA3045B4301A52F1530C27', x'76A0DCFA90366E4AAF9EF1CD68E8C7E8', 'PaidNonpayeePayableSameperiodElectronicCount', x'39346B0DBEC98044AF39EEB457C052D0');
INSERT INTO CD_VRSN_TBL (CD_ID, STS_CD_ID, CRT_PROV_ID, MNEMONIC, CLS_ID) VALUES (x'AABFB0AB82309442B8F65E9EC041B5A0', x'BD4C06C806FA3045B4301A52F1530C27', x'76A0DCFA90366E4AAF9EF1CD68E8C7E8', 'PaidNonpayeePayableSameperiodManualAmount', x'39346B0DBEC98044AF39EEB457C052D0');
INSERT INTO CD_VRSN_TBL (CD_ID, STS_CD_ID, CRT_PROV_ID, MNEMONIC, CLS_ID) VALUES (x'1C2F8F0B0B199645891288D21D367EE1', x'BD4C06C806FA3045B4301A52F1530C27', x'76A0DCFA90366E4AAF9EF1CD68E8C7E8', 'PaidNonpayeePayableSameperiodManualCount', x'39346B0DBEC98044AF39EEB457C052D0');
INSERT INTO CD_VRSN_TBL (CD_ID, STS_CD_ID, CRT_PROV_ID, MNEMONIC, CLS_ID) VALUES (x'820E4AA5FAA79C4AB36F39E976BBE29A', x'BD4C06C806FA3045B4301A52F1530C27', x'76A0DCFA90366E4AAF9EF1CD68E8C7E8', 'PaidPayeePayablePriorperiodElectronicAmount', x'39346B0DBEC98044AF39EEB457C052D0');
INSERT INTO CD_VRSN_TBL (CD_ID, STS_CD_ID, CRT_PROV_ID, MNEMONIC, CLS_ID) VALUES (x'523A8164EC19E843AEA9E7527CDEA88A', x'BD4C06C806FA3045B4301A52F1530C27', x'76A0DCFA90366E4AAF9EF1CD68E8C7E8', 'PaidPayeePayablePriorperiodElectronicCount', x'39346B0DBEC98044AF39EEB457C052D0');
INSERT INTO CD_VRSN_TBL (CD_ID, STS_CD_ID, CRT_PROV_ID, MNEMONIC, CLS_ID) VALUES (x'853402985FF851418330C4ADFDE0B579', x'BD4C06C806FA3045B4301A52F1530C27', x'76A0DCFA90366E4AAF9EF1CD68E8C7E8', 'PaidPayeePayablePriorperiodManualAmount', x'39346B0DBEC98044AF39EEB457C052D0');
INSERT INTO CD_VRSN_TBL (CD_ID, STS_CD_ID, CRT_PROV_ID, MNEMONIC, CLS_ID) VALUES (x'5626C3EE6AFADC4091452487F1E561EF', x'BD4C06C806FA3045B4301A52F1530C27', x'76A0DCFA90366E4AAF9EF1CD68E8C7E8', 'PaidPayeePayablePriorperiodManualCount', x'39346B0DBEC98044AF39EEB457C052D0');
INSERT INTO CD_VRSN_TBL (CD_ID, STS_CD_ID, CRT_PROV_ID, MNEMONIC, CLS_ID) VALUES (x'32B72E192622A844A802FE694C581A41', x'BD4C06C806FA3045B4301A52F1530C27', x'76A0DCFA90366E4AAF9EF1CD68E8C7E8', 'PaidPayeePayableSameperiodElectronicAmount', x'39346B0DBEC98044AF39EEB457C052D0');
INSERT INTO CD_VRSN_TBL (CD_ID, STS_CD_ID, CRT_PROV_ID, MNEMONIC, CLS_ID) VALUES (x'A795B5B8179C124D958A8B098ABDC638', x'BD4C06C806FA3045B4301A52F1530C27', x'76A0DCFA90366E4AAF9EF1CD68E8C7E8', 'PaidPayeePayableSameperiodElectronicCount', x'39346B0DBEC98044AF39EEB457C052D0');
INSERT INTO CD_VRSN_TBL (CD_ID, STS_CD_ID, CRT_PROV_ID, MNEMONIC, CLS_ID) VALUES (x'A32DE0BE99A5144D905338CE443BC2B8', x'BD4C06C806FA3045B4301A52F1530C27', x'76A0DCFA90366E4AAF9EF1CD68E8C7E8', 'PaidPayeePayableSameperiodManualAmount', x'39346B0DBEC98044AF39EEB457C052D0');
INSERT INTO CD_VRSN_TBL (CD_ID, STS_CD_ID, CRT_PROV_ID, MNEMONIC, CLS_ID) VALUES (x'4B85B0B68F94EE47B3C2688BD722AEAC', x'BD4C06C806FA3045B4301A52F1530C27', x'76A0DCFA90366E4AAF9EF1CD68E8C7E8', 'PaidPayeePayableSameperiodManualCount', x'39346B0DBEC98044AF39EEB457C052D0');
INSERT INTO CD_VRSN_TBL (CD_ID, STS_CD_ID, CRT_PROV_ID, MNEMONIC, CLS_ID) VALUES (x'77ED8C31D6CCD048B16F6EA4BE00A586', x'BD4C06C806FA3045B4301A52F1530C27', x'76A0DCFA90366E4AAF9EF1CD68E8C7E8', 'SubmittedBilledElectronicAmount', x'39346B0DBEC98044AF39EEB457C052D0');
INSERT INTO CD_VRSN_TBL (CD_ID, STS_CD_ID, CRT_PROV_ID, MNEMONIC, CLS_ID) VALUES (x'B3CA93F1FACF714699AF6BE949BA96AA', x'BD4C06C806FA3045B4301A52F1530C27', x'76A0DCFA90366E4AAF9EF1CD68E8C7E8', 'SubmittedBilledElectronicCount', x'39346B0DBEC98044AF39EEB457C052D0');
INSERT INTO CD_VRSN_TBL (CD_ID, STS_CD_ID, CRT_PROV_ID, MNEMONIC, CLS_ID) VALUES (x'10C8CB2BBC5337439C0C303C52356659', x'BD4C06C806FA3045B4301A52F1530C27', x'76A0DCFA90366E4AAF9EF1CD68E8C7E8', 'SubmittedNullifiedElectronicAmount', x'39346B0DBEC98044AF39EEB457C052D0');
INSERT INTO CD_VRSN_TBL (CD_ID, STS_CD_ID, CRT_PROV_ID, MNEMONIC, CLS_ID) VALUES (x'543E76C8A64ED44FAE315644BA0CBE0C', x'BD4C06C806FA3045B4301A52F1530C27', x'76A0DCFA90366E4AAF9EF1CD68E8C7E8', 'SubmittedCancelledElectronicCount', x'39346B0DBEC98044AF39EEB457C052D0');
INSERT INTO CD_VRSN_TBL (CD_ID, STS_CD_ID, CRT_PROV_ID, MNEMONIC, CLS_ID) VALUES (x'590B18B2B279F54C9EA2FB36D9AD8C03', x'BD4C06C806FA3045B4301A52F1530C27', x'76A0DCFA90366E4AAF9EF1CD68E8C7E8', 'SubmittedPendingElectronicAmount', x'39346B0DBEC98044AF39EEB457C052D0');
INSERT INTO CD_VRSN_TBL (CD_ID, STS_CD_ID, CRT_PROV_ID, MNEMONIC, CLS_ID) VALUES (x'778E57CAC2BC054395D5FFE559318AEA', x'BD4C06C806FA3045B4301A52F1530C27', x'76A0DCFA90366E4AAF9EF1CD68E8C7E8', 'SubmittedPendingElectronicCount', x'39346B0DBEC98044AF39EEB457C052D0');
INSERT INTO CD_VRSN_TBL (CD_ID, STS_CD_ID, CRT_PROV_ID, MNEMONIC, CLS_ID) VALUES (x'910E8E7C4978054DA9E92663F3C738DB', x'BD4C06C806FA3045B4301A52F1530C27', x'76A0DCFA90366E4AAF9EF1CD68E8C7E8', 'ClinicalProductInvoice', x'39346B0DBEC98044AF39EEB457C052D0');
INSERT INTO CD_VRSN_TBL (CD_ID, STS_CD_ID, CRT_PROV_ID, MNEMONIC, CLS_ID) VALUES (x'C16D3CF7F4DD8142A4CF2DAFB8996B19', x'BD4C06C806FA3045B4301A52F1530C27', x'76A0DCFA90366E4AAF9EF1CD68E8C7E8', 'CompoundDrugInvoiceGroup', x'39346B0DBEC98044AF39EEB457C052D0');
INSERT INTO CD_VRSN_TBL (CD_ID, STS_CD_ID, CRT_PROV_ID, MNEMONIC, CLS_ID) VALUES (x'FB3198439B27634CA2CAAA24A95BCECB', x'BD4C06C806FA3045B4301A52F1530C27', x'76A0DCFA90366E4AAF9EF1CD68E8C7E8', 'CompoundIngredientInvoiceGroup', x'39346B0DBEC98044AF39EEB457C052D0');
INSERT INTO CD_VRSN_TBL (CD_ID, STS_CD_ID, CRT_PROV_ID, MNEMONIC, CLS_ID) VALUES (x'5DC30C4B5CE0C446AFD82A03ECFE6DF1', x'BD4C06C806FA3045B4301A52F1530C27', x'76A0DCFA90366E4AAF9EF1CD68E8C7E8', 'CompoundSupplyInvoiceGroup', x'39346B0DBEC98044AF39EEB457C052D0');
INSERT INTO CD_VRSN_TBL (CD_ID, STS_CD_ID, CRT_PROV_ID, MNEMONIC, CLS_ID) VALUES (x'67607DA6583ECD4299D3B3B25F9C0B1E', x'BD4C06C806FA3045B4301A52F1530C27', x'76A0DCFA90366E4AAF9EF1CD68E8C7E8', 'ClinicalServiceInvoice', x'39346B0DBEC98044AF39EEB457C052D0');
INSERT INTO CD_VRSN_TBL (CD_ID, STS_CD_ID, CRT_PROV_ID, MNEMONIC, CLS_ID) VALUES (x'82267DC12BAA1A42A096F5D634234218', x'BD4C06C806FA3045B4301A52F1530C27', x'76A0DCFA90366E4AAF9EF1CD68E8C7E8', 'ClinicalServiceAndProduct', x'39346B0DBEC98044AF39EEB457C052D0');
INSERT INTO CD_VRSN_TBL (CD_ID, STS_CD_ID, CRT_PROV_ID, MNEMONIC, CLS_ID) VALUES (x'989BCCE0E12DA74C9CC915CD488AE7AD', x'BD4C06C806FA3045B4301A52F1530C27', x'76A0DCFA90366E4AAF9EF1CD68E8C7E8', 'DrugInvoiceGroup', x'39346B0DBEC98044AF39EEB457C052D0');
INSERT INTO CD_VRSN_TBL (CD_ID, STS_CD_ID, CRT_PROV_ID, MNEMONIC, CLS_ID) VALUES (x'EF0A0DC75FFCB648A2AB940667923DD1', x'BD4C06C806FA3045B4301A52F1530C27', x'76A0DCFA90366E4AAF9EF1CD68E8C7E8', 'FinancialInvoice', x'39346B0DBEC98044AF39EEB457C052D0');
INSERT INTO CD_VRSN_TBL (CD_ID, STS_CD_ID, CRT_PROV_ID, MNEMONIC, CLS_ID) VALUES (x'5030B73533B4B44C972AD8E2CDA72C7E', x'BD4C06C806FA3045B4301A52F1530C27', x'76A0DCFA90366E4AAF9EF1CD68E8C7E8', 'FrameInvoiceGroup', x'39346B0DBEC98044AF39EEB457C052D0');
INSERT INTO CD_VRSN_TBL (CD_ID, STS_CD_ID, CRT_PROV_ID, MNEMONIC, CLS_ID) VALUES (x'BB65BFC849A72C4CA8412E3B3B4B4CA1', x'BD4C06C806FA3045B4301A52F1530C27', x'76A0DCFA90366E4AAF9EF1CD68E8C7E8', 'LensInvoiceGroup', x'39346B0DBEC98044AF39EEB457C052D0');
INSERT INTO CD_VRSN_TBL (CD_ID, STS_CD_ID, CRT_PROV_ID, MNEMONIC, CLS_ID) VALUES (x'A864DC387534B140862138673DD243D1', x'BD4C06C806FA3045B4301A52F1530C27', x'76A0DCFA90366E4AAF9EF1CD68E8C7E8', 'OralHealthService', x'39346B0DBEC98044AF39EEB457C052D0');
INSERT INTO CD_VRSN_TBL (CD_ID, STS_CD_ID, CRT_PROV_ID, MNEMONIC, CLS_ID) VALUES (x'523F72F404E85341864955A8C8CD0263', x'BD4C06C806FA3045B4301A52F1530C27', x'76A0DCFA90366E4AAF9EF1CD68E8C7E8', 'PreferredAccommodationInvoice', x'39346B0DBEC98044AF39EEB457C052D0');
INSERT INTO CD_VRSN_TBL (CD_ID, STS_CD_ID, CRT_PROV_ID, MNEMONIC, CLS_ID) VALUES (x'282F9EF9C8492843AD66EC57950C758E', x'BD4C06C806FA3045B4301A52F1530C27', x'76A0DCFA90366E4AAF9EF1CD68E8C7E8', 'ProductInvoiceGroup', x'39346B0DBEC98044AF39EEB457C052D0');
INSERT INTO CD_VRSN_TBL (CD_ID, STS_CD_ID, CRT_PROV_ID, MNEMONIC, CLS_ID) VALUES (x'ABC565D3D24AD740AFC20CDC734D2B4F', x'BD4C06C806FA3045B4301A52F1530C27', x'76A0DCFA90366E4AAF9EF1CD68E8C7E8', 'RxCompoundInvoice', x'39346B0DBEC98044AF39EEB457C052D0');
INSERT INTO CD_VRSN_TBL (CD_ID, STS_CD_ID, CRT_PROV_ID, MNEMONIC, CLS_ID) VALUES (x'90D62DCD879B5E4FA0877BD0B1CF9248', x'BD4C06C806FA3045B4301A52F1530C27', x'76A0DCFA90366E4AAF9EF1CD68E8C7E8', 'RxDispenseInvoice', x'39346B0DBEC98044AF39EEB457C052D0');
INSERT INTO CD_VRSN_TBL (CD_ID, STS_CD_ID, CRT_PROV_ID, MNEMONIC, CLS_ID) VALUES (x'371F4B9C28748B4F84A7C08E8FF1FCE0', x'BD4C06C806FA3045B4301A52F1530C27', x'76A0DCFA90366E4AAF9EF1CD68E8C7E8', 'SessionalOrBlockFeeInvoice', x'39346B0DBEC98044AF39EEB457C052D0');
INSERT INTO CD_VRSN_TBL (CD_ID, STS_CD_ID, CRT_PROV_ID, MNEMONIC, CLS_ID) VALUES (x'44E3B187545ACE468668FF4D2363F61B', x'BD4C06C806FA3045B4301A52F1530C27', x'76A0DCFA90366E4AAF9EF1CD68E8C7E8', 'VisionDispenseInvoice', x'39346B0DBEC98044AF39EEB457C052D0');
INSERT INTO CD_VRSN_TBL (CD_ID, STS_CD_ID, CRT_PROV_ID, MNEMONIC, CLS_ID) VALUES (x'3FE1310371F4BD4F92DC66E0A46239D5', x'BD4C06C806FA3045B4301A52F1530C27', x'76A0DCFA90366E4AAF9EF1CD68E8C7E8', 'BoosterImmunization', x'39346B0DBEC98044AF39EEB457C052D0');
INSERT INTO CD_VRSN_TBL (CD_ID, STS_CD_ID, CRT_PROV_ID, MNEMONIC, CLS_ID) VALUES (x'57A0847DCC1F5440A51FB77D230FC6D1', x'BD4C06C806FA3045B4301A52F1530C27', x'76A0DCFA90366E4AAF9EF1CD68E8C7E8', 'DrugTherapy', x'39346B0DBEC98044AF39EEB457C052D0');
INSERT INTO CD_VRSN_TBL (CD_ID, STS_CD_ID, CRT_PROV_ID, MNEMONIC, CLS_ID) VALUES (x'21357A6E67290A4C80EC6C5C197B2178', x'BD4C06C806FA3045B4301A52F1530C27', x'76A0DCFA90366E4AAF9EF1CD68E8C7E8', 'Immunization', x'39346B0DBEC98044AF39EEB457C052D0');
INSERT INTO CD_VRSN_TBL (CD_ID, STS_CD_ID, CRT_PROV_ID, MNEMONIC, CLS_ID) VALUES (x'886BBEF38FBC6342A77986F21EA10A47', x'BD4C06C806FA3045B4301A52F1530C27', x'76A0DCFA90366E4AAF9EF1CD68E8C7E8', 'InitialImmunization', x'39346B0DBEC98044AF39EEB457C052D0');
INSERT INTO CD_VRSN_TBL (CD_ID, STS_CD_ID, CRT_PROV_ID, MNEMONIC, CLS_ID) VALUES (x'E9414909DBA3B548862CBC289BD7F86C', x'BD4C06C806FA3045B4301A52F1530C27', x'76A0DCFA90366E4AAF9EF1CD68E8C7E8', 'Female', x'39346B0DBEC98044AF39EEB457C052D0');
INSERT INTO CD_VRSN_TBL (CD_ID, STS_CD_ID, CRT_PROV_ID, MNEMONIC, CLS_ID) VALUES (x'BBA6E3F42E61B2469F77FF844D971198', x'BD4C06C806FA3045B4301A52F1530C27', x'76A0DCFA90366E4AAF9EF1CD68E8C7E8', 'Male', x'39346B0DBEC98044AF39EEB457C052D0');
INSERT INTO CD_VRSN_TBL (CD_ID, STS_CD_ID, CRT_PROV_ID, MNEMONIC, CLS_ID) VALUES (x'82A794AE851441429BCA5B09DB2156BF', x'BD4C06C806FA3045B4301A52F1530C27', x'76A0DCFA90366E4AAF9EF1CD68E8C7E8', 'Undifferentiated', x'39346B0DBEC98044AF39EEB457C052D0');
INSERT INTO CD_VRSN_TBL (CD_ID, STS_CD_ID, CRT_PROV_ID, MNEMONIC, CLS_ID) VALUES (x'03ABF20F0A6ED140894704C4937B4CC4', x'BD4C06C806FA3045B4301A52F1530C27', x'76A0DCFA90366E4AAF9EF1CD68E8C7E8', 'Aunt', x'39346B0DBEC98044AF39EEB457C052D0');
INSERT INTO CD_VRSN_TBL (CD_ID, STS_CD_ID, CRT_PROV_ID, MNEMONIC, CLS_ID) VALUES (x'530D382422EA20489F068671F774F133', x'BD4C06C806FA3045B4301A52F1530C27', x'76A0DCFA90366E4AAF9EF1CD68E8C7E8', 'Brother', x'39346B0DBEC98044AF39EEB457C052D0');
INSERT INTO CD_VRSN_TBL (CD_ID, STS_CD_ID, CRT_PROV_ID, MNEMONIC, CLS_ID) VALUES (x'E2874C0AC3166143BE3CDD765EE4BC7D', x'BD4C06C806FA3045B4301A52F1530C27', x'76A0DCFA90366E4AAF9EF1CD68E8C7E8', 'Brotherinlaw', x'39346B0DBEC98044AF39EEB457C052D0');
INSERT INTO CD_VRSN_TBL (CD_ID, STS_CD_ID, CRT_PROV_ID, MNEMONIC, CLS_ID) VALUES (x'D05794735A839C4A811C42B5E92ED1CA', x'BD4C06C806FA3045B4301A52F1530C27', x'76A0DCFA90366E4AAF9EF1CD68E8C7E8', 'Child', x'39346B0DBEC98044AF39EEB457C052D0');
INSERT INTO CD_VRSN_TBL (CD_ID, STS_CD_ID, CRT_PROV_ID, MNEMONIC, CLS_ID) VALUES (x'695BA28FC2C9404C84C10EA9641A12EC', x'BD4C06C806FA3045B4301A52F1530C27', x'76A0DCFA90366E4AAF9EF1CD68E8C7E8', 'AdoptedChild', x'39346B0DBEC98044AF39EEB457C052D0');
INSERT INTO CD_VRSN_TBL (CD_ID, STS_CD_ID, CRT_PROV_ID, MNEMONIC, CLS_ID) VALUES (x'3726FEAB38D39040B3A53EC19A47BE6A', x'BD4C06C806FA3045B4301A52F1530C27', x'76A0DCFA90366E4AAF9EF1CD68E8C7E8', 'FosterChild', x'39346B0DBEC98044AF39EEB457C052D0');
INSERT INTO CD_VRSN_TBL (CD_ID, STS_CD_ID, CRT_PROV_ID, MNEMONIC, CLS_ID) VALUES (x'9231F28B75DEEB48ABEE81A9A15332F8', x'BD4C06C806FA3045B4301A52F1530C27', x'76A0DCFA90366E4AAF9EF1CD68E8C7E8', 'ChildInlaw', x'39346B0DBEC98044AF39EEB457C052D0');
INSERT INTO CD_VRSN_TBL (CD_ID, STS_CD_ID, CRT_PROV_ID, MNEMONIC, CLS_ID) VALUES (x'1C930F1C499C524A8FBF5217C52EA778', x'BD4C06C806FA3045B4301A52F1530C27', x'76A0DCFA90366E4AAF9EF1CD68E8C7E8', 'Cousin', x'39346B0DBEC98044AF39EEB457C052D0');
INSERT INTO CD_VRSN_TBL (CD_ID, STS_CD_ID, CRT_PROV_ID, MNEMONIC, CLS_ID) VALUES (x'3C1A186A41722543B011630D3CA6DC4A', x'BD4C06C806FA3045B4301A52F1530C27', x'76A0DCFA90366E4AAF9EF1CD68E8C7E8', 'NaturalDaughter', x'39346B0DBEC98044AF39EEB457C052D0');
INSERT INTO CD_VRSN_TBL (CD_ID, STS_CD_ID, CRT_PROV_ID, MNEMONIC, CLS_ID) VALUES (x'D82E4B2B0CF99341870AF48BC39657C1', x'BD4C06C806FA3045B4301A52F1530C27', x'76A0DCFA90366E4AAF9EF1CD68E8C7E8', 'AdoptedDaughter', x'39346B0DBEC98044AF39EEB457C052D0');
INSERT INTO CD_VRSN_TBL (CD_ID, STS_CD_ID, CRT_PROV_ID, MNEMONIC, CLS_ID) VALUES (x'3FB465810381D34EBAC64FC0DF8C1A84', x'BD4C06C806FA3045B4301A52F1530C27', x'76A0DCFA90366E4AAF9EF1CD68E8C7E8', 'Daughter', x'39346B0DBEC98044AF39EEB457C052D0');
INSERT INTO CD_VRSN_TBL (CD_ID, STS_CD_ID, CRT_PROV_ID, MNEMONIC, CLS_ID) VALUES (x'73671DE8E3972D4BB6A3A4624BA5C6A9', x'BD4C06C806FA3045B4301A52F1530C27', x'76A0DCFA90366E4AAF9EF1CD68E8C7E8', 'FosterDaughter', x'39346B0DBEC98044AF39EEB457C052D0');
INSERT INTO CD_VRSN_TBL (CD_ID, STS_CD_ID, CRT_PROV_ID, MNEMONIC, CLS_ID) VALUES (x'E7F0FD76E0CFB4479630C645F254CDFD', x'BD4C06C806FA3045B4301A52F1530C27', x'76A0DCFA90366E4AAF9EF1CD68E8C7E8', 'DaughterInlaw', x'39346B0DBEC98044AF39EEB457C052D0');
INSERT INTO CD_VRSN_TBL (CD_ID, STS_CD_ID, CRT_PROV_ID, MNEMONIC, CLS_ID) VALUES (x'E282B13D3B65FD4BA30032F23345D1C0', x'BD4C06C806FA3045B4301A52F1530C27', x'76A0DCFA90366E4AAF9EF1CD68E8C7E8', 'DomesticPartner', x'39346B0DBEC98044AF39EEB457C052D0');
INSERT INTO CD_VRSN_TBL (CD_ID, STS_CD_ID, CRT_PROV_ID, MNEMONIC, CLS_ID) VALUES (x'C76ED638C80C09469675B6FF91EDE605', x'BD4C06C806FA3045B4301A52F1530C27', x'76A0DCFA90366E4AAF9EF1CD68E8C7E8', 'FamilyMember', x'39346B0DBEC98044AF39EEB457C052D0');
INSERT INTO CD_VRSN_TBL (CD_ID, STS_CD_ID, CRT_PROV_ID, MNEMONIC, CLS_ID) VALUES (x'CC8ED140F88F034E8E5897A980F04060', x'BD4C06C806FA3045B4301A52F1530C27', x'76A0DCFA90366E4AAF9EF1CD68E8C7E8', 'Father', x'39346B0DBEC98044AF39EEB457C052D0');
INSERT INTO CD_VRSN_TBL (CD_ID, STS_CD_ID, CRT_PROV_ID, MNEMONIC, CLS_ID) VALUES (x'81DD01B41C93AD4A8FD822A6AC2EA3DC', x'BD4C06C806FA3045B4301A52F1530C27', x'76A0DCFA90366E4AAF9EF1CD68E8C7E8', 'Fatherinlaw', x'39346B0DBEC98044AF39EEB457C052D0');
INSERT INTO CD_VRSN_TBL (CD_ID, STS_CD_ID, CRT_PROV_ID, MNEMONIC, CLS_ID) VALUES (x'5D4BE2BF329CF34DAD7BEAA19E7D4AFB', x'BD4C06C806FA3045B4301A52F1530C27', x'76A0DCFA90366E4AAF9EF1CD68E8C7E8', 'GreatGrandfather', x'39346B0DBEC98044AF39EEB457C052D0');
INSERT INTO CD_VRSN_TBL (CD_ID, STS_CD_ID, CRT_PROV_ID, MNEMONIC, CLS_ID) VALUES (x'45C3FB02251A784FAEEAA12584A1EEC3', x'BD4C06C806FA3045B4301A52F1530C27', x'76A0DCFA90366E4AAF9EF1CD68E8C7E8', 'GreatGrandmother', x'39346B0DBEC98044AF39EEB457C052D0');
INSERT INTO CD_VRSN_TBL (CD_ID, STS_CD_ID, CRT_PROV_ID, MNEMONIC, CLS_ID) VALUES (x'11EB8F5281AE6A42BE1FCE74C83009EB', x'BD4C06C806FA3045B4301A52F1530C27', x'76A0DCFA90366E4AAF9EF1CD68E8C7E8', 'GreatGrandparent', x'39346B0DBEC98044AF39EEB457C052D0');
INSERT INTO CD_VRSN_TBL (CD_ID, STS_CD_ID, CRT_PROV_ID, MNEMONIC, CLS_ID) VALUES (x'4494C548C0FEB843AA2C7AEDB70733AD', x'BD4C06C806FA3045B4301A52F1530C27', x'76A0DCFA90366E4AAF9EF1CD68E8C7E8', 'Grandfather', x'39346B0DBEC98044AF39EEB457C052D0');
INSERT INTO CD_VRSN_TBL (CD_ID, STS_CD_ID, CRT_PROV_ID, MNEMONIC, CLS_ID) VALUES (x'2CBA30B6008AD846BF64870D381D8917', x'BD4C06C806FA3045B4301A52F1530C27', x'76A0DCFA90366E4AAF9EF1CD68E8C7E8', 'Grandmother', x'39346B0DBEC98044AF39EEB457C052D0');
INSERT INTO CD_VRSN_TBL (CD_ID, STS_CD_ID, CRT_PROV_ID, MNEMONIC, CLS_ID) VALUES (x'A2DD3AC3EDA492408D9CB8E3FBD5D90B', x'BD4C06C806FA3045B4301A52F1530C27', x'76A0DCFA90366E4AAF9EF1CD68E8C7E8', 'Grandchild', x'39346B0DBEC98044AF39EEB457C052D0');
INSERT INTO CD_VRSN_TBL (CD_ID, STS_CD_ID, CRT_PROV_ID, MNEMONIC, CLS_ID) VALUES (x'3F99B13C03373F4587BE21B606DB7631', x'BD4C06C806FA3045B4301A52F1530C27', x'76A0DCFA90366E4AAF9EF1CD68E8C7E8', 'Granddaughter', x'39346B0DBEC98044AF39EEB457C052D0');
INSERT INTO CD_VRSN_TBL (CD_ID, STS_CD_ID, CRT_PROV_ID, MNEMONIC, CLS_ID) VALUES (x'6344A6F775BCD444A8CAC9FBC2C87175', x'BD4C06C806FA3045B4301A52F1530C27', x'76A0DCFA90366E4AAF9EF1CD68E8C7E8', 'Grandson', x'39346B0DBEC98044AF39EEB457C052D0');
INSERT INTO CD_VRSN_TBL (CD_ID, STS_CD_ID, CRT_PROV_ID, MNEMONIC, CLS_ID) VALUES (x'F96D64FA647D1F4DAE9A6261FD5FD6AE', x'BD4C06C806FA3045B4301A52F1530C27', x'76A0DCFA90366E4AAF9EF1CD68E8C7E8', 'Grandparent', x'39346B0DBEC98044AF39EEB457C052D0');
INSERT INTO CD_VRSN_TBL (CD_ID, STS_CD_ID, CRT_PROV_ID, MNEMONIC, CLS_ID) VALUES (x'F2E2CA25ECD1FE4EA92FD479785F7D8A', x'BD4C06C806FA3045B4301A52F1530C27', x'76A0DCFA90366E4AAF9EF1CD68E8C7E8', 'Halfbrother', x'39346B0DBEC98044AF39EEB457C052D0');
INSERT INTO CD_VRSN_TBL (CD_ID, STS_CD_ID, CRT_PROV_ID, MNEMONIC, CLS_ID) VALUES (x'B9EC528462D74A4C96B281D130CB729B', x'BD4C06C806FA3045B4301A52F1530C27', x'76A0DCFA90366E4AAF9EF1CD68E8C7E8', 'Halfsibling', x'39346B0DBEC98044AF39EEB457C052D0');
INSERT INTO CD_VRSN_TBL (CD_ID, STS_CD_ID, CRT_PROV_ID, MNEMONIC, CLS_ID) VALUES (x'80C642CE83A7DE4CBCD1E261D6FD68A0', x'BD4C06C806FA3045B4301A52F1530C27', x'76A0DCFA90366E4AAF9EF1CD68E8C7E8', 'Halfsister', x'39346B0DBEC98044AF39EEB457C052D0');
INSERT INTO CD_VRSN_TBL (CD_ID, STS_CD_ID, CRT_PROV_ID, MNEMONIC, CLS_ID) VALUES (x'4CA4AC627CB5FD449703FCDFF97C04B6', x'BD4C06C806FA3045B4301A52F1530C27', x'76A0DCFA90366E4AAF9EF1CD68E8C7E8', 'Husband', x'39346B0DBEC98044AF39EEB457C052D0');
INSERT INTO CD_VRSN_TBL (CD_ID, STS_CD_ID, CRT_PROV_ID, MNEMONIC, CLS_ID) VALUES (x'5D35EA96680C1F488B6F1B00A101AB8F', x'BD4C06C806FA3045B4301A52F1530C27', x'76A0DCFA90366E4AAF9EF1CD68E8C7E8', 'MaternalAunt', x'39346B0DBEC98044AF39EEB457C052D0');
INSERT INTO CD_VRSN_TBL (CD_ID, STS_CD_ID, CRT_PROV_ID, MNEMONIC, CLS_ID) VALUES (x'E5CD74D8767D1D4F97E6DB7E82BAC958', x'BD4C06C806FA3045B4301A52F1530C27', x'76A0DCFA90366E4AAF9EF1CD68E8C7E8', 'MaternalCousin', x'39346B0DBEC98044AF39EEB457C052D0');
INSERT INTO CD_VRSN_TBL (CD_ID, STS_CD_ID, CRT_PROV_ID, MNEMONIC, CLS_ID) VALUES (x'D1D0E6AB374E7C4B9ACCEEDB2C36F9CD', x'BD4C06C806FA3045B4301A52F1530C27', x'76A0DCFA90366E4AAF9EF1CD68E8C7E8', 'MaternalGreatgrandfather', x'39346B0DBEC98044AF39EEB457C052D0');
INSERT INTO CD_VRSN_TBL (CD_ID, STS_CD_ID, CRT_PROV_ID, MNEMONIC, CLS_ID) VALUES (x'E6724FFEF8847642AE642EF1F2FF406F', x'BD4C06C806FA3045B4301A52F1530C27', x'76A0DCFA90366E4AAF9EF1CD68E8C7E8', 'MaternalGreatgrandmother', x'39346B0DBEC98044AF39EEB457C052D0');
INSERT INTO CD_VRSN_TBL (CD_ID, STS_CD_ID, CRT_PROV_ID, MNEMONIC, CLS_ID) VALUES (x'D387BC591816144F81D271072C1F37E9', x'BD4C06C806FA3045B4301A52F1530C27', x'76A0DCFA90366E4AAF9EF1CD68E8C7E8', 'MaternalGreatgrandparent', x'39346B0DBEC98044AF39EEB457C052D0');
INSERT INTO CD_VRSN_TBL (CD_ID, STS_CD_ID, CRT_PROV_ID, MNEMONIC, CLS_ID) VALUES (x'776A0F36B5FDB64FB2233CD1047FD08E', x'BD4C06C806FA3045B4301A52F1530C27', x'76A0DCFA90366E4AAF9EF1CD68E8C7E8', 'MaternalGrandfather', x'39346B0DBEC98044AF39EEB457C052D0');
INSERT INTO CD_VRSN_TBL (CD_ID, STS_CD_ID, CRT_PROV_ID, MNEMONIC, CLS_ID) VALUES (x'2B8313EA382EB64BB55DAE749CCABA95', x'BD4C06C806FA3045B4301A52F1530C27', x'76A0DCFA90366E4AAF9EF1CD68E8C7E8', 'MaternalGrandmother', x'39346B0DBEC98044AF39EEB457C052D0');
INSERT INTO CD_VRSN_TBL (CD_ID, STS_CD_ID, CRT_PROV_ID, MNEMONIC, CLS_ID) VALUES (x'D1DBE0666590F84A808D89EDD302F264', x'BD4C06C806FA3045B4301A52F1530C27', x'76A0DCFA90366E4AAF9EF1CD68E8C7E8', 'MaternalGrandparent', x'39346B0DBEC98044AF39EEB457C052D0');
INSERT INTO CD_VRSN_TBL (CD_ID, STS_CD_ID, CRT_PROV_ID, MNEMONIC, CLS_ID) VALUES (x'E564FF2964B51A4192C76818C02A9E48', x'BD4C06C806FA3045B4301A52F1530C27', x'76A0DCFA90366E4AAF9EF1CD68E8C7E8', 'Mother', x'39346B0DBEC98044AF39EEB457C052D0');
INSERT INTO CD_VRSN_TBL (CD_ID, STS_CD_ID, CRT_PROV_ID, MNEMONIC, CLS_ID) VALUES (x'8A9841F9551C0844AB57E9ED35B2A24D', x'BD4C06C806FA3045B4301A52F1530C27', x'76A0DCFA90366E4AAF9EF1CD68E8C7E8', 'Motherinlaw', x'39346B0DBEC98044AF39EEB457C052D0');
INSERT INTO CD_VRSN_TBL (CD_ID, STS_CD_ID, CRT_PROV_ID, MNEMONIC, CLS_ID) VALUES (x'469C294E6FF0FC4EB3C0B7B659A120F2', x'BD4C06C806FA3045B4301A52F1530C27', x'76A0DCFA90366E4AAF9EF1CD68E8C7E8', 'MaternalUncle', x'39346B0DBEC98044AF39EEB457C052D0');
INSERT INTO CD_VRSN_TBL (CD_ID, STS_CD_ID, CRT_PROV_ID, MNEMONIC, CLS_ID) VALUES (x'B11EF1DAC2FC2145A1C0DAEBAF0A923A', x'BD4C06C806FA3045B4301A52F1530C27', x'76A0DCFA90366E4AAF9EF1CD68E8C7E8', 'NaturalBrother', x'39346B0DBEC98044AF39EEB457C052D0');
INSERT INTO CD_VRSN_TBL (CD_ID, STS_CD_ID, CRT_PROV_ID, MNEMONIC, CLS_ID) VALUES (x'757E098032A29F4A878F7E60EC70F921', x'BD4C06C806FA3045B4301A52F1530C27', x'76A0DCFA90366E4AAF9EF1CD68E8C7E8', 'NaturalChild', x'39346B0DBEC98044AF39EEB457C052D0');
INSERT INTO CD_VRSN_TBL (CD_ID, STS_CD_ID, CRT_PROV_ID, MNEMONIC, CLS_ID) VALUES (x'D2F15A5C6D0E8F4595743AD61C393A90', x'BD4C06C806FA3045B4301A52F1530C27', x'76A0DCFA90366E4AAF9EF1CD68E8C7E8', 'Nephew', x'39346B0DBEC98044AF39EEB457C052D0');
INSERT INTO CD_VRSN_TBL (CD_ID, STS_CD_ID, CRT_PROV_ID, MNEMONIC, CLS_ID) VALUES (x'0B893D23EF04654399AD26CB4E1F75F3', x'BD4C06C806FA3045B4301A52F1530C27', x'76A0DCFA90366E4AAF9EF1CD68E8C7E8', 'NaturalFather', x'39346B0DBEC98044AF39EEB457C052D0');
INSERT INTO CD_VRSN_TBL (CD_ID, STS_CD_ID, CRT_PROV_ID, MNEMONIC, CLS_ID) VALUES (x'BCDE888E75D1F3469B48106F9C151CD2', x'BD4C06C806FA3045B4301A52F1530C27', x'76A0DCFA90366E4AAF9EF1CD68E8C7E8', 'NaturalFatherOfFetus', x'39346B0DBEC98044AF39EEB457C052D0');
INSERT INTO CD_VRSN_TBL (CD_ID, STS_CD_ID, CRT_PROV_ID, MNEMONIC, CLS_ID) VALUES (x'2A96500AB460D844A7F61EB2AA5967CC', x'BD4C06C806FA3045B4301A52F1530C27', x'76A0DCFA90366E4AAF9EF1CD68E8C7E8', 'Niece', x'39346B0DBEC98044AF39EEB457C052D0');
INSERT INTO CD_VRSN_TBL (CD_ID, STS_CD_ID, CRT_PROV_ID, MNEMONIC, CLS_ID) VALUES (x'D8E407A923D88F479C5A6FACAE6B4B5B', x'BD4C06C806FA3045B4301A52F1530C27', x'76A0DCFA90366E4AAF9EF1CD68E8C7E8', 'NieceNephew', x'39346B0DBEC98044AF39EEB457C052D0');
INSERT INTO CD_VRSN_TBL (CD_ID, STS_CD_ID, CRT_PROV_ID, MNEMONIC, CLS_ID) VALUES (x'9A689D059223FB4FB6AE682C9DED8DA2', x'BD4C06C806FA3045B4301A52F1530C27', x'76A0DCFA90366E4AAF9EF1CD68E8C7E8', 'NaturalMother', x'39346B0DBEC98044AF39EEB457C052D0');
INSERT INTO CD_VRSN_TBL (CD_ID, STS_CD_ID, CRT_PROV_ID, MNEMONIC, CLS_ID) VALUES (x'391B85E671A75E4A8AA89BA140B3DCA3', x'BD4C06C806FA3045B4301A52F1530C27', x'76A0DCFA90366E4AAF9EF1CD68E8C7E8', 'NaturalParent', x'39346B0DBEC98044AF39EEB457C052D0');
INSERT INTO CD_VRSN_TBL (CD_ID, STS_CD_ID, CRT_PROV_ID, MNEMONIC, CLS_ID) VALUES (x'65FB890B8ECA4D4A9D250BAE3F4D7A59', x'BD4C06C806FA3045B4301A52F1530C27', x'76A0DCFA90366E4AAF9EF1CD68E8C7E8', 'NaturalSibling', x'39346B0DBEC98044AF39EEB457C052D0');
INSERT INTO CD_VRSN_TBL (CD_ID, STS_CD_ID, CRT_PROV_ID, MNEMONIC, CLS_ID) VALUES (x'7D1DA28EE96E9B44A1DCC4AA0FF7F5B9', x'BD4C06C806FA3045B4301A52F1530C27', x'76A0DCFA90366E4AAF9EF1CD68E8C7E8', 'NaturalSister', x'39346B0DBEC98044AF39EEB457C052D0');
INSERT INTO CD_VRSN_TBL (CD_ID, STS_CD_ID, CRT_PROV_ID, MNEMONIC, CLS_ID) VALUES (x'8B9E1E6AC3D0F0449906A6458685E269', x'BD4C06C806FA3045B4301A52F1530C27', x'76A0DCFA90366E4AAF9EF1CD68E8C7E8', 'PaternalAunt', x'39346B0DBEC98044AF39EEB457C052D0');
INSERT INTO CD_VRSN_TBL (CD_ID, STS_CD_ID, CRT_PROV_ID, MNEMONIC, CLS_ID) VALUES (x'56FEAF606D12EE439FDE5F117E41C7A8', x'BD4C06C806FA3045B4301A52F1530C27', x'76A0DCFA90366E4AAF9EF1CD68E8C7E8', 'PaternalCousin', x'39346B0DBEC98044AF39EEB457C052D0');
INSERT INTO CD_VRSN_TBL (CD_ID, STS_CD_ID, CRT_PROV_ID, MNEMONIC, CLS_ID) VALUES (x'58C7EE0A0FC2E44397898C44629F5941', x'BD4C06C806FA3045B4301A52F1530C27', x'76A0DCFA90366E4AAF9EF1CD68E8C7E8', 'PaternalGreatgrandfather', x'39346B0DBEC98044AF39EEB457C052D0');
INSERT INTO CD_VRSN_TBL (CD_ID, STS_CD_ID, CRT_PROV_ID, MNEMONIC, CLS_ID) VALUES (x'03A2CB0F38120140BEB719A667506ADE', x'BD4C06C806FA3045B4301A52F1530C27', x'76A0DCFA90366E4AAF9EF1CD68E8C7E8', 'PaternalGreatgrandmother', x'39346B0DBEC98044AF39EEB457C052D0');
INSERT INTO CD_VRSN_TBL (CD_ID, STS_CD_ID, CRT_PROV_ID, MNEMONIC, CLS_ID) VALUES (x'5089A9089133664AA1C8421C6FD82911', x'BD4C06C806FA3045B4301A52F1530C27', x'76A0DCFA90366E4AAF9EF1CD68E8C7E8', 'PaternalGreatgrandparent', x'39346B0DBEC98044AF39EEB457C052D0');
INSERT INTO CD_VRSN_TBL (CD_ID, STS_CD_ID, CRT_PROV_ID, MNEMONIC, CLS_ID) VALUES (x'39C9D52F08C550428EFB13B772E56B7F', x'BD4C06C806FA3045B4301A52F1530C27', x'76A0DCFA90366E4AAF9EF1CD68E8C7E8', 'PaternalGrandfather', x'39346B0DBEC98044AF39EEB457C052D0');
INSERT INTO CD_VRSN_TBL (CD_ID, STS_CD_ID, CRT_PROV_ID, MNEMONIC, CLS_ID) VALUES (x'DB07DBBF2197C34E94E14BD9F0D6985C', x'BD4C06C806FA3045B4301A52F1530C27', x'76A0DCFA90366E4AAF9EF1CD68E8C7E8', 'PaternalGrandmother', x'39346B0DBEC98044AF39EEB457C052D0');
INSERT INTO CD_VRSN_TBL (CD_ID, STS_CD_ID, CRT_PROV_ID, MNEMONIC, CLS_ID) VALUES (x'A462D3A33149EF4BAF18AC59DD092981', x'BD4C06C806FA3045B4301A52F1530C27', x'76A0DCFA90366E4AAF9EF1CD68E8C7E8', 'PaternalGrandparent', x'39346B0DBEC98044AF39EEB457C052D0');
INSERT INTO CD_VRSN_TBL (CD_ID, STS_CD_ID, CRT_PROV_ID, MNEMONIC, CLS_ID) VALUES (x'45B3CBBFDB86BA43B47EE7411276AC7C', x'BD4C06C806FA3045B4301A52F1530C27', x'76A0DCFA90366E4AAF9EF1CD68E8C7E8', 'Parent', x'39346B0DBEC98044AF39EEB457C052D0');
INSERT INTO CD_VRSN_TBL (CD_ID, STS_CD_ID, CRT_PROV_ID, MNEMONIC, CLS_ID) VALUES (x'FE0A2B5E4E72CD419BE29030646F2529', x'BD4C06C806FA3045B4301A52F1530C27', x'76A0DCFA90366E4AAF9EF1CD68E8C7E8', 'ParentInlaw', x'39346B0DBEC98044AF39EEB457C052D0');
INSERT INTO CD_VRSN_TBL (CD_ID, STS_CD_ID, CRT_PROV_ID, MNEMONIC, CLS_ID) VALUES (x'DE853C8517482843A1216A3BDAFBF82E', x'BD4C06C806FA3045B4301A52F1530C27', x'76A0DCFA90366E4AAF9EF1CD68E8C7E8', 'PaternalUncle', x'39346B0DBEC98044AF39EEB457C052D0');
INSERT INTO CD_VRSN_TBL (CD_ID, STS_CD_ID, CRT_PROV_ID, MNEMONIC, CLS_ID) VALUES (x'EDC1FABB6454004193C38685B052A2CF', x'BD4C06C806FA3045B4301A52F1530C27', x'76A0DCFA90366E4AAF9EF1CD68E8C7E8', 'Roomate', x'39346B0DBEC98044AF39EEB457C052D0');
INSERT INTO CD_VRSN_TBL (CD_ID, STS_CD_ID, CRT_PROV_ID, MNEMONIC, CLS_ID) VALUES (x'06B55E68976BC141B201B6B932A3F3AA', x'BD4C06C806FA3045B4301A52F1530C27', x'76A0DCFA90366E4AAF9EF1CD68E8C7E8', 'Sibling', x'39346B0DBEC98044AF39EEB457C052D0');
INSERT INTO CD_VRSN_TBL (CD_ID, STS_CD_ID, CRT_PROV_ID, MNEMONIC, CLS_ID) VALUES (x'F82C89FD4FDB4E4EA13B4EB3BDDE5BE5', x'BD4C06C806FA3045B4301A52F1530C27', x'76A0DCFA90366E4AAF9EF1CD68E8C7E8', 'SiblingInlaw', x'39346B0DBEC98044AF39EEB457C052D0');
INSERT INTO CD_VRSN_TBL (CD_ID, STS_CD_ID, CRT_PROV_ID, MNEMONIC, CLS_ID) VALUES (x'9852AB2E83BC2C499004ED3499246AFE', x'BD4C06C806FA3045B4301A52F1530C27', x'76A0DCFA90366E4AAF9EF1CD68E8C7E8', 'SignificantOther', x'39346B0DBEC98044AF39EEB457C052D0');
INSERT INTO CD_VRSN_TBL (CD_ID, STS_CD_ID, CRT_PROV_ID, MNEMONIC, CLS_ID) VALUES (x'04891ECDDC317443902DC91F1DE23C46', x'BD4C06C806FA3045B4301A52F1530C27', x'76A0DCFA90366E4AAF9EF1CD68E8C7E8', 'Sister', x'39346B0DBEC98044AF39EEB457C052D0');
INSERT INTO CD_VRSN_TBL (CD_ID, STS_CD_ID, CRT_PROV_ID, MNEMONIC, CLS_ID) VALUES (x'1897AEDC81AB3747B07136CF1175804D', x'BD4C06C806FA3045B4301A52F1530C27', x'76A0DCFA90366E4AAF9EF1CD68E8C7E8', 'Sisterinlaw', x'39346B0DBEC98044AF39EEB457C052D0');
INSERT INTO CD_VRSN_TBL (CD_ID, STS_CD_ID, CRT_PROV_ID, MNEMONIC, CLS_ID) VALUES (x'CFD4179F7FA6C64A8C50718AF6E264EE', x'BD4C06C806FA3045B4301A52F1530C27', x'76A0DCFA90366E4AAF9EF1CD68E8C7E8', 'NaturalSon', x'39346B0DBEC98044AF39EEB457C052D0');
INSERT INTO CD_VRSN_TBL (CD_ID, STS_CD_ID, CRT_PROV_ID, MNEMONIC, CLS_ID) VALUES (x'92BA50CE21CDC443858234E7FBB3170F', x'BD4C06C806FA3045B4301A52F1530C27', x'76A0DCFA90366E4AAF9EF1CD68E8C7E8', 'AdoptedSon', x'39346B0DBEC98044AF39EEB457C052D0');
INSERT INTO CD_VRSN_TBL (CD_ID, STS_CD_ID, CRT_PROV_ID, MNEMONIC, CLS_ID) VALUES (x'04C215F18584F34C88153C6738465E30', x'BD4C06C806FA3045B4301A52F1530C27', x'76A0DCFA90366E4AAF9EF1CD68E8C7E8', 'Son', x'39346B0DBEC98044AF39EEB457C052D0');
INSERT INTO CD_VRSN_TBL (CD_ID, STS_CD_ID, CRT_PROV_ID, MNEMONIC, CLS_ID) VALUES (x'5062CDDE8B7E774B895D31953CF1387A', x'BD4C06C806FA3045B4301A52F1530C27', x'76A0DCFA90366E4AAF9EF1CD68E8C7E8', 'FosterSon', x'39346B0DBEC98044AF39EEB457C052D0');
INSERT INTO CD_VRSN_TBL (CD_ID, STS_CD_ID, CRT_PROV_ID, MNEMONIC, CLS_ID) VALUES (x'11BCF73488221A47AF38553AE6B8410C', x'BD4C06C806FA3045B4301A52F1530C27', x'76A0DCFA90366E4AAF9EF1CD68E8C7E8', 'SonInlaw', x'39346B0DBEC98044AF39EEB457C052D0');
INSERT INTO CD_VRSN_TBL (CD_ID, STS_CD_ID, CRT_PROV_ID, MNEMONIC, CLS_ID) VALUES (x'7BC5BD895CD8854E94E8C17049540A0D', x'BD4C06C806FA3045B4301A52F1530C27', x'76A0DCFA90366E4AAF9EF1CD68E8C7E8', 'Spouse', x'39346B0DBEC98044AF39EEB457C052D0');
INSERT INTO CD_VRSN_TBL (CD_ID, STS_CD_ID, CRT_PROV_ID, MNEMONIC, CLS_ID) VALUES (x'7B095159131ACE4BBBF29ABF52F98DC8', x'BD4C06C806FA3045B4301A52F1530C27', x'76A0DCFA90366E4AAF9EF1CD68E8C7E8', 'Stepbrother', x'39346B0DBEC98044AF39EEB457C052D0');
INSERT INTO CD_VRSN_TBL (CD_ID, STS_CD_ID, CRT_PROV_ID, MNEMONIC, CLS_ID) VALUES (x'17F9DE4CB04FDF4CB44DB73486C41845', x'BD4C06C806FA3045B4301A52F1530C27', x'76A0DCFA90366E4AAF9EF1CD68E8C7E8', 'StepChild', x'39346B0DBEC98044AF39EEB457C052D0');
INSERT INTO CD_VRSN_TBL (CD_ID, STS_CD_ID, CRT_PROV_ID, MNEMONIC, CLS_ID) VALUES (x'3A191EF76205E94699DD437D23663EC3', x'BD4C06C806FA3045B4301A52F1530C27', x'76A0DCFA90366E4AAF9EF1CD68E8C7E8', 'Stepdaughter', x'39346B0DBEC98044AF39EEB457C052D0');
INSERT INTO CD_VRSN_TBL (CD_ID, STS_CD_ID, CRT_PROV_ID, MNEMONIC, CLS_ID) VALUES (x'4D7E43BB7274C148A6E7576545A782FA', x'BD4C06C806FA3045B4301A52F1530C27', x'76A0DCFA90366E4AAF9EF1CD68E8C7E8', 'Stepfather', x'39346B0DBEC98044AF39EEB457C052D0');
INSERT INTO CD_VRSN_TBL (CD_ID, STS_CD_ID, CRT_PROV_ID, MNEMONIC, CLS_ID) VALUES (x'CC39055A3B098E44AEC60D529ED0087F', x'BD4C06C806FA3045B4301A52F1530C27', x'76A0DCFA90366E4AAF9EF1CD68E8C7E8', 'Stepmother', x'39346B0DBEC98044AF39EEB457C052D0');
INSERT INTO CD_VRSN_TBL (CD_ID, STS_CD_ID, CRT_PROV_ID, MNEMONIC, CLS_ID) VALUES (x'E7EE72F14B7F224081D076393A1200AE', x'BD4C06C806FA3045B4301A52F1530C27', x'76A0DCFA90366E4AAF9EF1CD68E8C7E8', 'StepParent', x'39346B0DBEC98044AF39EEB457C052D0');
INSERT INTO CD_VRSN_TBL (CD_ID, STS_CD_ID, CRT_PROV_ID, MNEMONIC, CLS_ID) VALUES (x'5DC26B7EEA5D4546AF3DAA854B7B6F2F', x'BD4C06C806FA3045B4301A52F1530C27', x'76A0DCFA90366E4AAF9EF1CD68E8C7E8', 'StepSibling', x'39346B0DBEC98044AF39EEB457C052D0');
INSERT INTO CD_VRSN_TBL (CD_ID, STS_CD_ID, CRT_PROV_ID, MNEMONIC, CLS_ID) VALUES (x'85D073CB6C02C74BA1DE356BFD636246', x'BD4C06C806FA3045B4301A52F1530C27', x'76A0DCFA90366E4AAF9EF1CD68E8C7E8', 'Stepsister', x'39346B0DBEC98044AF39EEB457C052D0');
INSERT INTO CD_VRSN_TBL (CD_ID, STS_CD_ID, CRT_PROV_ID, MNEMONIC, CLS_ID) VALUES (x'F478A9CF0C140D4382F81E6F2D74F48D', x'BD4C06C806FA3045B4301A52F1530C27', x'76A0DCFA90366E4AAF9EF1CD68E8C7E8', 'Stepson', x'39346B0DBEC98044AF39EEB457C052D0');
INSERT INTO CD_VRSN_TBL (CD_ID, STS_CD_ID, CRT_PROV_ID, MNEMONIC, CLS_ID) VALUES (x'6092D9CD7C104E4AACAFD7C9C7E90FDD', x'BD4C06C806FA3045B4301A52F1530C27', x'76A0DCFA90366E4AAF9EF1CD68E8C7E8', 'Uncle', x'39346B0DBEC98044AF39EEB457C052D0');
INSERT INTO CD_VRSN_TBL (CD_ID, STS_CD_ID, CRT_PROV_ID, MNEMONIC, CLS_ID) VALUES (x'3E42FFA3D58171458EDF03C295189A23', x'BD4C06C806FA3045B4301A52F1530C27', x'76A0DCFA90366E4AAF9EF1CD68E8C7E8', 'Wife', x'39346B0DBEC98044AF39EEB457C052D0');
INSERT INTO CD_VRSN_TBL (CD_ID, STS_CD_ID, CRT_PROV_ID, MNEMONIC, CLS_ID) VALUES (x'D2C1E57E211AB1418459CB160FA36C60', x'BD4C06C806FA3045B4301A52F1530C27', x'76A0DCFA90366E4AAF9EF1CD68E8C7E8', 'RepresentativeHalflife', x'39346B0DBEC98044AF39EEB457C052D0');
INSERT INTO CD_VRSN_TBL (CD_ID, STS_CD_ID, CRT_PROV_ID, MNEMONIC, CLS_ID) VALUES (x'58201171F963384B97D94CCF58574E51', x'BD4C06C806FA3045B4301A52F1530C27', x'76A0DCFA90366E4AAF9EF1CD68E8C7E8', 'Coating', x'39346B0DBEC98044AF39EEB457C052D0');
INSERT INTO CD_VRSN_TBL (CD_ID, STS_CD_ID, CRT_PROV_ID, MNEMONIC, CLS_ID) VALUES (x'9533DF123BB41E42B505049515C228B1', x'BD4C06C806FA3045B4301A52F1530C27', x'76A0DCFA90366E4AAF9EF1CD68E8C7E8', 'Color', x'39346B0DBEC98044AF39EEB457C052D0');
INSERT INTO CD_VRSN_TBL (CD_ID, STS_CD_ID, CRT_PROV_ID, MNEMONIC, CLS_ID) VALUES (x'EC1A078B63909843B242E561915ABB51', x'BD4C06C806FA3045B4301A52F1530C27', x'76A0DCFA90366E4AAF9EF1CD68E8C7E8', 'Image', x'39346B0DBEC98044AF39EEB457C052D0');
INSERT INTO CD_VRSN_TBL (CD_ID, STS_CD_ID, CRT_PROV_ID, MNEMONIC, CLS_ID) VALUES (x'6C1B3204195BA244BE7A4A53A221A456', x'BD4C06C806FA3045B4301A52F1530C27', x'76A0DCFA90366E4AAF9EF1CD68E8C7E8', 'ImprintCode', x'39346B0DBEC98044AF39EEB457C052D0');
INSERT INTO CD_VRSN_TBL (CD_ID, STS_CD_ID, CRT_PROV_ID, MNEMONIC, CLS_ID) VALUES (x'C36229B3FAEA4641BBCD0E33789DE32C', x'BD4C06C806FA3045B4301A52F1530C27', x'76A0DCFA90366E4AAF9EF1CD68E8C7E8', 'Scoring', x'39346B0DBEC98044AF39EEB457C052D0');
INSERT INTO CD_VRSN_TBL (CD_ID, STS_CD_ID, CRT_PROV_ID, MNEMONIC, CLS_ID) VALUES (x'623DC9938D04644EA0CE7F2F62A8EC6E', x'BD4C06C806FA3045B4301A52F1530C27', x'76A0DCFA90366E4AAF9EF1CD68E8C7E8', 'Shape', x'39346B0DBEC98044AF39EEB457C052D0');
INSERT INTO CD_VRSN_TBL (CD_ID, STS_CD_ID, CRT_PROV_ID, MNEMONIC, CLS_ID) VALUES (x'B87F3A57ADFEED4BB325C0FE68CE96CE', x'BD4C06C806FA3045B4301A52F1530C27', x'76A0DCFA90366E4AAF9EF1CD68E8C7E8', 'Size', x'39346B0DBEC98044AF39EEB457C052D0');
INSERT INTO CD_VRSN_TBL (CD_ID, STS_CD_ID, CRT_PROV_ID, MNEMONIC, CLS_ID) VALUES (x'11845EDC3FCB7F4B8E0EFC1D1FF3B084', x'BD4C06C806FA3045B4301A52F1530C27', x'76A0DCFA90366E4AAF9EF1CD68E8C7E8', 'Symbol', x'39346B0DBEC98044AF39EEB457C052D0');
INSERT INTO CD_VRSN_TBL (CD_ID, STS_CD_ID, CRT_PROV_ID, MNEMONIC, CLS_ID) VALUES (x'4ED27110E96F0F488A20B1825AE4D707', x'BD4C06C806FA3045B4301A52F1530C27', x'76A0DCFA90366E4AAF9EF1CD68E8C7E8', 'CareProvision', x'5452FD17258CBB4AB246083FBE9AFA15');
INSERT INTO CD_VRSN_TBL (CD_ID, STS_CD_ID, CRT_PROV_ID, MNEMONIC, CLS_ID) VALUES (x'0DEFC58C1139994D937F6CFDC2A27D55', x'BD4C06C806FA3045B4301A52F1530C27', x'76A0DCFA90366E4AAF9EF1CD68E8C7E8', 'Procedure', x'5452FD17258CBB4AB246083FBE9AFA15');
INSERT INTO CD_VRSN_TBL (CD_ID, STS_CD_ID, CRT_PROV_ID, MNEMONIC, CLS_ID) VALUES (x'72CA58E66A3B9940AB6E7CF6861A5B61', x'BD4C06C806FA3045B4301A52F1530C27', x'76A0DCFA90366E4AAF9EF1CD68E8C7E8', 'Request', x'2297A9BBCE239A468FA510DEBA853D35');
INSERT INTO CD_VRSN_TBL (CD_ID, STS_CD_ID, CRT_PROV_ID, MNEMONIC, CLS_ID) VALUES (x'DFDE89B361BE6B45AA70786E1A5A69E0', x'BD4C06C806FA3045B4301A52F1530C27', x'76A0DCFA90366E4AAF9EF1CD68E8C7E8', 'Promise', x'2297A9BBCE239A468FA510DEBA853D35');

INSERT INTO CD_VRSN_TBL (CD_ID, STS_CD_ID, CRT_PROV_ID, MNEMONIC, CLS_ID) VALUES (x'5595205A3AFB7D43B0430190685A4284', x'BD4C06C806FA3045B4301A52F1530C27', x'76A0DCFA90366E4AAF9EF1CD68E8C7E8', 'ChildProof', x'32BC9CDCEAB84441BEF1DC618E28F4D7');
INSERT INTO CD_VRSN_TBL (CD_ID, STS_CD_ID, CRT_PROV_ID, MNEMONIC, CLS_ID) VALUES (x'2409631E10CE8A4AA91DE319F517A6EC', x'BD4C06C806FA3045B4301A52F1530C27', x'76A0DCFA90366E4AAF9EF1CD68E8C7E8', 'EasyOpen', x'32BC9CDCEAB84441BEF1DC618E28F4D7');
INSERT INTO CD_VRSN_TBL (CD_ID, STS_CD_ID, CRT_PROV_ID, MNEMONIC, CLS_ID) VALUES (x'FE206A26FBDF8D4C9EADFDC7CD86C552', x'BD4C06C806FA3045B4301A52F1530C27', x'76A0DCFA90366E4AAF9EF1CD68E8C7E8', 'Film', x'32BC9CDCEAB84441BEF1DC618E28F4D7');
INSERT INTO CD_VRSN_TBL (CD_ID, STS_CD_ID, CRT_PROV_ID, MNEMONIC, CLS_ID) VALUES (x'DB762BEEE9852F4190BB47A94F8E4C30', x'BD4C06C806FA3045B4301A52F1530C27', x'76A0DCFA90366E4AAF9EF1CD68E8C7E8', 'Foil', x'32BC9CDCEAB84441BEF1DC618E28F4D7');
INSERT INTO CD_VRSN_TBL (CD_ID, STS_CD_ID, CRT_PROV_ID, MNEMONIC, CLS_ID) VALUES (x'BEA97064B4FC3D46BB0C894D0CDDD4C2', x'BD4C06C806FA3045B4301A52F1530C27', x'76A0DCFA90366E4AAF9EF1CD68E8C7E8', 'PushCap', x'32BC9CDCEAB84441BEF1DC618E28F4D7');
INSERT INTO CD_VRSN_TBL (CD_ID, STS_CD_ID, CRT_PROV_ID, MNEMONIC, CLS_ID) VALUES (x'F60DC447693FCC47A84C33037E4BFFD9', x'BD4C06C806FA3045B4301A52F1530C27', x'76A0DCFA90366E4AAF9EF1CD68E8C7E8', 'MedicationCap', x'32BC9CDCEAB84441BEF1DC618E28F4D7');
INSERT INTO CD_VRSN_TBL (CD_ID, STS_CD_ID, CRT_PROV_ID, MNEMONIC, CLS_ID) VALUES (x'7C5B6905F76BF74AA0C9A5C8B2E63E05', x'BD4C06C806FA3045B4301A52F1530C27', x'76A0DCFA90366E4AAF9EF1CD68E8C7E8', 'ScrewCap', x'32BC9CDCEAB84441BEF1DC618E28F4D7');

INSERT INTO CD_VRSN_TBL (CD_ID, STS_CD_ID, CRT_PROV_ID, MNEMONIC, CLS_ID) VALUES (x'F60F45EEED9B474C90D2671AB3041756', x'BD4C06C806FA3045B4301A52F1530C27', x'76A0DCFA90366E4AAF9EF1CD68E8C7E8', 'Gel', x'32BC9CDCEAB84441BEF1DC618E28F4D7');
INSERT INTO CD_VRSN_TBL (CD_ID, STS_CD_ID, CRT_PROV_ID, MNEMONIC, CLS_ID) VALUES (x'EB242547D4C8F849862AEF4BD7CA0395', x'BD4C06C806FA3045B4301A52F1530C27', x'76A0DCFA90366E4AAF9EF1CD68E8C7E8', 'None', x'32BC9CDCEAB84441BEF1DC618E28F4D7');


-- Code Systems
INSERT INTO CD_SYS_TBL (CS_ID, CS_NAME, OID, DOMAIN, CRT_PROV_ID, URL) VALUES (x'D8CBA5F725545E418308D14B94F56917', 'ICD10', '2.16.840.1.113883.6.3', 'I10', x'76A0DCFA90366E4AAF9EF1CD68E8C7E8', 'http://hl7.org/fhir/sid/icd-10');
INSERT INTO CD_SYS_TBL (CS_ID, CS_NAME, OID, DOMAIN, CRT_PROV_ID, URL) VALUES (x'E54297ED5BFA44469FB52F935ED08B1E', 'ICD10CM', '2.16.840.1.113883.6.90' ,'I10C', x'76A0DCFA90366E4AAF9EF1CD68E8C7E8', 'http://santedb.org/codesystem/icd-10-cm');
INSERT INTO CD_SYS_TBL (CS_ID, CS_NAME, OID, DOMAIN, CRT_PROV_ID, URL) VALUES (x'1B1EEA51C0ED5A45A72B9076860E284D', 'ICD9', '2.16.840.1.113883.6.2', 'I9', x'76A0DCFA90366E4AAF9EF1CD68E8C7E8', 'http://hl7.org/fhir/sid/icd-9');
INSERT INTO CD_SYS_TBL (CS_ID, CS_NAME, OID, DOMAIN, CRT_PROV_ID, URL) VALUES (x'20FE04EBBCBB704C9EEF045BC4F70982', 'ISO639-1', '2.16.840.1.113883.6.99', 'ISO639-1', x'76A0DCFA90366E4AAF9EF1CD68E8C7E8', 'http://hl7.org/fhir/sid/iso-639-1');
INSERT INTO CD_SYS_TBL (CS_ID, CS_NAME, OID, DOMAIN, CRT_PROV_ID, URL) VALUES (x'EA44900841DD5842A497E6247DD364F6', 'ISO639-2', '2.16.840.1.113883.6.100', 'ISO639-2', x'76A0DCFA90366E4AAF9EF1CD68E8C7E8','http://santedb.org/codesystem/iso639-2');
INSERT INTO CD_SYS_TBL (CS_ID, CS_NAME, OID, DOMAIN, CRT_PROV_ID, URL) VALUES (x'9793C5086B706A45AEB19E7D5A2ADC94', 'LOINC', '2.16.840.1.113883.6.1', 'LN', x'76A0DCFA90366E4AAF9EF1CD68E8C7E8','http://hl7.org/fhir/sid/loinc');
INSERT INTO CD_SYS_TBL (CS_ID, CS_NAME, OID, DOMAIN, CRT_PROV_ID, URL) VALUES (x'02A75348F3FFFB4E8DD754AACCA53664', 'UCUM', '2.16.840.1.113883.6.8', 'UCUM', x'76A0DCFA90366E4AAF9EF1CD68E8C7E8','http://hl7.org/fhir/sid/ucum');
INSERT INTO CD_SYS_TBL (CS_ID, CS_NAME, OID, DOMAIN, CRT_PROV_ID, URL) VALUES (x'510703B3DBD40B42B765E837607820CD', 'SNOMED CT', '2.16.840.1.113883.6.96', 'SNM', x'76A0DCFA90366E4AAF9EF1CD68E8C7E8','http://snomed.info');
INSERT INTO CD_SYS_TBL (CS_ID, CS_NAME, OID, DOMAIN, CRT_PROV_ID, URL) VALUES (x'4AF9A4EBAD2CB34BACA7F4E54EAAC4BD', 'CVX Vaccine Codes', '2.16.840.1.113883.3.88.12.80.22', 'CVX', x'76A0DCFA90366E4AAF9EF1CD68E8C7E8','http://hl7.org/fhir/conceptset/vaccine-code');
INSERT INTO CD_SYS_TBL (CS_ID, DOMAIN, OID, CRT_PROV_ID, URL)  VALUES (x'6AD6B1BA981EFD4B9B4A7C4BE88F35D1','ActClassClinicalDocument','2.16.840.1.113883.5.6',x'76A0DCFA90366E4AAF9EF1CD68E8C7E8','http://santedb.org/conceptset/v3-ActClassClinicalDocument');
INSERT INTO CD_SYS_TBL (CS_ID, DOMAIN, OID, CRT_PROV_ID, URL)  VALUES (x'473B820215C366438883442E646D34BE','ActEncounterCode','2.16.840.1.113883.5.4',x'76A0DCFA90366E4AAF9EF1CD68E8C7E8','http://santedb.org/conceptset/v3-ActEncounterCode');
INSERT INTO CD_SYS_TBL (CS_ID, DOMAIN, OID, CRT_PROV_ID, URL)  VALUES (x'8F35E8BD9F7FE046B3263491429C2183','ActMoodEventCriterion','2.16.840.1.113883.5.1001',x'76A0DCFA90366E4AAF9EF1CD68E8C7E8','http://santedb.org/conceptset/v3-ActMoodEventCriterion');
INSERT INTO CD_SYS_TBL (CS_ID, DOMAIN, OID, CRT_PROV_ID, URL)  VALUES (x'05461092DC20F9429CDEACEF7FB19EF0','ActRelationshipAuthorizedBy','2.16.840.1.113883.5.1002',x'76A0DCFA90366E4AAF9EF1CD68E8C7E8','http://santedb.org/conceptset/v3-ActRelationshipAuthorizedBy');
INSERT INTO CD_SYS_TBL (CS_ID, DOMAIN, OID, CRT_PROV_ID, URL)  VALUES (x'C48D28111A080447AD5CE90E7DA30C63','Currency','2.16.840.1.113883.5.1058',x'76A0DCFA90366E4AAF9EF1CD68E8C7E8','http://santedb.org/conceptset/v3-Currency');
INSERT INTO CD_SYS_TBL (CS_ID, DOMAIN, OID, CRT_PROV_ID, URL)  VALUES (x'EE9F6A98CA5A7849A2F64CA0902B891C','EntityClassDevice','2.16.840.1.113883.5.41',x'76A0DCFA90366E4AAF9EF1CD68E8C7E8','http://santedb.org/conceptset/v3-EntityClassDevice');
INSERT INTO CD_SYS_TBL (CS_ID, DOMAIN, OID, CRT_PROV_ID, URL)  VALUES (x'CE875967D2DEFF438401E124FFE82589','EntityDeterminer','2.16.840.1.113883.5.30',x'76A0DCFA90366E4AAF9EF1CD68E8C7E8','http://santedb.org/conceptset/v3-EntityDeterminer');
INSERT INTO CD_SYS_TBL (CS_ID, DOMAIN, OID, CRT_PROV_ID, URL)  VALUES (x'F8559DEB2833A449BA10775C931D0A42','ActParticipationType','2.16.840.1.113883.5.90',x'76A0DCFA90366E4AAF9EF1CD68E8C7E8','http://santedb.org/conceptset/v3-ActParticipationType');
INSERT INTO CD_SYS_TBL (CS_ID, DOMAIN, OID, CRT_PROV_ID, URL)  VALUES (x'7BD712FF5D627A498794C3726942B113','RoleClass','2.16.840.1.113883.5.110',x'76A0DCFA90366E4AAF9EF1CD68E8C7E8','http://santedb.org/conceptset/v3-RoleClass');
INSERT INTO CD_SYS_TBL (CS_ID, DOMAIN, OID, CRT_PROV_ID, URL)  VALUES (x'39713A7A3EB9994ABD54749E30FE712A','AdministrativeGender','2.16.840.1.113883.5.1',x'76A0DCFA90366E4AAF9EF1CD68E8C7E8','http://santedb.org/conceptset/v3-AdministrativeGender');
INSERT INTO CD_SYS_TBL (CS_ID, DOMAIN, OID, CRT_PROV_ID, URL)  VALUES (x'FE18479AF4435B4B99971D1FAE894BB9','FamilyMember','2.16.840.1.113883.5.111',x'76A0DCFA90366E4AAF9EF1CD68E8C7E8',
'http://santedb.org/conceptset/v3-FamilyMember');
INSERT INTO CD_SYS_TBL (CS_ID, DOMAIN, OID, CRT_PROV_ID, URL)  VALUES (x'3D094155CABC134688B210F96A4765F7','ContainerCap','2.16.840.1.113883.5.26',x'76A0DCFA90366E4AAF9EF1CD68E8C7E8','http://santedb.org/conceptset/v3-ContainerCap');
INSERT INTO CD_SYS_TBL (CS_ID, DOMAIN, OID, CRT_PROV_ID, URL)  VALUES (x'A868F098480E9842820F34E00FC50953','ContainerSeparator','2.16.840.1.113883.5.27',x'76A0DCFA90366E4AAF9EF1CD68E8C7E8','http://santedb.org/conceptset/v3-ContainerSeparator');

-- Reference Terms
INSERT INTO REF_TERM_TBL (REF_TERM_ID, CS_ID, MNEMONIC, CRT_PROV_ID)  VALUES(x'452F248015C9F947A90C1B80F7D6AF71',x'6AD6B1BA981EFD4B9B4A7C4BE88F35D1','DOCCLIN', x'76A0DCFA90366E4AAF9EF1CD68E8C7E8');
INSERT INTO REF_TERM_TBL (REF_TERM_ID, CS_ID, MNEMONIC, CRT_PROV_ID)  VALUES(x'741FEF34B1402C439C865B77D3CD23C0',x'6AD6B1BA981EFD4B9B4A7C4BE88F35D1','CONS', x'76A0DCFA90366E4AAF9EF1CD68E8C7E8');
INSERT INTO REF_TERM_TBL (REF_TERM_ID, CS_ID, MNEMONIC, CRT_PROV_ID)  VALUES(x'F557F100560AC94B95E3BA64827B8852',x'6AD6B1BA981EFD4B9B4A7C4BE88F35D1','DOC', x'76A0DCFA90366E4AAF9EF1CD68E8C7E8');
INSERT INTO REF_TERM_TBL (REF_TERM_ID, CS_ID, MNEMONIC, CRT_PROV_ID)  VALUES(x'712178E343F01045B986C7ADC3FCA593',x'6AD6B1BA981EFD4B9B4A7C4BE88F35D1','DOCBODY', x'76A0DCFA90366E4AAF9EF1CD68E8C7E8');
INSERT INTO REF_TERM_TBL (REF_TERM_ID, CS_ID, MNEMONIC, CRT_PROV_ID)  VALUES(x'294CF4084813DC48B426C9FB2826A895',x'6AD6B1BA981EFD4B9B4A7C4BE88F35D1','DOCSECT', x'76A0DCFA90366E4AAF9EF1CD68E8C7E8');
INSERT INTO REF_TERM_TBL (REF_TERM_ID, CS_ID, MNEMONIC, CRT_PROV_ID)  VALUES(x'2DAD3981F7296C459290A7DBB67C92FD',x'6AD6B1BA981EFD4B9B4A7C4BE88F35D1','ENC', x'76A0DCFA90366E4AAF9EF1CD68E8C7E8');
INSERT INTO REF_TERM_TBL (REF_TERM_ID, CS_ID, MNEMONIC, CRT_PROV_ID)  VALUES(x'4319E2BD44A37C47ADDAAF40BEE4E177',x'6AD6B1BA981EFD4B9B4A7C4BE88F35D1','CASE', x'76A0DCFA90366E4AAF9EF1CD68E8C7E8');
INSERT INTO REF_TERM_TBL (REF_TERM_ID, CS_ID, MNEMONIC, CRT_PROV_ID)  VALUES(x'C5EAB7C3A948954894406ACC15445CCB',x'6AD6B1BA981EFD4B9B4A7C4BE88F35D1','COND', x'76A0DCFA90366E4AAF9EF1CD68E8C7E8');
INSERT INTO REF_TERM_TBL (REF_TERM_ID, CS_ID, MNEMONIC, CRT_PROV_ID)  VALUES(x'54B2B1C534BA454EA60424E02F34A36B',x'6AD6B1BA981EFD4B9B4A7C4BE88F35D1','GEN', x'76A0DCFA90366E4AAF9EF1CD68E8C7E8');
INSERT INTO REF_TERM_TBL (REF_TERM_ID, CS_ID, MNEMONIC, CRT_PROV_ID)  VALUES(x'0CC3AA83F10DD04FABD7D7FCEB00E04C',x'6AD6B1BA981EFD4B9B4A7C4BE88F35D1','LLD', x'76A0DCFA90366E4AAF9EF1CD68E8C7E8');
INSERT INTO REF_TERM_TBL (REF_TERM_ID, CS_ID, MNEMONIC, CRT_PROV_ID)  VALUES(x'2DA14690544C0E46BA46C92893F74F87',x'6AD6B1BA981EFD4B9B4A7C4BE88F35D1','OBS', x'76A0DCFA90366E4AAF9EF1CD68E8C7E8');
INSERT INTO REF_TERM_TBL (REF_TERM_ID, CS_ID, MNEMONIC, CRT_PROV_ID)  VALUES(x'3B6D8332290AB54AAD1F6CB3DBD5DF9A',x'6AD6B1BA981EFD4B9B4A7C4BE88F35D1','OBSSER', x'76A0DCFA90366E4AAF9EF1CD68E8C7E8');
INSERT INTO REF_TERM_TBL (REF_TERM_ID, CS_ID, MNEMONIC, CRT_PROV_ID)  VALUES(x'C24F2D93DB3538499B0D25BFCE8E3121',x'6AD6B1BA981EFD4B9B4A7C4BE88F35D1','POS', x'76A0DCFA90366E4AAF9EF1CD68E8C7E8');
INSERT INTO REF_TERM_TBL (REF_TERM_ID, CS_ID, MNEMONIC, CRT_PROV_ID)  VALUES(x'39FE488B89C4A8428800F2A97480C6AF',x'6AD6B1BA981EFD4B9B4A7C4BE88F35D1','PRN', x'76A0DCFA90366E4AAF9EF1CD68E8C7E8');
INSERT INTO REF_TERM_TBL (REF_TERM_ID, CS_ID, MNEMONIC, CRT_PROV_ID)  VALUES(x'C57FAE36ADF2664FA00DE4BCE99CD4E1',x'6AD6B1BA981EFD4B9B4A7C4BE88F35D1','RLD', x'76A0DCFA90366E4AAF9EF1CD68E8C7E8');
INSERT INTO REF_TERM_TBL (REF_TERM_ID, CS_ID, MNEMONIC, CRT_PROV_ID)  VALUES(x'5194F12DA3C55B4195E8F1724BD840FB',x'6AD6B1BA981EFD4B9B4A7C4BE88F35D1','SFWL', x'76A0DCFA90366E4AAF9EF1CD68E8C7E8');
INSERT INTO REF_TERM_TBL (REF_TERM_ID, CS_ID, MNEMONIC, CRT_PROV_ID)  VALUES(x'B5939CD1645326448171081F7EFCF115',x'6AD6B1BA981EFD4B9B4A7C4BE88F35D1','SIT', x'76A0DCFA90366E4AAF9EF1CD68E8C7E8');
INSERT INTO REF_TERM_TBL (REF_TERM_ID, CS_ID, MNEMONIC, CRT_PROV_ID)  VALUES(x'A3F530269A64D143B03920B06F55A222',x'6AD6B1BA981EFD4B9B4A7C4BE88F35D1','STN', x'76A0DCFA90366E4AAF9EF1CD68E8C7E8');
INSERT INTO REF_TERM_TBL (REF_TERM_ID, CS_ID, MNEMONIC, CRT_PROV_ID)  VALUES(x'F3BDE8FCCD12044FA2507E69F553347A',x'6AD6B1BA981EFD4B9B4A7C4BE88F35D1','SUP', x'76A0DCFA90366E4AAF9EF1CD68E8C7E8');
INSERT INTO REF_TERM_TBL (REF_TERM_ID, CS_ID, MNEMONIC, CRT_PROV_ID)  VALUES(x'38CBDC2ACF6E424C82214DCFF3CE4C69',x'6AD6B1BA981EFD4B9B4A7C4BE88F35D1','RTRD', x'76A0DCFA90366E4AAF9EF1CD68E8C7E8');
INSERT INTO REF_TERM_TBL (REF_TERM_ID, CS_ID, MNEMONIC, CRT_PROV_ID)  VALUES(x'C3DD5C95DBD4BE469B041114FD41E424',x'6AD6B1BA981EFD4B9B4A7C4BE88F35D1','TRD', x'76A0DCFA90366E4AAF9EF1CD68E8C7E8');
INSERT INTO REF_TERM_TBL (REF_TERM_ID, CS_ID, MNEMONIC, CRT_PROV_ID)  VALUES(x'EBF569DED93EDD46B516CD034085D7C5',x'6AD6B1BA981EFD4B9B4A7C4BE88F35D1','ROIOVL', x'76A0DCFA90366E4AAF9EF1CD68E8C7E8');
INSERT INTO REF_TERM_TBL (REF_TERM_ID, CS_ID, MNEMONIC, CRT_PROV_ID)  VALUES(x'87A5C21BD8A9774581CE9AFA65921A19',x'6AD6B1BA981EFD4B9B4A7C4BE88F35D1','PROC', x'76A0DCFA90366E4AAF9EF1CD68E8C7E8');
INSERT INTO REF_TERM_TBL (REF_TERM_ID, CS_ID, MNEMONIC, CRT_PROV_ID)  VALUES(x'B0F2C0B8CA017C478F5BC9C3AABC7F98',x'6AD6B1BA981EFD4B9B4A7C4BE88F35D1','SBADM', x'76A0DCFA90366E4AAF9EF1CD68E8C7E8');
INSERT INTO REF_TERM_TBL (REF_TERM_ID, CS_ID, MNEMONIC, CRT_PROV_ID)  VALUES(x'3E889D7DC6376540A5CF3B0F09A162F3',x'6AD6B1BA981EFD4B9B4A7C4BE88F35D1','SPLY', x'76A0DCFA90366E4AAF9EF1CD68E8C7E8');
INSERT INTO REF_TERM_TBL (REF_TERM_ID, CS_ID, MNEMONIC, CRT_PROV_ID)  VALUES(x'CFF4B7CDFB91F74A86B99D0D5363245B',x'473B820215C366438883442E646D34BE','AMB', x'76A0DCFA90366E4AAF9EF1CD68E8C7E8');
INSERT INTO REF_TERM_TBL (REF_TERM_ID, CS_ID, MNEMONIC, CRT_PROV_ID)  VALUES(x'D019D4B74AF6B84AB0EC94E961BCC7CB',x'473B820215C366438883442E646D34BE','EMER', x'76A0DCFA90366E4AAF9EF1CD68E8C7E8');
INSERT INTO REF_TERM_TBL (REF_TERM_ID, CS_ID, MNEMONIC, CRT_PROV_ID)  VALUES(x'3498A42D583CC6459528E0598CC692A3',x'473B820215C366438883442E646D34BE','FLD', x'76A0DCFA90366E4AAF9EF1CD68E8C7E8');
INSERT INTO REF_TERM_TBL (REF_TERM_ID, CS_ID, MNEMONIC, CRT_PROV_ID)  VALUES(x'0722D97C6382E043B910B660E1B0B111',x'473B820215C366438883442E646D34BE','HH', x'76A0DCFA90366E4AAF9EF1CD68E8C7E8');
INSERT INTO REF_TERM_TBL (REF_TERM_ID, CS_ID, MNEMONIC, CRT_PROV_ID)  VALUES(x'72C3C464D9D4CC4B9838479E4BC14E96',x'473B820215C366438883442E646D34BE','IMP', x'76A0DCFA90366E4AAF9EF1CD68E8C7E8');
INSERT INTO REF_TERM_TBL (REF_TERM_ID, CS_ID, MNEMONIC, CRT_PROV_ID)  VALUES(x'2C942111A45C6F468BF4D060D1B13A7E',x'473B820215C366438883442E646D34BE','ACUTE', x'76A0DCFA90366E4AAF9EF1CD68E8C7E8');
INSERT INTO REF_TERM_TBL (REF_TERM_ID, CS_ID, MNEMONIC, CRT_PROV_ID)  VALUES(x'4975C70C562EBC449C7EE41119E2FC6E',x'473B820215C366438883442E646D34BE','NONAC', x'76A0DCFA90366E4AAF9EF1CD68E8C7E8');
INSERT INTO REF_TERM_TBL (REF_TERM_ID, CS_ID, MNEMONIC, CRT_PROV_ID)  VALUES(x'FD2FF1BAD124444D8BF8888115E13E32',x'473B820215C366438883442E646D34BE','SS', x'76A0DCFA90366E4AAF9EF1CD68E8C7E8');
INSERT INTO REF_TERM_TBL (REF_TERM_ID, CS_ID, MNEMONIC, CRT_PROV_ID)  VALUES(x'72237715165A894A95D919C710493C3F',x'473B820215C366438883442E646D34BE','VR', x'76A0DCFA90366E4AAF9EF1CD68E8C7E8');
INSERT INTO REF_TERM_TBL (REF_TERM_ID, CS_ID, MNEMONIC, CRT_PROV_ID)  VALUES(x'D4067EF8E703FA4AA382980DB142CF95',x'8F35E8BD9F7FE046B3263491429C2183','EVN.CRT', x'76A0DCFA90366E4AAF9EF1CD68E8C7E8');
INSERT INTO REF_TERM_TBL (REF_TERM_ID, CS_ID, MNEMONIC, CRT_PROV_ID)  VALUES(x'AFE893EB80E88446A5537651364CEE4F',x'8F35E8BD9F7FE046B3263491429C2183','EVN', x'76A0DCFA90366E4AAF9EF1CD68E8C7E8');
INSERT INTO REF_TERM_TBL (REF_TERM_ID, CS_ID, MNEMONIC, CRT_PROV_ID)  VALUES(x'54C49C25CAA9324089F5AF11A6C89653',x'8F35E8BD9F7FE046B3263491429C2183','RQO', x'76A0DCFA90366E4AAF9EF1CD68E8C7E8');
INSERT INTO REF_TERM_TBL (REF_TERM_ID, CS_ID, MNEMONIC, CRT_PROV_ID)  VALUES(x'F10F5BCD93DAF84B8FDD73A5268FE10E',x'05461092DC20F9429CDEACEF7FB19EF0','AUTH', x'76A0DCFA90366E4AAF9EF1CD68E8C7E8');
INSERT INTO REF_TERM_TBL (REF_TERM_ID, CS_ID, MNEMONIC, CRT_PROV_ID)  VALUES(x'FA48A78026B2E24AA5033FE4DFA654DF',x'05461092DC20F9429CDEACEF7FB19EF0','DOC', x'76A0DCFA90366E4AAF9EF1CD68E8C7E8');
INSERT INTO REF_TERM_TBL (REF_TERM_ID, CS_ID, MNEMONIC, CRT_PROV_ID)  VALUES(x'157D056DFA69264D99F13AB90990CB95',x'05461092DC20F9429CDEACEF7FB19EF0','FLFS', x'76A0DCFA90366E4AAF9EF1CD68E8C7E8');
INSERT INTO REF_TERM_TBL (REF_TERM_ID, CS_ID, MNEMONIC, CRT_PROV_ID)  VALUES(x'C4B2F1A63F0BFA4987B3CD9D3E2865E1',x'05461092DC20F9429CDEACEF7FB19EF0','COMP', x'76A0DCFA90366E4AAF9EF1CD68E8C7E8');
INSERT INTO REF_TERM_TBL (REF_TERM_ID, CS_ID, MNEMONIC, CRT_PROV_ID)  VALUES(x'DF17AC165E951E4CA1E777D60DA3E5FD',x'05461092DC20F9429CDEACEF7FB19EF0','ARR', x'76A0DCFA90366E4AAF9EF1CD68E8C7E8');
INSERT INTO REF_TERM_TBL (REF_TERM_ID, CS_ID, MNEMONIC, CRT_PROV_ID)  VALUES(x'182ABAEF512A1F41A69CEF6FCD86A8F4',x'05461092DC20F9429CDEACEF7FB19EF0','CTRLV', x'76A0DCFA90366E4AAF9EF1CD68E8C7E8');
INSERT INTO REF_TERM_TBL (REF_TERM_ID, CS_ID, MNEMONIC, CRT_PROV_ID)  VALUES(x'2CF3C722E730394EB027BE18D56C0D69',x'05461092DC20F9429CDEACEF7FB19EF0','DEP', x'76A0DCFA90366E4AAF9EF1CD68E8C7E8');
INSERT INTO REF_TERM_TBL (REF_TERM_ID, CS_ID, MNEMONIC, CRT_PROV_ID)  VALUES(x'AA041BA4A221C34DA1B063B6C1ABB638',x'05461092DC20F9429CDEACEF7FB19EF0','PRCN', x'76A0DCFA90366E4AAF9EF1CD68E8C7E8');
INSERT INTO REF_TERM_TBL (REF_TERM_ID, CS_ID, MNEMONIC, CRT_PROV_ID)  VALUES(x'0C4020D81CD8BC4288802BD8C96BB84C',x'05461092DC20F9429CDEACEF7FB19EF0','REFV', x'76A0DCFA90366E4AAF9EF1CD68E8C7E8');
INSERT INTO REF_TERM_TBL (REF_TERM_ID, CS_ID, MNEMONIC, CRT_PROV_ID)  VALUES(x'2A582A7E756E0A4489A034762981052E',x'C48D28111A080447AD5CE90E7DA30C63','ARS', x'76A0DCFA90366E4AAF9EF1CD68E8C7E8');
INSERT INTO REF_TERM_TBL (REF_TERM_ID, CS_ID, MNEMONIC, CRT_PROV_ID)  VALUES(x'983D88C5E7E0CA4D9A5D0EC3B3F6CF62',x'C48D28111A080447AD5CE90E7DA30C63','AUD', x'76A0DCFA90366E4AAF9EF1CD68E8C7E8');
INSERT INTO REF_TERM_TBL (REF_TERM_ID, CS_ID, MNEMONIC, CRT_PROV_ID)  VALUES(x'E42F3157FC0F3549B957DA64DE9C1F41',x'C48D28111A080447AD5CE90E7DA30C63','BRL', x'76A0DCFA90366E4AAF9EF1CD68E8C7E8');
INSERT INTO REF_TERM_TBL (REF_TERM_ID, CS_ID, MNEMONIC, CRT_PROV_ID)  VALUES(x'8BFC88C8B5A25A40B6F5997B92737CB0',x'C48D28111A080447AD5CE90E7DA30C63','CAD', x'76A0DCFA90366E4AAF9EF1CD68E8C7E8');
INSERT INTO REF_TERM_TBL (REF_TERM_ID, CS_ID, MNEMONIC, CRT_PROV_ID)  VALUES(x'1394C802DF020D4B99A932AD4E8C6A36',x'C48D28111A080447AD5CE90E7DA30C63','CHF', x'76A0DCFA90366E4AAF9EF1CD68E8C7E8');
INSERT INTO REF_TERM_TBL (REF_TERM_ID, CS_ID, MNEMONIC, CRT_PROV_ID)  VALUES(x'57C55AA6F06BA94C970C97FFD1399800',x'C48D28111A080447AD5CE90E7DA30C63','CLF', x'76A0DCFA90366E4AAF9EF1CD68E8C7E8');
INSERT INTO REF_TERM_TBL (REF_TERM_ID, CS_ID, MNEMONIC, CRT_PROV_ID)  VALUES(x'8057E9941119674F98C31536E561962F',x'C48D28111A080447AD5CE90E7DA30C63','CNY', x'76A0DCFA90366E4AAF9EF1CD68E8C7E8');
INSERT INTO REF_TERM_TBL (REF_TERM_ID, CS_ID, MNEMONIC, CRT_PROV_ID)  VALUES(x'D28AFD0874D979418718342341B0F498',x'C48D28111A080447AD5CE90E7DA30C63','DEM', x'76A0DCFA90366E4AAF9EF1CD68E8C7E8');
INSERT INTO REF_TERM_TBL (REF_TERM_ID, CS_ID, MNEMONIC, CRT_PROV_ID)  VALUES(x'A3CBCCCFD1AA85469E0B39F53B8DA4BB',x'C48D28111A080447AD5CE90E7DA30C63','ESP', x'76A0DCFA90366E4AAF9EF1CD68E8C7E8');
INSERT INTO REF_TERM_TBL (REF_TERM_ID, CS_ID, MNEMONIC, CRT_PROV_ID)  VALUES(x'D67942A7F096DA4C94A9A3E233C58036',x'C48D28111A080447AD5CE90E7DA30C63','EUR', x'76A0DCFA90366E4AAF9EF1CD68E8C7E8');
INSERT INTO REF_TERM_TBL (REF_TERM_ID, CS_ID, MNEMONIC, CRT_PROV_ID)  VALUES(x'A1620A23F105834F845048DDA67DCD69',x'C48D28111A080447AD5CE90E7DA30C63','FIM', x'76A0DCFA90366E4AAF9EF1CD68E8C7E8');
INSERT INTO REF_TERM_TBL (REF_TERM_ID, CS_ID, MNEMONIC, CRT_PROV_ID)  VALUES(x'5A0AB9592AA71F4EAE452073C357C5BE',x'C48D28111A080447AD5CE90E7DA30C63','FRF', x'76A0DCFA90366E4AAF9EF1CD68E8C7E8');
INSERT INTO REF_TERM_TBL (REF_TERM_ID, CS_ID, MNEMONIC, CRT_PROV_ID)  VALUES(x'0D6ACD8C2A4E544B80452786EDA31B46',x'C48D28111A080447AD5CE90E7DA30C63','GBP', x'76A0DCFA90366E4AAF9EF1CD68E8C7E8');
INSERT INTO REF_TERM_TBL (REF_TERM_ID, CS_ID, MNEMONIC, CRT_PROV_ID)  VALUES(x'FFDEA29D1F23D441A64A0F4CA0D4E407',x'C48D28111A080447AD5CE90E7DA30C63','ILS', x'76A0DCFA90366E4AAF9EF1CD68E8C7E8');
INSERT INTO REF_TERM_TBL (REF_TERM_ID, CS_ID, MNEMONIC, CRT_PROV_ID)  VALUES(x'2C31FC1580CBE74092AB83A4EE511DE4',x'C48D28111A080447AD5CE90E7DA30C63','INR', x'76A0DCFA90366E4AAF9EF1CD68E8C7E8');
INSERT INTO REF_TERM_TBL (REF_TERM_ID, CS_ID, MNEMONIC, CRT_PROV_ID)  VALUES(x'C0FC3393CDFE3D4180075FCF555EDE1A',x'C48D28111A080447AD5CE90E7DA30C63','JPY', x'76A0DCFA90366E4AAF9EF1CD68E8C7E8');
INSERT INTO REF_TERM_TBL (REF_TERM_ID, CS_ID, MNEMONIC, CRT_PROV_ID)  VALUES(x'BE2DDE2C753F49459BD1316B133428D9',x'C48D28111A080447AD5CE90E7DA30C63','KRW', x'76A0DCFA90366E4AAF9EF1CD68E8C7E8');
INSERT INTO REF_TERM_TBL (REF_TERM_ID, CS_ID, MNEMONIC, CRT_PROV_ID)  VALUES(x'A517A624EBA56A4C8B9190BA50366082',x'C48D28111A080447AD5CE90E7DA30C63','MXN', x'76A0DCFA90366E4AAF9EF1CD68E8C7E8');
INSERT INTO REF_TERM_TBL (REF_TERM_ID, CS_ID, MNEMONIC, CRT_PROV_ID)  VALUES(x'B1319C9979E28142A2F048BB69AF48D6',x'C48D28111A080447AD5CE90E7DA30C63','NLG', x'76A0DCFA90366E4AAF9EF1CD68E8C7E8');
INSERT INTO REF_TERM_TBL (REF_TERM_ID, CS_ID, MNEMONIC, CRT_PROV_ID)  VALUES(x'D42E2922638FFB4694FBEB028FC26282',x'C48D28111A080447AD5CE90E7DA30C63','NZD', x'76A0DCFA90366E4AAF9EF1CD68E8C7E8');
INSERT INTO REF_TERM_TBL (REF_TERM_ID, CS_ID, MNEMONIC, CRT_PROV_ID)  VALUES(x'D83632116CE9C1498ABAE1AE73042287',x'C48D28111A080447AD5CE90E7DA30C63','PHP', x'76A0DCFA90366E4AAF9EF1CD68E8C7E8');
INSERT INTO REF_TERM_TBL (REF_TERM_ID, CS_ID, MNEMONIC, CRT_PROV_ID)  VALUES(x'6D30E7C2EA2A6A43A36EC74EC266B39B',x'C48D28111A080447AD5CE90E7DA30C63','RUR', x'76A0DCFA90366E4AAF9EF1CD68E8C7E8');
INSERT INTO REF_TERM_TBL (REF_TERM_ID, CS_ID, MNEMONIC, CRT_PROV_ID)  VALUES(x'81E002E23C5DA1428EFD9F3E068EB87E',x'C48D28111A080447AD5CE90E7DA30C63','THB', x'76A0DCFA90366E4AAF9EF1CD68E8C7E8');
INSERT INTO REF_TERM_TBL (REF_TERM_ID, CS_ID, MNEMONIC, CRT_PROV_ID)  VALUES(x'06BE694254E514478381287A0EDBADBB',x'C48D28111A080447AD5CE90E7DA30C63','TRL', x'76A0DCFA90366E4AAF9EF1CD68E8C7E8');
INSERT INTO REF_TERM_TBL (REF_TERM_ID, CS_ID, MNEMONIC, CRT_PROV_ID)  VALUES(x'FBE1094675DF0942AC1E70E14EB18C1E',x'C48D28111A080447AD5CE90E7DA30C63','TWD', x'76A0DCFA90366E4AAF9EF1CD68E8C7E8');
INSERT INTO REF_TERM_TBL (REF_TERM_ID, CS_ID, MNEMONIC, CRT_PROV_ID)  VALUES(x'F4E51820E1FEEC40A368350DA5FBF212',x'C48D28111A080447AD5CE90E7DA30C63','USD', x'76A0DCFA90366E4AAF9EF1CD68E8C7E8');
INSERT INTO REF_TERM_TBL (REF_TERM_ID, CS_ID, MNEMONIC, CRT_PROV_ID)  VALUES(x'DFABF4732A9D1B49982E8E683FF0ABDC',x'C48D28111A080447AD5CE90E7DA30C63','ZAR', x'76A0DCFA90366E4AAF9EF1CD68E8C7E8');
INSERT INTO REF_TERM_TBL (REF_TERM_ID, CS_ID, MNEMONIC, CRT_PROV_ID)  VALUES(x'57AF77208580C6488A953A2BB50AF477',x'EE9F6A98CA5A7849A2F64CA0902B891C','DEV', x'76A0DCFA90366E4AAF9EF1CD68E8C7E8');
INSERT INTO REF_TERM_TBL (REF_TERM_ID, CS_ID, MNEMONIC, CRT_PROV_ID)  VALUES(x'BEC896F996BD2043A8E95410EACDE7EF',x'EE9F6A98CA5A7849A2F64CA0902B891C','CONT', x'76A0DCFA90366E4AAF9EF1CD68E8C7E8');
INSERT INTO REF_TERM_TBL (REF_TERM_ID, CS_ID, MNEMONIC, CRT_PROV_ID)  VALUES(x'124CACE103891F4AB712052371F7C26B',x'EE9F6A98CA5A7849A2F64CA0902B891C','MMAT', x'76A0DCFA90366E4AAF9EF1CD68E8C7E8');
INSERT INTO REF_TERM_TBL (REF_TERM_ID, CS_ID, MNEMONIC, CRT_PROV_ID)  VALUES(x'76FDF7CA2DD93F4EA17C9B35CB8A1CB6',x'EE9F6A98CA5A7849A2F64CA0902B891C','ORG', x'76A0DCFA90366E4AAF9EF1CD68E8C7E8');
INSERT INTO REF_TERM_TBL (REF_TERM_ID, CS_ID, MNEMONIC, CRT_PROV_ID)  VALUES(x'0E580A9C9603234EA2BF12006E95E006',x'EE9F6A98CA5A7849A2F64CA0902B891C','STATE', x'76A0DCFA90366E4AAF9EF1CD68E8C7E8');
INSERT INTO REF_TERM_TBL (REF_TERM_ID, CS_ID, MNEMONIC, CRT_PROV_ID)  VALUES(x'A6E6545881D5AD4291E816EF03C4070B',x'EE9F6A98CA5A7849A2F64CA0902B891C','PSN', x'76A0DCFA90366E4AAF9EF1CD68E8C7E8');
INSERT INTO REF_TERM_TBL (REF_TERM_ID, CS_ID, MNEMONIC, CRT_PROV_ID)  VALUES(x'E54DA9F1E855354FBDE6F043887B2ED7',x'EE9F6A98CA5A7849A2F64CA0902B891C','PLC', x'76A0DCFA90366E4AAF9EF1CD68E8C7E8');
INSERT INTO REF_TERM_TBL (REF_TERM_ID, CS_ID, MNEMONIC, CRT_PROV_ID)  VALUES(x'97554B131AE2984E8F4497C5DF2D4BD9',x'EE9F6A98CA5A7849A2F64CA0902B891C','ENT', x'76A0DCFA90366E4AAF9EF1CD68E8C7E8');
INSERT INTO REF_TERM_TBL (REF_TERM_ID, CS_ID, MNEMONIC, CRT_PROV_ID)  VALUES(x'0086F887FE45D64CBE2FD52C69A33A42',x'EE9F6A98CA5A7849A2F64CA0902B891C','HCE', x'76A0DCFA90366E4AAF9EF1CD68E8C7E8');
INSERT INTO REF_TERM_TBL (REF_TERM_ID, CS_ID, MNEMONIC, CRT_PROV_ID)  VALUES(x'5C8BF2B2302F3F45971CE0C55A15B3F5',x'EE9F6A98CA5A7849A2F64CA0902B891C','LIV', x'76A0DCFA90366E4AAF9EF1CD68E8C7E8');
INSERT INTO REF_TERM_TBL (REF_TERM_ID, CS_ID, MNEMONIC, CRT_PROV_ID)  VALUES(x'E53522A16123C5458E4AAB5947D7354D',x'EE9F6A98CA5A7849A2F64CA0902B891C','NLIV', x'76A0DCFA90366E4AAF9EF1CD68E8C7E8');
INSERT INTO REF_TERM_TBL (REF_TERM_ID, CS_ID, MNEMONIC, CRT_PROV_ID)  VALUES(x'04EBA347559FEE44ABB8920649EC70CC',x'EE9F6A98CA5A7849A2F64CA0902B891C','ANM', x'76A0DCFA90366E4AAF9EF1CD68E8C7E8');
INSERT INTO REF_TERM_TBL (REF_TERM_ID, CS_ID, MNEMONIC, CRT_PROV_ID)  VALUES(x'EBE64B06C073F44D834B5E40E4D8DE55',x'EE9F6A98CA5A7849A2F64CA0902B891C','MIC', x'76A0DCFA90366E4AAF9EF1CD68E8C7E8');
INSERT INTO REF_TERM_TBL (REF_TERM_ID, CS_ID, MNEMONIC, CRT_PROV_ID)  VALUES(x'A295B3132C7FA842BF32234429FFB424',x'EE9F6A98CA5A7849A2F64CA0902B891C','PLNT', x'76A0DCFA90366E4AAF9EF1CD68E8C7E8');
INSERT INTO REF_TERM_TBL (REF_TERM_ID, CS_ID, MNEMONIC, CRT_PROV_ID)  VALUES(x'72AC1E38A63804499E6DA5DCD499ED72',x'EE9F6A98CA5A7849A2F64CA0902B891C','MAT', x'76A0DCFA90366E4AAF9EF1CD68E8C7E8');
INSERT INTO REF_TERM_TBL (REF_TERM_ID, CS_ID, MNEMONIC, CRT_PROV_ID)  VALUES(x'48417D18D8D90F4AB642CE17DBD9B8A4',x'EE9F6A98CA5A7849A2F64CA0902B891C','CHEM', x'76A0DCFA90366E4AAF9EF1CD68E8C7E8');
INSERT INTO REF_TERM_TBL (REF_TERM_ID, CS_ID, MNEMONIC, CRT_PROV_ID)  VALUES(x'C026B0C05FE6C8478E052812A54516AF',x'EE9F6A98CA5A7849A2F64CA0902B891C','FOOD', x'76A0DCFA90366E4AAF9EF1CD68E8C7E8');
INSERT INTO REF_TERM_TBL (REF_TERM_ID, CS_ID, MNEMONIC, CRT_PROV_ID)  VALUES(x'04F7D6A1546FCF4CA189385B9014B4A9',x'EE9F6A98CA5A7849A2F64CA0902B891C','HOLD', x'76A0DCFA90366E4AAF9EF1CD68E8C7E8');
INSERT INTO REF_TERM_TBL (REF_TERM_ID, CS_ID, MNEMONIC, CRT_PROV_ID)  VALUES(x'AC653F7635973D4088262D974AC0B371',x'EE9F6A98CA5A7849A2F64CA0902B891C','CER', x'76A0DCFA90366E4AAF9EF1CD68E8C7E8');
INSERT INTO REF_TERM_TBL (REF_TERM_ID, CS_ID, MNEMONIC, CRT_PROV_ID)  VALUES(x'CC72BF6983D3C3458335EB8D709E8E58',x'EE9F6A98CA5A7849A2F64CA0902B891C','MODDV', x'76A0DCFA90366E4AAF9EF1CD68E8C7E8');
INSERT INTO REF_TERM_TBL (REF_TERM_ID, CS_ID, MNEMONIC, CRT_PROV_ID)  VALUES(x'C11258A07B139C44AD42EC079CD353DA',x'EE9F6A98CA5A7849A2F64CA0902B891C','PUB', x'76A0DCFA90366E4AAF9EF1CD68E8C7E8');
INSERT INTO REF_TERM_TBL (REF_TERM_ID, CS_ID, MNEMONIC, CRT_PROV_ID)  VALUES(x'529AD75369FD104E8A907244299CA595',x'EE9F6A98CA5A7849A2F64CA0902B891C','NAT', x'76A0DCFA90366E4AAF9EF1CD68E8C7E8');
INSERT INTO REF_TERM_TBL (REF_TERM_ID, CS_ID, MNEMONIC, CRT_PROV_ID)  VALUES(x'2DF6C9B7DB546E4B8E55DEC103D4AA75',x'EE9F6A98CA5A7849A2F64CA0902B891C','CITY', x'76A0DCFA90366E4AAF9EF1CD68E8C7E8');
INSERT INTO REF_TERM_TBL (REF_TERM_ID, CS_ID, MNEMONIC, CRT_PROV_ID)  VALUES(x'C2EBE33FE2D0EA49BD2E28B4BC4982B1',x'EE9F6A98CA5A7849A2F64CA0902B891C','COUNTRY', x'76A0DCFA90366E4AAF9EF1CD68E8C7E8');
INSERT INTO REF_TERM_TBL (REF_TERM_ID, CS_ID, MNEMONIC, CRT_PROV_ID)  VALUES(x'F6D9A978C3B9A74E8C742D689FCA8F2A',x'EE9F6A98CA5A7849A2F64CA0902B891C','COUNTY', x'76A0DCFA90366E4AAF9EF1CD68E8C7E8');
INSERT INTO REF_TERM_TBL (REF_TERM_ID, CS_ID, MNEMONIC, CRT_PROV_ID)  VALUES(x'0EF1D0E9796A0441B5FCE9D21EF1F9FD',x'EE9F6A98CA5A7849A2F64CA0902B891C','PROVINCE', x'76A0DCFA90366E4AAF9EF1CD68E8C7E8');
INSERT INTO REF_TERM_TBL (REF_TERM_ID, CS_ID, MNEMONIC, CRT_PROV_ID)  VALUES(x'741EC0B8B1198944BD969E8C2AD44913',x'EE9F6A98CA5A7849A2F64CA0902B891C','RGRP', x'76A0DCFA90366E4AAF9EF1CD68E8C7E8');
INSERT INTO REF_TERM_TBL (REF_TERM_ID, CS_ID, MNEMONIC, CRT_PROV_ID)  VALUES(x'CD4A20D5F53BB3469CA2F4FE64034311',x'CE875967D2DEFF438401E124FFE82589','INSTANCE', x'76A0DCFA90366E4AAF9EF1CD68E8C7E8');
INSERT INTO REF_TERM_TBL (REF_TERM_ID, CS_ID, MNEMONIC, CRT_PROV_ID)  VALUES(x'A774BC25B17A4447AEDDA08962D40021',x'CE875967D2DEFF438401E124FFE82589','KIND', x'76A0DCFA90366E4AAF9EF1CD68E8C7E8');
INSERT INTO REF_TERM_TBL (REF_TERM_ID, CS_ID, MNEMONIC, CRT_PROV_ID)  VALUES(x'2D93E322F52D1343A6F59A47C65075B1',x'CE875967D2DEFF438401E124FFE82589','QUANTIFIED_KIND', x'76A0DCFA90366E4AAF9EF1CD68E8C7E8');
INSERT INTO REF_TERM_TBL (REF_TERM_ID, CS_ID, MNEMONIC, CRT_PROV_ID)  VALUES(x'F18722F4A6C88645A463548E0E3AC3CC',x'F8559DEB2833A449BA10775C931D0A42','AUTHEN', x'76A0DCFA90366E4AAF9EF1CD68E8C7E8');
INSERT INTO REF_TERM_TBL (REF_TERM_ID, CS_ID, MNEMONIC, CRT_PROV_ID)  VALUES(x'218A35C7CCD2D8468FE987C794F72571',x'F8559DEB2833A449BA10775C931D0A42','AUT', x'76A0DCFA90366E4AAF9EF1CD68E8C7E8');
INSERT INTO REF_TERM_TBL (REF_TERM_ID, CS_ID, MNEMONIC, CRT_PROV_ID)  VALUES(x'66A679A8E3D73A428592DBE1FFE1ACE3',x'F8559DEB2833A449BA10775C931D0A42','CSM', x'76A0DCFA90366E4AAF9EF1CD68E8C7E8');
INSERT INTO REF_TERM_TBL (REF_TERM_ID, CS_ID, MNEMONIC, CRT_PROV_ID)  VALUES(x'1F025152E2389F4BBF1368460A24FC8F',x'F8559DEB2833A449BA10775C931D0A42','CST', x'76A0DCFA90366E4AAF9EF1CD68E8C7E8');
INSERT INTO REF_TERM_TBL (REF_TERM_ID, CS_ID, MNEMONIC, CRT_PROV_ID)  VALUES(x'C722029AA70234479991F3FF7DD6A47E',x'F8559DEB2833A449BA10775C931D0A42','ENT', x'76A0DCFA90366E4AAF9EF1CD68E8C7E8');
INSERT INTO REF_TERM_TBL (REF_TERM_ID, CS_ID, MNEMONIC, CRT_PROV_ID)  VALUES(x'829DB911C7953445B22B2201848E128B',x'F8559DEB2833A449BA10775C931D0A42','INF', x'76A0DCFA90366E4AAF9EF1CD68E8C7E8');
INSERT INTO REF_TERM_TBL (REF_TERM_ID, CS_ID, MNEMONIC, CRT_PROV_ID)  VALUES(x'2D5A2ECA674C4942A95ADB8C8BE67523',x'F8559DEB2833A449BA10775C931D0A42','LA', x'76A0DCFA90366E4AAF9EF1CD68E8C7E8');
INSERT INTO REF_TERM_TBL (REF_TERM_ID, CS_ID, MNEMONIC, CRT_PROV_ID)  VALUES(x'4AAE07187E7DB54F91D449E7841483F7',x'F8559DEB2833A449BA10775C931D0A42','PRF', x'76A0DCFA90366E4AAF9EF1CD68E8C7E8');
INSERT INTO REF_TERM_TBL (REF_TERM_ID, CS_ID, MNEMONIC, CRT_PROV_ID)  VALUES(x'662546A70FC39B4B83062244C2CE737F',x'F8559DEB2833A449BA10775C931D0A42','PRD', x'76A0DCFA90366E4AAF9EF1CD68E8C7E8');
INSERT INTO REF_TERM_TBL (REF_TERM_ID, CS_ID, MNEMONIC, CRT_PROV_ID)  VALUES(x'DD0FB2E8C76AAA4C9DE59C93BF2AB33F',x'F8559DEB2833A449BA10775C931D0A42','RCT', x'76A0DCFA90366E4AAF9EF1CD68E8C7E8');
INSERT INTO REF_TERM_TBL (REF_TERM_ID, CS_ID, MNEMONIC, CRT_PROV_ID)  VALUES(x'F5C73BD3414A9C42BEFACDB79452095B',x'F8559DEB2833A449BA10775C931D0A42','RESP', x'76A0DCFA90366E4AAF9EF1CD68E8C7E8');
INSERT INTO REF_TERM_TBL (REF_TERM_ID, CS_ID, MNEMONIC, CRT_PROV_ID)  VALUES(x'4E87B61CC95161439747C688F14475FF',x'F8559DEB2833A449BA10775C931D0A42','SPC', x'76A0DCFA90366E4AAF9EF1CD68E8C7E8');
INSERT INTO REF_TERM_TBL (REF_TERM_ID, CS_ID, MNEMONIC, CRT_PROV_ID)  VALUES(x'03E7AAE4A294E149B923C637E698C983',x'F8559DEB2833A449BA10775C931D0A42','LOC', x'76A0DCFA90366E4AAF9EF1CD68E8C7E8');
INSERT INTO REF_TERM_TBL (REF_TERM_ID, CS_ID, MNEMONIC, CRT_PROV_ID)  VALUES(x'74B5F942A6A7C84BAE71C208A70365A6',x'F8559DEB2833A449BA10775C931D0A42','SBJ', x'76A0DCFA90366E4AAF9EF1CD68E8C7E8');
INSERT INTO REF_TERM_TBL (REF_TERM_ID, CS_ID, MNEMONIC, CRT_PROV_ID)  VALUES(x'10C5182F93146447B1027881671586ED',x'F8559DEB2833A449BA10775C931D0A42','ADM', x'76A0DCFA90366E4AAF9EF1CD68E8C7E8');
INSERT INTO REF_TERM_TBL (REF_TERM_ID, CS_ID, MNEMONIC, CRT_PROV_ID)  VALUES(x'B4682F3320AB3D44A37DF7D0EC5E44F5',x'F8559DEB2833A449BA10775C931D0A42','ATND', x'76A0DCFA90366E4AAF9EF1CD68E8C7E8');
INSERT INTO REF_TERM_TBL (REF_TERM_ID, CS_ID, MNEMONIC, CRT_PROV_ID)  VALUES(x'7D602718B080A14E9CF5A4E4D57EE02A',x'F8559DEB2833A449BA10775C931D0A42','CALLBCK', x'76A0DCFA90366E4AAF9EF1CD68E8C7E8');
INSERT INTO REF_TERM_TBL (REF_TERM_ID, CS_ID, MNEMONIC, CRT_PROV_ID)  VALUES(x'3372D53319B125498235170E30060ED7',x'F8559DEB2833A449BA10775C931D0A42','CON', x'76A0DCFA90366E4AAF9EF1CD68E8C7E8');
INSERT INTO REF_TERM_TBL (REF_TERM_ID, CS_ID, MNEMONIC, CRT_PROV_ID)  VALUES(x'E25B1B5FF7BCA840BD4E20CA20091C42',x'F8559DEB2833A449BA10775C931D0A42','DEV', x'76A0DCFA90366E4AAF9EF1CD68E8C7E8');
INSERT INTO REF_TERM_TBL (REF_TERM_ID, CS_ID, MNEMONIC, CRT_PROV_ID)  VALUES(x'CE77527E4C7D5845AA90E0D7E00857E4',x'F8559DEB2833A449BA10775C931D0A42','DIR', x'76A0DCFA90366E4AAF9EF1CD68E8C7E8');
INSERT INTO REF_TERM_TBL (REF_TERM_ID, CS_ID, MNEMONIC, CRT_PROV_ID)  VALUES(x'0813728599DA464DAAA3054F4576F15E',x'F8559DEB2833A449BA10775C931D0A42','DIS', x'76A0DCFA90366E4AAF9EF1CD68E8C7E8');
INSERT INTO REF_TERM_TBL (REF_TERM_ID, CS_ID, MNEMONIC, CRT_PROV_ID)  VALUES(x'F431BAEA72F77D448E67082E64CDC64F',x'F8559DEB2833A449BA10775C931D0A42','ESC', x'76A0DCFA90366E4AAF9EF1CD68E8C7E8');
INSERT INTO REF_TERM_TBL (REF_TERM_ID, CS_ID, MNEMONIC, CRT_PROV_ID)  VALUES(x'F971448536DC544AB880497348E8825A',x'F8559DEB2833A449BA10775C931D0A42','EXPART', x'76A0DCFA90366E4AAF9EF1CD68E8C7E8');
INSERT INTO REF_TERM_TBL (REF_TERM_ID, CS_ID, MNEMONIC, CRT_PROV_ID)  VALUES(x'703FCBDE2FB3944288E0E51C597083E4',x'F8559DEB2833A449BA10775C931D0A42','IND', x'76A0DCFA90366E4AAF9EF1CD68E8C7E8');
INSERT INTO REF_TERM_TBL (REF_TERM_ID, CS_ID, MNEMONIC, CRT_PROV_ID)  VALUES(x'2FC91079F8E9E546BC2F3E3737F840ED',x'F8559DEB2833A449BA10775C931D0A42','IRCP', x'76A0DCFA90366E4AAF9EF1CD68E8C7E8');
INSERT INTO REF_TERM_TBL (REF_TERM_ID, CS_ID, MNEMONIC, CRT_PROV_ID)  VALUES(x'A84516EE361D6A4AA0B0F262A4B1DFF3',x'F8559DEB2833A449BA10775C931D0A42','PART', x'76A0DCFA90366E4AAF9EF1CD68E8C7E8');
INSERT INTO REF_TERM_TBL (REF_TERM_ID, CS_ID, MNEMONIC, CRT_PROV_ID)  VALUES(x'D77D97D5E56C1943843D870B83497029',x'F8559DEB2833A449BA10775C931D0A42','REF', x'76A0DCFA90366E4AAF9EF1CD68E8C7E8');
INSERT INTO REF_TERM_TBL (REF_TERM_ID, CS_ID, MNEMONIC, CRT_PROV_ID)  VALUES(x'AC92636D7BCCCF4BAF2F49534DBD4D63',x'F8559DEB2833A449BA10775C931D0A42','TRANS', x'76A0DCFA90366E4AAF9EF1CD68E8C7E8');
INSERT INTO REF_TERM_TBL (REF_TERM_ID, CS_ID, MNEMONIC, CRT_PROV_ID)  VALUES(x'7C794242A519AD4E898754891B80ED26',x'F8559DEB2833A449BA10775C931D0A42','WIT', x'76A0DCFA90366E4AAF9EF1CD68E8C7E8');
INSERT INTO REF_TERM_TBL (REF_TERM_ID, CS_ID, MNEMONIC, CRT_PROV_ID)  VALUES(x'5B8ECEF768AA5844A8EC25D2B7CB26FB',x'F8559DEB2833A449BA10775C931D0A42','BBY', x'76A0DCFA90366E4AAF9EF1CD68E8C7E8');
INSERT INTO REF_TERM_TBL (REF_TERM_ID, CS_ID, MNEMONIC, CRT_PROV_ID)  VALUES(x'88DA71E27B76794785344416029FAED6',x'F8559DEB2833A449BA10775C931D0A42','NRD', x'76A0DCFA90366E4AAF9EF1CD68E8C7E8');
INSERT INTO REF_TERM_TBL (REF_TERM_ID, CS_ID, MNEMONIC, CRT_PROV_ID)  VALUES(x'32FBEC950B09F840B7D8231525B4214F',x'F8559DEB2833A449BA10775C931D0A42','RDV', x'76A0DCFA90366E4AAF9EF1CD68E8C7E8');
INSERT INTO REF_TERM_TBL (REF_TERM_ID, CS_ID, MNEMONIC, CRT_PROV_ID)  VALUES(x'2A04E941E0F8C94B89CC64FA7CB0DB7D',x'F8559DEB2833A449BA10775C931D0A42','DON', x'76A0DCFA90366E4AAF9EF1CD68E8C7E8');
INSERT INTO REF_TERM_TBL (REF_TERM_ID, CS_ID, MNEMONIC, CRT_PROV_ID)  VALUES(x'C2888927C3BED14A98A9F66A3A38F6C9',x'F8559DEB2833A449BA10775C931D0A42','EXPAGNT', x'76A0DCFA90366E4AAF9EF1CD68E8C7E8');
INSERT INTO REF_TERM_TBL (REF_TERM_ID, CS_ID, MNEMONIC, CRT_PROV_ID)  VALUES(x'510BD0CD2332F849B8E231F213ADDC87',x'F8559DEB2833A449BA10775C931D0A42','EXPTRGT', x'76A0DCFA90366E4AAF9EF1CD68E8C7E8');
INSERT INTO REF_TERM_TBL (REF_TERM_ID, CS_ID, MNEMONIC, CRT_PROV_ID)  VALUES(x'F1B17967454EAB4AA5DCCC746E953D73',x'F8559DEB2833A449BA10775C931D0A42','EXSRC', x'76A0DCFA90366E4AAF9EF1CD68E8C7E8');
INSERT INTO REF_TERM_TBL (REF_TERM_ID, CS_ID, MNEMONIC, CRT_PROV_ID)  VALUES(x'589FF10CD85B544EA6EDC261A3E0D322',x'F8559DEB2833A449BA10775C931D0A42','BEN', x'76A0DCFA90366E4AAF9EF1CD68E8C7E8');
INSERT INTO REF_TERM_TBL (REF_TERM_ID, CS_ID, MNEMONIC, CRT_PROV_ID)  VALUES(x'F9FDAA5E210D744093236EC92718DD84',x'F8559DEB2833A449BA10775C931D0A42','CAGNT', x'76A0DCFA90366E4AAF9EF1CD68E8C7E8');
INSERT INTO REF_TERM_TBL (REF_TERM_ID, CS_ID, MNEMONIC, CRT_PROV_ID)  VALUES(x'2006491830C2E44AA0B3B680C1984FF3',x'F8559DEB2833A449BA10775C931D0A42','COV', x'76A0DCFA90366E4AAF9EF1CD68E8C7E8');
INSERT INTO REF_TERM_TBL (REF_TERM_ID, CS_ID, MNEMONIC, CRT_PROV_ID)  VALUES(x'9ECC824C92B2A44891C7DAC3DF5E547C',x'F8559DEB2833A449BA10775C931D0A42','GUAR', x'76A0DCFA90366E4AAF9EF1CD68E8C7E8');
INSERT INTO REF_TERM_TBL (REF_TERM_ID, CS_ID, MNEMONIC, CRT_PROV_ID)  VALUES(x'E42401CAD5DB5647A0BFF7D84002570E',x'F8559DEB2833A449BA10775C931D0A42','HLD', x'76A0DCFA90366E4AAF9EF1CD68E8C7E8');
INSERT INTO REF_TERM_TBL (REF_TERM_ID, CS_ID, MNEMONIC, CRT_PROV_ID)  VALUES(x'E7FEF6BDD1EF5B44BFBCBA192BE966D3',x'F8559DEB2833A449BA10775C931D0A42','RCV', x'76A0DCFA90366E4AAF9EF1CD68E8C7E8');
INSERT INTO REF_TERM_TBL (REF_TERM_ID, CS_ID, MNEMONIC, CRT_PROV_ID)  VALUES(x'67E3DF1ED1B99C4EBB9583DF6E2C20BC',x'F8559DEB2833A449BA10775C931D0A42','NOT', x'76A0DCFA90366E4AAF9EF1CD68E8C7E8');
INSERT INTO REF_TERM_TBL (REF_TERM_ID, CS_ID, MNEMONIC, CRT_PROV_ID)  VALUES(x'DAAF56888603D34782A85C3F2CEF89C7',x'F8559DEB2833A449BA10775C931D0A42','PRCP', x'76A0DCFA90366E4AAF9EF1CD68E8C7E8');
INSERT INTO REF_TERM_TBL (REF_TERM_ID, CS_ID, MNEMONIC, CRT_PROV_ID)  VALUES(x'69E13447E1334D4881A4125ACBB701D3',x'F8559DEB2833A449BA10775C931D0A42','REFB', x'76A0DCFA90366E4AAF9EF1CD68E8C7E8');
INSERT INTO REF_TERM_TBL (REF_TERM_ID, CS_ID, MNEMONIC, CRT_PROV_ID)  VALUES(x'47FC22D9041CDF4995BDEB13305C315B',x'F8559DEB2833A449BA10775C931D0A42','REFT', x'76A0DCFA90366E4AAF9EF1CD68E8C7E8');
INSERT INTO REF_TERM_TBL (REF_TERM_ID, CS_ID, MNEMONIC, CRT_PROV_ID)  VALUES(x'D0AAFBD8FEEFE64FA47B30DAA4B40AE4',x'F8559DEB2833A449BA10775C931D0A42','TRC', x'76A0DCFA90366E4AAF9EF1CD68E8C7E8');
INSERT INTO REF_TERM_TBL (REF_TERM_ID, CS_ID, MNEMONIC, CRT_PROV_ID)  VALUES(x'5629853E73AE12478E2EC69735297AC1',x'F8559DEB2833A449BA10775C931D0A42','DST', x'76A0DCFA90366E4AAF9EF1CD68E8C7E8');
INSERT INTO REF_TERM_TBL (REF_TERM_ID, CS_ID, MNEMONIC, CRT_PROV_ID)  VALUES(x'E1B730723D153947B8E630C9DAFB3514',x'F8559DEB2833A449BA10775C931D0A42','ELOC', x'76A0DCFA90366E4AAF9EF1CD68E8C7E8');
INSERT INTO REF_TERM_TBL (REF_TERM_ID, CS_ID, MNEMONIC, CRT_PROV_ID)  VALUES(x'4D67A3FB751ABF42AC4FA1D8E4591482',x'F8559DEB2833A449BA10775C931D0A42','ORG', x'76A0DCFA90366E4AAF9EF1CD68E8C7E8');
INSERT INTO REF_TERM_TBL (REF_TERM_ID, CS_ID, MNEMONIC, CRT_PROV_ID)  VALUES(x'6AA8404B6F353C4888D50EB6F5029930',x'F8559DEB2833A449BA10775C931D0A42','RML', x'76A0DCFA90366E4AAF9EF1CD68E8C7E8');
INSERT INTO REF_TERM_TBL (REF_TERM_ID, CS_ID, MNEMONIC, CRT_PROV_ID)  VALUES(x'BEC54EFB2D1EAA44BAA6171DBEC94FC3',x'F8559DEB2833A449BA10775C931D0A42','VIA', x'76A0DCFA90366E4AAF9EF1CD68E8C7E8');
INSERT INTO REF_TERM_TBL (REF_TERM_ID, CS_ID, MNEMONIC, CRT_PROV_ID)  VALUES(x'B3684E8643C1874BB40856A258289DEC',x'F8559DEB2833A449BA10775C931D0A42','DIST', x'76A0DCFA90366E4AAF9EF1CD68E8C7E8');
INSERT INTO REF_TERM_TBL (REF_TERM_ID, CS_ID, MNEMONIC, CRT_PROV_ID)  VALUES(x'E5C20CADB0A1004F8A06933B1960D333',x'F8559DEB2833A449BA10775C931D0A42','PPRF', x'76A0DCFA90366E4AAF9EF1CD68E8C7E8');
INSERT INTO REF_TERM_TBL (REF_TERM_ID, CS_ID, MNEMONIC, CRT_PROV_ID)  VALUES(x'73B05D2A2E202144920760608DA4C859',x'F8559DEB2833A449BA10775C931D0A42','SPRF', x'76A0DCFA90366E4AAF9EF1CD68E8C7E8');
INSERT INTO REF_TERM_TBL (REF_TERM_ID, CS_ID, MNEMONIC, CRT_PROV_ID)  VALUES(x'65EFC067F83FF24AB8F16EA961B67906',x'F8559DEB2833A449BA10775C931D0A42','VRF', x'76A0DCFA90366E4AAF9EF1CD68E8C7E8');
INSERT INTO REF_TERM_TBL (REF_TERM_ID, CS_ID, MNEMONIC, CRT_PROV_ID)  VALUES(x'0AF643E66789D847894E44B231DBEE8E',x'473B820215C366438883442E646D34BE','CIRCLE', x'76A0DCFA90366E4AAF9EF1CD68E8C7E8');
INSERT INTO REF_TERM_TBL (REF_TERM_ID, CS_ID, MNEMONIC, CRT_PROV_ID)  VALUES(x'8920773D7A58934CB7EEAA43C4FC0985',x'473B820215C366438883442E646D34BE','ELLIPSE', x'76A0DCFA90366E4AAF9EF1CD68E8C7E8');
INSERT INTO REF_TERM_TBL (REF_TERM_ID, CS_ID, MNEMONIC, CRT_PROV_ID)  VALUES(x'689A378681FD6745B2CD8B57D4035C03',x'473B820215C366438883442E646D34BE','POINT', x'76A0DCFA90366E4AAF9EF1CD68E8C7E8');
INSERT INTO REF_TERM_TBL (REF_TERM_ID, CS_ID, MNEMONIC, CRT_PROV_ID)  VALUES(x'BEF9181371954C468EB796177B4E7FB9',x'473B820215C366438883442E646D34BE','POLY', x'76A0DCFA90366E4AAF9EF1CD68E8C7E8');
INSERT INTO REF_TERM_TBL (REF_TERM_ID, CS_ID, MNEMONIC, CRT_PROV_ID)  VALUES(x'5A573B8BA2EB4B45A087805F5083B048',x'7BD712FF5D627A498794C3726942B113','ASSIGNED', x'76A0DCFA90366E4AAF9EF1CD68E8C7E8');
INSERT INTO REF_TERM_TBL (REF_TERM_ID, CS_ID, MNEMONIC, CRT_PROV_ID)  VALUES(x'76FD3689BD58E8429BF221FE275531B8',x'7BD712FF5D627A498794C3726942B113','CON', x'76A0DCFA90366E4AAF9EF1CD68E8C7E8');
INSERT INTO REF_TERM_TBL (REF_TERM_ID, CS_ID, MNEMONIC, CRT_PROV_ID)  VALUES(x'47F6C9E248EB7042A7B877C1AE858BB0',x'7BD712FF5D627A498794C3726942B113','AFFL', x'76A0DCFA90366E4AAF9EF1CD68E8C7E8');
INSERT INTO REF_TERM_TBL (REF_TERM_ID, CS_ID, MNEMONIC, CRT_PROV_ID)  VALUES(x'A0DBCA1E65364C41856654E5EA9DE11C',x'7BD712FF5D627A498794C3726942B113','AGNT', x'76A0DCFA90366E4AAF9EF1CD68E8C7E8');
INSERT INTO REF_TERM_TBL (REF_TERM_ID, CS_ID, MNEMONIC, CRT_PROV_ID)  VALUES(x'583C6B9A87E3874DBC10545EAE914484',x'7BD712FF5D627A498794C3726942B113','COMPAR', x'76A0DCFA90366E4AAF9EF1CD68E8C7E8');
INSERT INTO REF_TERM_TBL (REF_TERM_ID, CS_ID, MNEMONIC, CRT_PROV_ID)  VALUES(x'8DA97DC52AD29B44B0FA315E52676275',x'7BD712FF5D627A498794C3726942B113','SGNOFF', x'76A0DCFA90366E4AAF9EF1CD68E8C7E8');
INSERT INTO REF_TERM_TBL (REF_TERM_ID, CS_ID, MNEMONIC, CRT_PROV_ID)  VALUES(x'9A818B3F20591543A8DDD6AE323999AC',x'7BD712FF5D627A498794C3726942B113','ECON', x'76A0DCFA90366E4AAF9EF1CD68E8C7E8');
INSERT INTO REF_TERM_TBL (REF_TERM_ID, CS_ID, MNEMONIC, CRT_PROV_ID)  VALUES(x'4AE8D2F037E60C499ED7D65D411D7C86',x'7BD712FF5D627A498794C3726942B113','NOK', x'76A0DCFA90366E4AAF9EF1CD68E8C7E8');
INSERT INTO REF_TERM_TBL (REF_TERM_ID, CS_ID, MNEMONIC, CRT_PROV_ID)  VALUES(x'467E06FAB3551E4B909EA8464DC77C64',x'7BD712FF5D627A498794C3726942B113','GUARD', x'76A0DCFA90366E4AAF9EF1CD68E8C7E8');
INSERT INTO REF_TERM_TBL (REF_TERM_ID, CS_ID, MNEMONIC, CRT_PROV_ID)  VALUES(x'E09506110AF627439ECDE2462ABAAE67',x'7BD712FF5D627A498794C3726942B113','CIT', x'76A0DCFA90366E4AAF9EF1CD68E8C7E8');
INSERT INTO REF_TERM_TBL (REF_TERM_ID, CS_ID, MNEMONIC, CRT_PROV_ID)  VALUES(x'4833A06C5FFBBA42A6CFD453B36FCC94',x'7BD712FF5D627A498794C3726942B113','COVPTY', x'76A0DCFA90366E4AAF9EF1CD68E8C7E8');
INSERT INTO REF_TERM_TBL (REF_TERM_ID, CS_ID, MNEMONIC, CRT_PROV_ID)  VALUES(x'6C83FFE0EEEB084C9BAFFDA73E900F4E',x'7BD712FF5D627A498794C3726942B113','CLAIM', x'76A0DCFA90366E4AAF9EF1CD68E8C7E8');
INSERT INTO REF_TERM_TBL (REF_TERM_ID, CS_ID, MNEMONIC, CRT_PROV_ID)  VALUES(x'A5DDA0FC32F12A4B8B051FECA58272C9',x'7BD712FF5D627A498794C3726942B113','NAMED', x'76A0DCFA90366E4AAF9EF1CD68E8C7E8');
INSERT INTO REF_TERM_TBL (REF_TERM_ID, CS_ID, MNEMONIC, CRT_PROV_ID)  VALUES(x'12214E0A7E0DA0408B77B3B5DFAC6C87',x'7BD712FF5D627A498794C3726942B113','DEPEN', x'76A0DCFA90366E4AAF9EF1CD68E8C7E8');
INSERT INTO REF_TERM_TBL (REF_TERM_ID, CS_ID, MNEMONIC, CRT_PROV_ID)  VALUES(x'BC572D34DF875D4785E304690E9901A0',x'7BD712FF5D627A498794C3726942B113','INDIV', x'76A0DCFA90366E4AAF9EF1CD68E8C7E8');
INSERT INTO REF_TERM_TBL (REF_TERM_ID, CS_ID, MNEMONIC, CRT_PROV_ID)  VALUES(x'BEA42A6671A6AB4386FB9EC88D87B07F',x'7BD712FF5D627A498794C3726942B113','SUBSCR', x'76A0DCFA90366E4AAF9EF1CD68E8C7E8');
INSERT INTO REF_TERM_TBL (REF_TERM_ID, CS_ID, MNEMONIC, CRT_PROV_ID)  VALUES(x'7548ED8BF5700143B65E55BB54EA6B93',x'7BD712FF5D627A498794C3726942B113','PROG', x'76A0DCFA90366E4AAF9EF1CD68E8C7E8');
INSERT INTO REF_TERM_TBL (REF_TERM_ID, CS_ID, MNEMONIC, CRT_PROV_ID)  VALUES(x'DA33EF90BF422A40803C5D8D366FE3A7',x'7BD712FF5D627A498794C3726942B113','CRINV', x'76A0DCFA90366E4AAF9EF1CD68E8C7E8');
INSERT INTO REF_TERM_TBL (REF_TERM_ID, CS_ID, MNEMONIC, CRT_PROV_ID)  VALUES(x'D295F8C188EFCC4291C54AB2C80E0700',x'7BD712FF5D627A498794C3726942B113','CRSPNSR', x'76A0DCFA90366E4AAF9EF1CD68E8C7E8');
INSERT INTO REF_TERM_TBL (REF_TERM_ID, CS_ID, MNEMONIC, CRT_PROV_ID)  VALUES(x'485521EEC6B8634BB47BDA29C4E23B5E',x'7BD712FF5D627A498794C3726942B113','EMP', x'76A0DCFA90366E4AAF9EF1CD68E8C7E8');
INSERT INTO REF_TERM_TBL (REF_TERM_ID, CS_ID, MNEMONIC, CRT_PROV_ID)  VALUES(x'95A649EBB772364AA64A9A2560068F14',x'7BD712FF5D627A498794C3726942B113','MIL', x'76A0DCFA90366E4AAF9EF1CD68E8C7E8');
INSERT INTO REF_TERM_TBL (REF_TERM_ID, CS_ID, MNEMONIC, CRT_PROV_ID)  VALUES(x'7D2CC1CC2B9F0E45A29B441C6262B1A2',x'7BD712FF5D627A498794C3726942B113','GUAR', x'76A0DCFA90366E4AAF9EF1CD68E8C7E8');
INSERT INTO REF_TERM_TBL (REF_TERM_ID, CS_ID, MNEMONIC, CRT_PROV_ID)  VALUES(x'05339ED3B5F14043A6113A50423D3FE0',x'7BD712FF5D627A498794C3726942B113','INVSBJ', x'76A0DCFA90366E4AAF9EF1CD68E8C7E8');
INSERT INTO REF_TERM_TBL (REF_TERM_ID, CS_ID, MNEMONIC, CRT_PROV_ID)  VALUES(x'01F2FBCC03DEEE4087394F0F32B2B7C1',x'7BD712FF5D627A498794C3726942B113','CASEBJ', x'76A0DCFA90366E4AAF9EF1CD68E8C7E8');
INSERT INTO REF_TERM_TBL (REF_TERM_ID, CS_ID, MNEMONIC, CRT_PROV_ID)  VALUES(x'2D09C32E90001E42B01F37FEA0805F7E',x'7BD712FF5D627A498794C3726942B113','RESBJ', x'76A0DCFA90366E4AAF9EF1CD68E8C7E8');
INSERT INTO REF_TERM_TBL (REF_TERM_ID, CS_ID, MNEMONIC, CRT_PROV_ID)  VALUES(x'6399B714F8AFA84698F3065BD572B4D2',x'7BD712FF5D627A498794C3726942B113','LIC', x'76A0DCFA90366E4AAF9EF1CD68E8C7E8');
INSERT INTO REF_TERM_TBL (REF_TERM_ID, CS_ID, MNEMONIC, CRT_PROV_ID)  VALUES(x'14B2F63835ED3342A26271DD30E4A826',x'7BD712FF5D627A498794C3726942B113','NOT', x'76A0DCFA90366E4AAF9EF1CD68E8C7E8');
INSERT INTO REF_TERM_TBL (REF_TERM_ID, CS_ID, MNEMONIC, CRT_PROV_ID)  VALUES(x'C286486DA886B640AC0A46AEEAD4D060',x'7BD712FF5D627A498794C3726942B113','PROV', x'76A0DCFA90366E4AAF9EF1CD68E8C7E8');
INSERT INTO REF_TERM_TBL (REF_TERM_ID, CS_ID, MNEMONIC, CRT_PROV_ID)  VALUES(x'72DD6C265756F8448109432A43E368F4',x'7BD712FF5D627A498794C3726942B113','PAT', x'76A0DCFA90366E4AAF9EF1CD68E8C7E8');
INSERT INTO REF_TERM_TBL (REF_TERM_ID, CS_ID, MNEMONIC, CRT_PROV_ID)  VALUES(x'CC8B78853CC0294A8847954F0C5988F2',x'7BD712FF5D627A498794C3726942B113','PAYEE', x'76A0DCFA90366E4AAF9EF1CD68E8C7E8');
INSERT INTO REF_TERM_TBL (REF_TERM_ID, CS_ID, MNEMONIC, CRT_PROV_ID)  VALUES(x'C5A1370A65027945A252B040601905C0',x'7BD712FF5D627A498794C3726942B113','PAYOR', x'76A0DCFA90366E4AAF9EF1CD68E8C7E8');
INSERT INTO REF_TERM_TBL (REF_TERM_ID, CS_ID, MNEMONIC, CRT_PROV_ID)  VALUES(x'9FA999922DF9F84AAAC9F1F14868A31A',x'7BD712FF5D627A498794C3726942B113','POLHOLD', x'76A0DCFA90366E4AAF9EF1CD68E8C7E8');
INSERT INTO REF_TERM_TBL (REF_TERM_ID, CS_ID, MNEMONIC, CRT_PROV_ID)  VALUES(x'2EF4D04FAE45B949BF0EB8F1817AAAC4',x'7BD712FF5D627A498794C3726942B113','QUAL', x'76A0DCFA90366E4AAF9EF1CD68E8C7E8');
INSERT INTO REF_TERM_TBL (REF_TERM_ID, CS_ID, MNEMONIC, CRT_PROV_ID)  VALUES(x'3E6CAF0D0158D3458792EB8B1D172889',x'7BD712FF5D627A498794C3726942B113','SPNSR', x'76A0DCFA90366E4AAF9EF1CD68E8C7E8');
INSERT INTO REF_TERM_TBL (REF_TERM_ID, CS_ID, MNEMONIC, CRT_PROV_ID)  VALUES(x'062E83FBFCE02C48A063BC238F20802D',x'7BD712FF5D627A498794C3726942B113','STD', x'76A0DCFA90366E4AAF9EF1CD68E8C7E8');
INSERT INTO REF_TERM_TBL (REF_TERM_ID, CS_ID, MNEMONIC, CRT_PROV_ID)  VALUES(x'FC754D2879779F438D7A27A2537D688F',x'7BD712FF5D627A498794C3726942B113','UNDWRT', x'76A0DCFA90366E4AAF9EF1CD68E8C7E8');
INSERT INTO REF_TERM_TBL (REF_TERM_ID, CS_ID, MNEMONIC, CRT_PROV_ID)  VALUES(x'77B60EB3D21DD44D8D9303104C814C44',x'7BD712FF5D627A498794C3726942B113','ACCESS', x'76A0DCFA90366E4AAF9EF1CD68E8C7E8');
INSERT INTO REF_TERM_TBL (REF_TERM_ID, CS_ID, MNEMONIC, CRT_PROV_ID)  VALUES(x'07F225BA39255847826F94E18CD982AD',x'7BD712FF5D627A498794C3726942B113','ADMM', x'76A0DCFA90366E4AAF9EF1CD68E8C7E8');
INSERT INTO REF_TERM_TBL (REF_TERM_ID, CS_ID, MNEMONIC, CRT_PROV_ID)  VALUES(x'FB38D45AEA96B6498C2BE4F8B19AE895',x'7BD712FF5D627A498794C3726942B113','BIRTHPL', x'76A0DCFA90366E4AAF9EF1CD68E8C7E8');
INSERT INTO REF_TERM_TBL (REF_TERM_ID, CS_ID, MNEMONIC, CRT_PROV_ID)  VALUES(x'8CCDF19E7C1CF3418F9136BDE9313507',x'7BD712FF5D627A498794C3726942B113','CAREGIVER', x'76A0DCFA90366E4AAF9EF1CD68E8C7E8');
INSERT INTO REF_TERM_TBL (REF_TERM_ID, CS_ID, MNEMONIC, CRT_PROV_ID)  VALUES(x'1E74027ACDA1784A8E2CD77BE33BA8F0',x'7BD712FF5D627A498794C3726942B113','DEATHPLC', x'76A0DCFA90366E4AAF9EF1CD68E8C7E8');
INSERT INTO REF_TERM_TBL (REF_TERM_ID, CS_ID, MNEMONIC, CRT_PROV_ID)  VALUES(x'81ADE44BC10A8B47B6D4BCFB9AB822C0',x'7BD712FF5D627A498794C3726942B113','DST', x'76A0DCFA90366E4AAF9EF1CD68E8C7E8');
INSERT INTO REF_TERM_TBL (REF_TERM_ID, CS_ID, MNEMONIC, CRT_PROV_ID)  VALUES(x'5E7D78C168F1BF489589894B7813AA07',x'7BD712FF5D627A498794C3726942B113','RET', x'76A0DCFA90366E4AAF9EF1CD68E8C7E8');
INSERT INTO REF_TERM_TBL (REF_TERM_ID, CS_ID, MNEMONIC, CRT_PROV_ID)  VALUES(x'A3CEAABB8392904D9F2C6A6F32976858',x'7BD712FF5D627A498794C3726942B113','EXPR', x'76A0DCFA90366E4AAF9EF1CD68E8C7E8');
INSERT INTO REF_TERM_TBL (REF_TERM_ID, CS_ID, MNEMONIC, CRT_PROV_ID)  VALUES(x'6F0970C011605E499887377221165DC7',x'7BD712FF5D627A498794C3726942B113','HLD', x'76A0DCFA90366E4AAF9EF1CD68E8C7E8');
INSERT INTO REF_TERM_TBL (REF_TERM_ID, CS_ID, MNEMONIC, CRT_PROV_ID)  VALUES(x'A7E28563698A2044BB4B5B8AD3243E8B',x'7BD712FF5D627A498794C3726942B113','HLTHCHRT', x'76A0DCFA90366E4AAF9EF1CD68E8C7E8');
INSERT INTO REF_TERM_TBL (REF_TERM_ID, CS_ID, MNEMONIC, CRT_PROV_ID)  VALUES(x'8D328A7787CE9748B46BD563C968B944',x'7BD712FF5D627A498794C3726942B113','IDENT', x'76A0DCFA90366E4AAF9EF1CD68E8C7E8');
INSERT INTO REF_TERM_TBL (REF_TERM_ID, CS_ID, MNEMONIC, CRT_PROV_ID)  VALUES(x'AD1F8A54D5F5624194A4641D1885BB0E',x'7BD712FF5D627A498794C3726942B113','MANU', x'76A0DCFA90366E4AAF9EF1CD68E8C7E8');
INSERT INTO REF_TERM_TBL (REF_TERM_ID, CS_ID, MNEMONIC, CRT_PROV_ID)  VALUES(x'7566B85CE9AD224C8FF7071A8550A957',x'7BD712FF5D627A498794C3726942B113','THER', x'76A0DCFA90366E4AAF9EF1CD68E8C7E8');
INSERT INTO REF_TERM_TBL (REF_TERM_ID, CS_ID, MNEMONIC, CRT_PROV_ID)  VALUES(x'BF6A79C937F5074BAB02476C1948F2B8',x'7BD712FF5D627A498794C3726942B113','MNT', x'76A0DCFA90366E4AAF9EF1CD68E8C7E8');
INSERT INTO REF_TERM_TBL (REF_TERM_ID, CS_ID, MNEMONIC, CRT_PROV_ID)  VALUES(x'B4D98652774B5441A3EBCF40CD51F26C',x'7BD712FF5D627A498794C3726942B113','OWN', x'76A0DCFA90366E4AAF9EF1CD68E8C7E8');
INSERT INTO REF_TERM_TBL (REF_TERM_ID, CS_ID, MNEMONIC, CRT_PROV_ID)  VALUES(x'4FBA48AEACA99B4FBFA678D7921012FE',x'7BD712FF5D627A498794C3726942B113','PRS', x'76A0DCFA90366E4AAF9EF1CD68E8C7E8');
INSERT INTO REF_TERM_TBL (REF_TERM_ID, CS_ID, MNEMONIC, CRT_PROV_ID)  VALUES(x'1C757E9D6971C54D9D907C1D9B2643FA',x'7BD712FF5D627A498794C3726942B113','RGPR', x'76A0DCFA90366E4AAF9EF1CD68E8C7E8');
INSERT INTO REF_TERM_TBL (REF_TERM_ID, CS_ID, MNEMONIC, CRT_PROV_ID)  VALUES(x'04DD7A4E21ADE74ABCCC0A6424BD4701',x'7BD712FF5D627A498794C3726942B113','SDLOC', x'76A0DCFA90366E4AAF9EF1CD68E8C7E8');
INSERT INTO REF_TERM_TBL (REF_TERM_ID, CS_ID, MNEMONIC, CRT_PROV_ID)  VALUES(x'1937869348F0004092D04D9FCB3A32F7',x'7BD712FF5D627A498794C3726942B113','DSDLOC', x'76A0DCFA90366E4AAF9EF1CD68E8C7E8');
INSERT INTO REF_TERM_TBL (REF_TERM_ID, CS_ID, MNEMONIC, CRT_PROV_ID)  VALUES(x'05272C877DA1C44EB2AE039B76A292A2',x'7BD712FF5D627A498794C3726942B113','ISDLOC', x'76A0DCFA90366E4AAF9EF1CD68E8C7E8');
INSERT INTO REF_TERM_TBL (REF_TERM_ID, CS_ID, MNEMONIC, CRT_PROV_ID)  VALUES(x'D0DD52EDE398354B91368BBAD2E4DAB1',x'7BD712FF5D627A498794C3726942B113','TERR', x'76A0DCFA90366E4AAF9EF1CD68E8C7E8');
INSERT INTO REF_TERM_TBL (REF_TERM_ID, CS_ID, MNEMONIC, CRT_PROV_ID)  VALUES(x'ABD84903EAD5B8439D0492C24CFA04D4',x'7BD712FF5D627A498794C3726942B113','USED', x'76A0DCFA90366E4AAF9EF1CD68E8C7E8');
INSERT INTO REF_TERM_TBL (REF_TERM_ID, CS_ID, MNEMONIC, CRT_PROV_ID)  VALUES(x'2BF660812F734F43BE24DD5FF96C4ED3',x'7BD712FF5D627A498794C3726942B113','WRTE', x'76A0DCFA90366E4AAF9EF1CD68E8C7E8');
INSERT INTO REF_TERM_TBL (REF_TERM_ID, CS_ID, MNEMONIC, CRT_PROV_ID)  VALUES(x'D00E29CA0C33E749A6443E52728CFC0F',x'7BD712FF5D627A498794C3726942B113','PART', x'76A0DCFA90366E4AAF9EF1CD68E8C7E8');
INSERT INTO REF_TERM_TBL (REF_TERM_ID, CS_ID, MNEMONIC, CRT_PROV_ID)  VALUES(x'5D46C59C17869545AB40B3C2776451FD',x'7BD712FF5D627A498794C3726942B113','ACTM', x'76A0DCFA90366E4AAF9EF1CD68E8C7E8');
INSERT INTO REF_TERM_TBL (REF_TERM_ID, CS_ID, MNEMONIC, CRT_PROV_ID)  VALUES(x'42F7145454080B4A838D772272FBBF1B',x'7BD712FF5D627A498794C3726942B113','SPEC', x'76A0DCFA90366E4AAF9EF1CD68E8C7E8');
INSERT INTO REF_TERM_TBL (REF_TERM_ID, CS_ID, MNEMONIC, CRT_PROV_ID)  VALUES(x'E9FC92209693514681D6E3A8A28A60D3',x'7BD712FF5D627A498794C3726942B113','ALQT', x'76A0DCFA90366E4AAF9EF1CD68E8C7E8');
INSERT INTO REF_TERM_TBL (REF_TERM_ID, CS_ID, MNEMONIC, CRT_PROV_ID)  VALUES(x'E489D8455C65F4469B9F697BED99A221',x'7BD712FF5D627A498794C3726942B113','ISLT', x'76A0DCFA90366E4AAF9EF1CD68E8C7E8');
INSERT INTO REF_TERM_TBL (REF_TERM_ID, CS_ID, MNEMONIC, CRT_PROV_ID)  VALUES(x'3FB6ABF7582F3B4D834C0687FD07C401',x'6AD6B1BA981EFD4B9B4A7C4BE88F35D1','ACCM', x'76A0DCFA90366E4AAF9EF1CD68E8C7E8');
INSERT INTO REF_TERM_TBL (REF_TERM_ID, CS_ID, MNEMONIC, CRT_PROV_ID)  VALUES(x'AE7A6081E1ECBA4B8CB3D2A9F5D35067',x'6AD6B1BA981EFD4B9B4A7C4BE88F35D1','ACT', x'76A0DCFA90366E4AAF9EF1CD68E8C7E8');
INSERT INTO REF_TERM_TBL (REF_TERM_ID, CS_ID, MNEMONIC, CRT_PROV_ID)  VALUES(x'49A79B099D97A14EA6FB6B3253A25062',x'6AD6B1BA981EFD4B9B4A7C4BE88F35D1','CTTEVENT', x'76A0DCFA90366E4AAF9EF1CD68E8C7E8');
INSERT INTO REF_TERM_TBL (REF_TERM_ID, CS_ID, MNEMONIC, CRT_PROV_ID)  VALUES(x'81C32C7D6C30054D8644E5781E9BCC9E',x'6AD6B1BA981EFD4B9B4A7C4BE88F35D1','INC', x'76A0DCFA90366E4AAF9EF1CD68E8C7E8');
INSERT INTO REF_TERM_TBL (REF_TERM_ID, CS_ID, MNEMONIC, CRT_PROV_ID)  VALUES(x'AA0DD160020FD947847DABBFD07742DF',x'6AD6B1BA981EFD4B9B4A7C4BE88F35D1','INFRM', x'76A0DCFA90366E4AAF9EF1CD68E8C7E8');
INSERT INTO REF_TERM_TBL (REF_TERM_ID, CS_ID, MNEMONIC, CRT_PROV_ID)  VALUES(x'54EAB351547F0047A9CD69C2478D2E49',x'6AD6B1BA981EFD4B9B4A7C4BE88F35D1','PCPR', x'76A0DCFA90366E4AAF9EF1CD68E8C7E8');
INSERT INTO REF_TERM_TBL (REF_TERM_ID, CS_ID, MNEMONIC, CRT_PROV_ID)  VALUES(x'552942E67D2C324FA8E54E824F7BEC4F',x'6AD6B1BA981EFD4B9B4A7C4BE88F35D1','REG', x'76A0DCFA90366E4AAF9EF1CD68E8C7E8');
INSERT INTO REF_TERM_TBL (REF_TERM_ID, CS_ID, MNEMONIC, CRT_PROV_ID)  VALUES(x'B7D684778B21C942A767186F070BA1C6',x'6AD6B1BA981EFD4B9B4A7C4BE88F35D1','SPCTRT', x'76A0DCFA90366E4AAF9EF1CD68E8C7E8');
INSERT INTO REF_TERM_TBL (REF_TERM_ID, CS_ID, MNEMONIC, CRT_PROV_ID)  VALUES(x'CC3F51A9F04C8C4987AB2C55D29FC01D',x'6AD6B1BA981EFD4B9B4A7C4BE88F35D1','TRNS', x'76A0DCFA90366E4AAF9EF1CD68E8C7E8');
INSERT INTO REF_TERM_TBL (REF_TERM_ID, CS_ID, MNEMONIC, CRT_PROV_ID)  VALUES(x'9A2CE2794935A04FB1725C8B14F971A7',x'6AD6B1BA981EFD4B9B4A7C4BE88F35D1','BATTERY', x'76A0DCFA90366E4AAF9EF1CD68E8C7E8');
INSERT INTO REF_TERM_TBL (REF_TERM_ID, CS_ID, MNEMONIC, CRT_PROV_ID)  VALUES(x'DF5958E231E16347AB3630F8A9B2D792',x'6AD6B1BA981EFD4B9B4A7C4BE88F35D1','CLUSTER', x'76A0DCFA90366E4AAF9EF1CD68E8C7E8');
INSERT INTO REF_TERM_TBL (REF_TERM_ID, CS_ID, MNEMONIC, CRT_PROV_ID)  VALUES(x'067720673C26714C958AE96B0A9AAA3D',x'8F35E8BD9F7FE046B3263491429C2183','DEF', x'76A0DCFA90366E4AAF9EF1CD68E8C7E8');
INSERT INTO REF_TERM_TBL (REF_TERM_ID, CS_ID, MNEMONIC, CRT_PROV_ID)  VALUES(x'6B958B9CACCEA749BCD3EA8A8B111B72',x'8F35E8BD9F7FE046B3263491429C2183','GOL', x'76A0DCFA90366E4AAF9EF1CD68E8C7E8');
INSERT INTO REF_TERM_TBL (REF_TERM_ID, CS_ID, MNEMONIC, CRT_PROV_ID)  VALUES(x'9843B1CC750BF440B3F3C7AF49EF1518',x'8F35E8BD9F7FE046B3263491429C2183','INT', x'76A0DCFA90366E4AAF9EF1CD68E8C7E8');
INSERT INTO REF_TERM_TBL (REF_TERM_ID, CS_ID, MNEMONIC, CRT_PROV_ID)  VALUES(x'5010D3D316567142BAA975C1E7B61E7B',x'8F35E8BD9F7FE046B3263491429C2183','PRMS', x'76A0DCFA90366E4AAF9EF1CD68E8C7E8');
INSERT INTO REF_TERM_TBL (REF_TERM_ID, CS_ID, MNEMONIC, CRT_PROV_ID)  VALUES(x'2D2098BDA248294AB6AB2BF2BE5479F7',x'8F35E8BD9F7FE046B3263491429C2183','PRP', x'76A0DCFA90366E4AAF9EF1CD68E8C7E8');
INSERT INTO REF_TERM_TBL (REF_TERM_ID, CS_ID, MNEMONIC, CRT_PROV_ID)  VALUES(x'3F965BEEAC6A2A45BD2EABA28630240F',x'05461092DC20F9429CDEACEF7FB19EF0','APND', x'76A0DCFA90366E4AAF9EF1CD68E8C7E8');
INSERT INTO REF_TERM_TBL (REF_TERM_ID, CS_ID, MNEMONIC, CRT_PROV_ID)  VALUES(x'52691F22357666448276CD93B83159E7',x'05461092DC20F9429CDEACEF7FB19EF0','RPLC', x'76A0DCFA90366E4AAF9EF1CD68E8C7E8');
INSERT INTO REF_TERM_TBL (REF_TERM_ID, CS_ID, MNEMONIC, CRT_PROV_ID)  VALUES(x'29812EC65DF1E84DB58E8BA1AE9126E9',x'05461092DC20F9429CDEACEF7FB19EF0','XFRM', x'76A0DCFA90366E4AAF9EF1CD68E8C7E8');
INSERT INTO REF_TERM_TBL (REF_TERM_ID, CS_ID, MNEMONIC, CRT_PROV_ID)  VALUES(x'4F0C251F4204B548AAEEDB711531536A',x'05461092DC20F9429CDEACEF7FB19EF0','DRIV', x'76A0DCFA90366E4AAF9EF1CD68E8C7E8');
INSERT INTO REF_TERM_TBL (REF_TERM_ID, CS_ID, MNEMONIC, CRT_PROV_ID)  VALUES(x'BE31F0AB1D7CFC42872D0D6E37E91442',x'05461092DC20F9429CDEACEF7FB19EF0','CAUS', x'76A0DCFA90366E4AAF9EF1CD68E8C7E8');
INSERT INTO REF_TERM_TBL (REF_TERM_ID, CS_ID, MNEMONIC, CRT_PROV_ID)  VALUES(x'FD8470A852A5874AB756171654198D87',x'05461092DC20F9429CDEACEF7FB19EF0','GEVL', x'76A0DCFA90366E4AAF9EF1CD68E8C7E8');
INSERT INTO REF_TERM_TBL (REF_TERM_ID, CS_ID, MNEMONIC, CRT_PROV_ID)  VALUES(x'701BEAC1D837714F98E7237AB0386B4F',x'05461092DC20F9429CDEACEF7FB19EF0','MFST', x'76A0DCFA90366E4AAF9EF1CD68E8C7E8');
INSERT INTO REF_TERM_TBL (REF_TERM_ID, CS_ID, MNEMONIC, CRT_PROV_ID)  VALUES(x'F42364DCA488914FB4FEE7843DCED168',x'05461092DC20F9429CDEACEF7FB19EF0','REFR', x'76A0DCFA90366E4AAF9EF1CD68E8C7E8');
INSERT INTO REF_TERM_TBL (REF_TERM_ID, CS_ID, MNEMONIC, CRT_PROV_ID)  VALUES(x'31793C6D73E8B7479DE72DEA769E08A2',x'05461092DC20F9429CDEACEF7FB19EF0','RSON', x'76A0DCFA90366E4AAF9EF1CD68E8C7E8');
INSERT INTO REF_TERM_TBL (REF_TERM_ID, CS_ID, MNEMONIC, CRT_PROV_ID)  VALUES(x'68D853F44E84654DAD770C6C15EA7291',x'05461092DC20F9429CDEACEF7FB19EF0','SAS', x'76A0DCFA90366E4AAF9EF1CD68E8C7E8');
INSERT INTO REF_TERM_TBL (REF_TERM_ID, CS_ID, MNEMONIC, CRT_PROV_ID)  VALUES(x'31C5658ADDB4CC439C55E064D07533CE',x'05461092DC20F9429CDEACEF7FB19EF0','SPRT', x'76A0DCFA90366E4AAF9EF1CD68E8C7E8');
INSERT INTO REF_TERM_TBL (REF_TERM_ID, CS_ID, MNEMONIC, CRT_PROV_ID)  VALUES(x'74E8E79A645C67488C84C63EE5599B9C',x'05461092DC20F9429CDEACEF7FB19EF0','SUBJ', x'76A0DCFA90366E4AAF9EF1CD68E8C7E8');
INSERT INTO REF_TERM_TBL (REF_TERM_ID, CS_ID, MNEMONIC, CRT_PROV_ID)  VALUES(x'1F430D0654BA1243A5D8BB3BCEFA1DD1',x'05461092DC20F9429CDEACEF7FB19EF0','XCRPT', x'76A0DCFA90366E4AAF9EF1CD68E8C7E8');
INSERT INTO REF_TERM_TBL (REF_TERM_ID, CS_ID, MNEMONIC, CRT_PROV_ID)  VALUES(x'F2D766EE2E4F1D47A032142F8F6C08E4',x'05461092DC20F9429CDEACEF7FB19EF0','ELNK', x'76A0DCFA90366E4AAF9EF1CD68E8C7E8');
INSERT INTO REF_TERM_TBL (REF_TERM_ID, CS_ID, MNEMONIC, CRT_PROV_ID)  VALUES(x'B97CFCA57DE7324A85D50089F5B87978',x'8F35E8BD9F7FE046B3263491429C2183','APT', x'76A0DCFA90366E4AAF9EF1CD68E8C7E8');
INSERT INTO REF_TERM_TBL (REF_TERM_ID, CS_ID, MNEMONIC, CRT_PROV_ID)  VALUES(x'57B1191485AF7F44A4900D5B95DBD6CC',x'8F35E8BD9F7FE046B3263491429C2183','ARQ', x'76A0DCFA90366E4AAF9EF1CD68E8C7E8');
INSERT INTO REF_TERM_TBL (REF_TERM_ID, CS_ID, MNEMONIC, CRT_PROV_ID)  VALUES(x'B0DB038DE069CC4382FDAD39E9154A2E',x'473B820215C366438883442E646D34BE','AA', x'76A0DCFA90366E4AAF9EF1CD68E8C7E8');
INSERT INTO REF_TERM_TBL (REF_TERM_ID, CS_ID, MNEMONIC, CRT_PROV_ID)  VALUES(x'9C29C2EB0C2EF249BACB56284E0086DD',x'473B820215C366438883442E646D34BE','ANF', x'76A0DCFA90366E4AAF9EF1CD68E8C7E8');
INSERT INTO REF_TERM_TBL (REF_TERM_ID, CS_ID, MNEMONIC, CRT_PROV_ID)  VALUES(x'731C52FE744E5A4DA35D0C51D404B3AA',x'473B820215C366438883442E646D34BE','AR', x'76A0DCFA90366E4AAF9EF1CD68E8C7E8');
INSERT INTO REF_TERM_TBL (REF_TERM_ID, CS_ID, MNEMONIC, CRT_PROV_ID)  VALUES(x'2A67E0C672780B4AABCA12F6C512CEA5',x'473B820215C366438883442E646D34BE','AS', x'76A0DCFA90366E4AAF9EF1CD68E8C7E8');
INSERT INTO REF_TERM_TBL (REF_TERM_ID, CS_ID, MNEMONIC, CRT_PROV_ID)  VALUES(x'12A3D104AE46AB46AB2AD10998FD91CC',x'473B820215C366438883442E646D34BE','DISPLAY', x'76A0DCFA90366E4AAF9EF1CD68E8C7E8');
INSERT INTO REF_TERM_TBL (REF_TERM_ID, CS_ID, MNEMONIC, CRT_PROV_ID)  VALUES(x'0F31A329FBE0D94EA26206A7D60F14D4',x'473B820215C366438883442E646D34BE','FORM', x'76A0DCFA90366E4AAF9EF1CD68E8C7E8');
INSERT INTO REF_TERM_TBL (REF_TERM_ID, CS_ID, MNEMONIC, CRT_PROV_ID)  VALUES(x'329F2DDDA1715B41BDE1ED38CD92DEC7',x'473B820215C366438883442E646D34BE','AUTOPOL', x'76A0DCFA90366E4AAF9EF1CD68E8C7E8');
INSERT INTO REF_TERM_TBL (REF_TERM_ID, CS_ID, MNEMONIC, CRT_PROV_ID)  VALUES(x'D7C87A1996CE6D4DADF6514E5CE5C551',x'473B820215C366438883442E646D34BE','CANPRG', x'76A0DCFA90366E4AAF9EF1CD68E8C7E8');
INSERT INTO REF_TERM_TBL (REF_TERM_ID, CS_ID, MNEMONIC, CRT_PROV_ID)  VALUES(x'E22B51AC9BEEE84BA77D81907FEFE6F8',x'473B820215C366438883442E646D34BE','COL', x'76A0DCFA90366E4AAF9EF1CD68E8C7E8');
INSERT INTO REF_TERM_TBL (REF_TERM_ID, CS_ID, MNEMONIC, CRT_PROV_ID)  VALUES(x'DCC32F6D1B40C94D92AAF2223ABD4EDE',x'473B820215C366438883442E646D34BE','DENTPRG', x'76A0DCFA90366E4AAF9EF1CD68E8C7E8');
INSERT INTO REF_TERM_TBL (REF_TERM_ID, CS_ID, MNEMONIC, CRT_PROV_ID)  VALUES(x'941AF753BCB2094BB9B96C0F5C006438',x'473B820215C366438883442E646D34BE','EHCPOL', x'76A0DCFA90366E4AAF9EF1CD68E8C7E8');
INSERT INTO REF_TERM_TBL (REF_TERM_ID, CS_ID, MNEMONIC, CRT_PROV_ID)  VALUES(x'10CD65F736ABAA4B92418FF9C54F8CC4',x'473B820215C366438883442E646D34BE','ENDRENAL', x'76A0DCFA90366E4AAF9EF1CD68E8C7E8');
INSERT INTO REF_TERM_TBL (REF_TERM_ID, CS_ID, MNEMONIC, CRT_PROV_ID)  VALUES(x'8C64D818C1091E4681A582D1AEDFED8B',x'473B820215C366438883442E646D34BE','HIVAIDS', x'76A0DCFA90366E4AAF9EF1CD68E8C7E8');
INSERT INTO REF_TERM_TBL (REF_TERM_ID, CS_ID, MNEMONIC, CRT_PROV_ID)  VALUES(x'D600A58D96A8E047801D9B25C0C021C7',x'473B820215C366438883442E646D34BE','HSAPOL', x'76A0DCFA90366E4AAF9EF1CD68E8C7E8');
INSERT INTO REF_TERM_TBL (REF_TERM_ID, CS_ID, MNEMONIC, CRT_PROV_ID)  VALUES(x'7A5C15F695B2944EB2B745C01F0DE1A6',x'473B820215C366438883442E646D34BE','MANDPOL', x'76A0DCFA90366E4AAF9EF1CD68E8C7E8');
INSERT INTO REF_TERM_TBL (REF_TERM_ID, CS_ID, MNEMONIC, CRT_PROV_ID)  VALUES(x'EC7C2A20C287714D8AD8E781B25E1504',x'473B820215C366438883442E646D34BE','MENTPRG', x'76A0DCFA90366E4AAF9EF1CD68E8C7E8');
INSERT INTO REF_TERM_TBL (REF_TERM_ID, CS_ID, MNEMONIC, CRT_PROV_ID)  VALUES(x'0DD9E242E8ABDE40BF900A2F6153A855',x'473B820215C366438883442E646D34BE','PUBLICPOL', x'76A0DCFA90366E4AAF9EF1CD68E8C7E8');
INSERT INTO REF_TERM_TBL (REF_TERM_ID, CS_ID, MNEMONIC, CRT_PROV_ID)  VALUES(x'4BC950A380591F4C83638664898C895D',x'473B820215C366438883442E646D34BE','SAFNET', x'76A0DCFA90366E4AAF9EF1CD68E8C7E8');
INSERT INTO REF_TERM_TBL (REF_TERM_ID, CS_ID, MNEMONIC, CRT_PROV_ID)  VALUES(x'884C7F1790EA01448B96E3B66F3D45F9',x'473B820215C366438883442E646D34BE','SUBPRG', x'76A0DCFA90366E4AAF9EF1CD68E8C7E8');
INSERT INTO REF_TERM_TBL (REF_TERM_ID, CS_ID, MNEMONIC, CRT_PROV_ID)  VALUES(x'34E18FFBA5F42B469DC02D87589249CE',x'473B820215C366438883442E646D34BE','SUBSIDIZ', x'76A0DCFA90366E4AAF9EF1CD68E8C7E8');
INSERT INTO REF_TERM_TBL (REF_TERM_ID, CS_ID, MNEMONIC, CRT_PROV_ID)  VALUES(x'2327B358A4E231458DF53800B653389C',x'473B820215C366438883442E646D34BE','SUBSIDMC', x'76A0DCFA90366E4AAF9EF1CD68E8C7E8');
INSERT INTO REF_TERM_TBL (REF_TERM_ID, CS_ID, MNEMONIC, CRT_PROV_ID)  VALUES(x'28EEB1771839FC43B3E928EC6A7F1D2F',x'473B820215C366438883442E646D34BE','SUBSUPP', x'76A0DCFA90366E4AAF9EF1CD68E8C7E8');
INSERT INTO REF_TERM_TBL (REF_TERM_ID, CS_ID, MNEMONIC, CRT_PROV_ID)  VALUES(x'7763F07A5B1A37478E020C3855471086',x'473B820215C366438883442E646D34BE','UNINSMOT', x'76A0DCFA90366E4AAF9EF1CD68E8C7E8');
INSERT INTO REF_TERM_TBL (REF_TERM_ID, CS_ID, MNEMONIC, CRT_PROV_ID)  VALUES(x'65BBC289CB45044F82A7AC16E2B3D547',x'473B820215C366438883442E646D34BE','WCBPOL', x'76A0DCFA90366E4AAF9EF1CD68E8C7E8');
INSERT INTO REF_TERM_TBL (REF_TERM_ID, CS_ID, MNEMONIC, CRT_PROV_ID)  VALUES(x'A7D8769A4E3A544B9242BD0456B95CBE',x'473B820215C366438883442E646D34BE','FST', x'76A0DCFA90366E4AAF9EF1CD68E8C7E8');
INSERT INTO REF_TERM_TBL (REF_TERM_ID, CS_ID, MNEMONIC, CRT_PROV_ID)  VALUES(x'5B15C0AFA7D25742ADE1BA2B2071C231',x'473B820215C366438883442E646D34BE','HST', x'76A0DCFA90366E4AAF9EF1CD68E8C7E8');
INSERT INTO REF_TERM_TBL (REF_TERM_ID, CS_ID, MNEMONIC, CRT_PROV_ID)  VALUES(x'60D403793913444C8017C3191F14F664',x'473B820215C366438883442E646D34BE','PST', x'76A0DCFA90366E4AAF9EF1CD68E8C7E8');
INSERT INTO REF_TERM_TBL (REF_TERM_ID, CS_ID, MNEMONIC, CRT_PROV_ID)  VALUES(x'C48E46A43A24D742AEBC4D4908ECE836',x'473B820215C366438883442E646D34BE','ADNFPPELAT', x'76A0DCFA90366E4AAF9EF1CD68E8C7E8');
INSERT INTO REF_TERM_TBL (REF_TERM_ID, CS_ID, MNEMONIC, CRT_PROV_ID)  VALUES(x'DCB1E271F75254418836636818BD3EB5',x'473B820215C366438883442E646D34BE','ADNFPPELCT', x'76A0DCFA90366E4AAF9EF1CD68E8C7E8');
INSERT INTO REF_TERM_TBL (REF_TERM_ID, CS_ID, MNEMONIC, CRT_PROV_ID)  VALUES(x'76A62F749D158A489398113D2FD4E5FD',x'473B820215C366438883442E646D34BE','ADNFPPMNAT', x'76A0DCFA90366E4AAF9EF1CD68E8C7E8');
INSERT INTO REF_TERM_TBL (REF_TERM_ID, CS_ID, MNEMONIC, CRT_PROV_ID)  VALUES(x'E38BE3089D6147498BDED79026CF0511',x'473B820215C366438883442E646D34BE','ADNFPPMNCT', x'76A0DCFA90366E4AAF9EF1CD68E8C7E8');
INSERT INTO REF_TERM_TBL (REF_TERM_ID, CS_ID, MNEMONIC, CRT_PROV_ID)  VALUES(x'5C3D00A7A4404A458FABB6884B8C0ABE',x'473B820215C366438883442E646D34BE','ADNFSPELAT', x'76A0DCFA90366E4AAF9EF1CD68E8C7E8');
INSERT INTO REF_TERM_TBL (REF_TERM_ID, CS_ID, MNEMONIC, CRT_PROV_ID)  VALUES(x'AA35F75D67B4194A8AC952FEDBB964D1',x'473B820215C366438883442E646D34BE','ADNFSPELCT', x'76A0DCFA90366E4AAF9EF1CD68E8C7E8');
INSERT INTO REF_TERM_TBL (REF_TERM_ID, CS_ID, MNEMONIC, CRT_PROV_ID)  VALUES(x'8AB68F0D6E56684CB893893ED8B4A737',x'473B820215C366438883442E646D34BE','ADNFSPMNAT', x'76A0DCFA90366E4AAF9EF1CD68E8C7E8');
INSERT INTO REF_TERM_TBL (REF_TERM_ID, CS_ID, MNEMONIC, CRT_PROV_ID)  VALUES(x'77C95A3030462041A558909ACF65E5D3',x'473B820215C366438883442E646D34BE','ADNFSPMNCT', x'76A0DCFA90366E4AAF9EF1CD68E8C7E8');
INSERT INTO REF_TERM_TBL (REF_TERM_ID, CS_ID, MNEMONIC, CRT_PROV_ID)  VALUES(x'27DAC33365F6F140B510667600259EFC',x'473B820215C366438883442E646D34BE','ADNPPPELAT', x'76A0DCFA90366E4AAF9EF1CD68E8C7E8');
INSERT INTO REF_TERM_TBL (REF_TERM_ID, CS_ID, MNEMONIC, CRT_PROV_ID)  VALUES(x'CC1B4DB7D53D60419DBB5FA8D2CA0694',x'473B820215C366438883442E646D34BE','ADNPPPELCT', x'76A0DCFA90366E4AAF9EF1CD68E8C7E8');
INSERT INTO REF_TERM_TBL (REF_TERM_ID, CS_ID, MNEMONIC, CRT_PROV_ID)  VALUES(x'55BD1DE5A721F44B80D89C5DBCC1D332',x'473B820215C366438883442E646D34BE','ADNPPPMNAT', x'76A0DCFA90366E4AAF9EF1CD68E8C7E8');
INSERT INTO REF_TERM_TBL (REF_TERM_ID, CS_ID, MNEMONIC, CRT_PROV_ID)  VALUES(x'0596541D11285A4AA0EBC8789910DD2F',x'473B820215C366438883442E646D34BE','ADNPPPMNCT', x'76A0DCFA90366E4AAF9EF1CD68E8C7E8');
INSERT INTO REF_TERM_TBL (REF_TERM_ID, CS_ID, MNEMONIC, CRT_PROV_ID)  VALUES(x'14EE0A9AB003A64290FA4347776349F6',x'473B820215C366438883442E646D34BE','ADNPSPELAT', x'76A0DCFA90366E4AAF9EF1CD68E8C7E8');
INSERT INTO REF_TERM_TBL (REF_TERM_ID, CS_ID, MNEMONIC, CRT_PROV_ID)  VALUES(x'75662F5AA4710B46B3FCB868F06552D7',x'473B820215C366438883442E646D34BE','ADNPSPELCT', x'76A0DCFA90366E4AAF9EF1CD68E8C7E8');
INSERT INTO REF_TERM_TBL (REF_TERM_ID, CS_ID, MNEMONIC, CRT_PROV_ID)  VALUES(x'475183EFC274AC408DFA32C7153A15A8',x'473B820215C366438883442E646D34BE','ADNPSPMNAT', x'76A0DCFA90366E4AAF9EF1CD68E8C7E8');
INSERT INTO REF_TERM_TBL (REF_TERM_ID, CS_ID, MNEMONIC, CRT_PROV_ID)  VALUES(x'403FA27970EFA148906886577B465C29',x'473B820215C366438883442E646D34BE','ADNPSPMNCT', x'76A0DCFA90366E4AAF9EF1CD68E8C7E8');
INSERT INTO REF_TERM_TBL (REF_TERM_ID, CS_ID, MNEMONIC, CRT_PROV_ID)  VALUES(x'433AF1E00817DE4A9EDD791B05397A53',x'473B820215C366438883442E646D34BE','ADPPPPELAT', x'76A0DCFA90366E4AAF9EF1CD68E8C7E8');
INSERT INTO REF_TERM_TBL (REF_TERM_ID, CS_ID, MNEMONIC, CRT_PROV_ID)  VALUES(x'E4758AEB9230D94C9394805F8AA9D51D',x'473B820215C366438883442E646D34BE','ADPPPPELCT', x'76A0DCFA90366E4AAF9EF1CD68E8C7E8');
INSERT INTO REF_TERM_TBL (REF_TERM_ID, CS_ID, MNEMONIC, CRT_PROV_ID)  VALUES(x'E7C7DDB74C514C4F90C96EDD65628612',x'473B820215C366438883442E646D34BE','ADPPPPMNAT', x'76A0DCFA90366E4AAF9EF1CD68E8C7E8');
INSERT INTO REF_TERM_TBL (REF_TERM_ID, CS_ID, MNEMONIC, CRT_PROV_ID)  VALUES(x'095E3F1CE9CCF84AACEF3F6AEBE6CF34',x'473B820215C366438883442E646D34BE','ADPPPPMNCT', x'76A0DCFA90366E4AAF9EF1CD68E8C7E8');
INSERT INTO REF_TERM_TBL (REF_TERM_ID, CS_ID, MNEMONIC, CRT_PROV_ID)  VALUES(x'DEB4E2A8FD576D48B808D4E4808BA20D',x'473B820215C366438883442E646D34BE','ADPPSPELAT', x'76A0DCFA90366E4AAF9EF1CD68E8C7E8');
INSERT INTO REF_TERM_TBL (REF_TERM_ID, CS_ID, MNEMONIC, CRT_PROV_ID)  VALUES(x'EB7FD510C4DAAF4DBEAC08B86F8EE700',x'473B820215C366438883442E646D34BE','ADPPSPELCT', x'76A0DCFA90366E4AAF9EF1CD68E8C7E8');
INSERT INTO REF_TERM_TBL (REF_TERM_ID, CS_ID, MNEMONIC, CRT_PROV_ID)  VALUES(x'6A75D471638CEA40858161DBA54AA484',x'473B820215C366438883442E646D34BE','ADPPSPMNAT', x'76A0DCFA90366E4AAF9EF1CD68E8C7E8');
INSERT INTO REF_TERM_TBL (REF_TERM_ID, CS_ID, MNEMONIC, CRT_PROV_ID)  VALUES(x'F9A41E8A10F7244B82101BCEA5815330',x'473B820215C366438883442E646D34BE','ADPPSPMNCT', x'76A0DCFA90366E4AAF9EF1CD68E8C7E8');
INSERT INTO REF_TERM_TBL (REF_TERM_ID, CS_ID, MNEMONIC, CRT_PROV_ID)  VALUES(x'DC84F2263520BB4EAED88D531054CAE9',x'473B820215C366438883442E646D34BE','ADRFPPELAT', x'76A0DCFA90366E4AAF9EF1CD68E8C7E8');
INSERT INTO REF_TERM_TBL (REF_TERM_ID, CS_ID, MNEMONIC, CRT_PROV_ID)  VALUES(x'C46AB18558CD3A4A89E62017B18783DF',x'473B820215C366438883442E646D34BE','ADRFPPELCT', x'76A0DCFA90366E4AAF9EF1CD68E8C7E8');
INSERT INTO REF_TERM_TBL (REF_TERM_ID, CS_ID, MNEMONIC, CRT_PROV_ID)  VALUES(x'6FE7E38E2CEC464BB8CE5C2D1BE58FBF',x'473B820215C366438883442E646D34BE','ADRFPPMNAT', x'76A0DCFA90366E4AAF9EF1CD68E8C7E8');
INSERT INTO REF_TERM_TBL (REF_TERM_ID, CS_ID, MNEMONIC, CRT_PROV_ID)  VALUES(x'4CFE240F7A1E914A95CE9BE09638C2A5',x'473B820215C366438883442E646D34BE','ADRFPPMNCT', x'76A0DCFA90366E4AAF9EF1CD68E8C7E8');
INSERT INTO REF_TERM_TBL (REF_TERM_ID, CS_ID, MNEMONIC, CRT_PROV_ID)  VALUES(x'D07FAB167D676642AB10B33C24F43E19',x'473B820215C366438883442E646D34BE','ADRFSPELAT', x'76A0DCFA90366E4AAF9EF1CD68E8C7E8');
INSERT INTO REF_TERM_TBL (REF_TERM_ID, CS_ID, MNEMONIC, CRT_PROV_ID)  VALUES(x'2467FD0D1163BE4AB87653DAA2275AC1',x'473B820215C366438883442E646D34BE','ADRFSPELCT', x'76A0DCFA90366E4AAF9EF1CD68E8C7E8');
INSERT INTO REF_TERM_TBL (REF_TERM_ID, CS_ID, MNEMONIC, CRT_PROV_ID)  VALUES(x'4A8C95EB4233FC4183DB1916AE8D870E',x'473B820215C366438883442E646D34BE','ADRFSPMNAT', x'76A0DCFA90366E4AAF9EF1CD68E8C7E8');
INSERT INTO REF_TERM_TBL (REF_TERM_ID, CS_ID, MNEMONIC, CRT_PROV_ID)  VALUES(x'8D506880BC9EBF45A5353D31952E0EE9',x'473B820215C366438883442E646D34BE','ADRFSPMNCT', x'76A0DCFA90366E4AAF9EF1CD68E8C7E8');
INSERT INTO REF_TERM_TBL (REF_TERM_ID, CS_ID, MNEMONIC, CRT_PROV_ID)  VALUES(x'E9E36922C7B96D439A6DC0EE4FE0A4FF',x'473B820215C366438883442E646D34BE','PDNFPPELAT', x'76A0DCFA90366E4AAF9EF1CD68E8C7E8');
INSERT INTO REF_TERM_TBL (REF_TERM_ID, CS_ID, MNEMONIC, CRT_PROV_ID)  VALUES(x'9889A7183FBFEC43843712CFC3132972',x'473B820215C366438883442E646D34BE','PDNFPPELCT', x'76A0DCFA90366E4AAF9EF1CD68E8C7E8');
INSERT INTO REF_TERM_TBL (REF_TERM_ID, CS_ID, MNEMONIC, CRT_PROV_ID)  VALUES(x'CBDCEA30DAE3394287E8CEE633CCAF61',x'473B820215C366438883442E646D34BE','PDNFPPMNAT', x'76A0DCFA90366E4AAF9EF1CD68E8C7E8');
INSERT INTO REF_TERM_TBL (REF_TERM_ID, CS_ID, MNEMONIC, CRT_PROV_ID)  VALUES(x'67A40CEE425D5D48995225A20DF854F4',x'473B820215C366438883442E646D34BE','PDNFPPMNCT', x'76A0DCFA90366E4AAF9EF1CD68E8C7E8');
INSERT INTO REF_TERM_TBL (REF_TERM_ID, CS_ID, MNEMONIC, CRT_PROV_ID)  VALUES(x'6845D3B14E5B744F9B4CF7463E229C47',x'473B820215C366438883442E646D34BE','PDNFSPELAT', x'76A0DCFA90366E4AAF9EF1CD68E8C7E8');
INSERT INTO REF_TERM_TBL (REF_TERM_ID, CS_ID, MNEMONIC, CRT_PROV_ID)  VALUES(x'DC4BB22146ECB34BAAE544BE6E3A748C',x'473B820215C366438883442E646D34BE','PDNFSPELCT', x'76A0DCFA90366E4AAF9EF1CD68E8C7E8');
INSERT INTO REF_TERM_TBL (REF_TERM_ID, CS_ID, MNEMONIC, CRT_PROV_ID)  VALUES(x'9FF21580B6A0C5439C78DFA4CF416CBB',x'473B820215C366438883442E646D34BE','PDNFSPMNAT', x'76A0DCFA90366E4AAF9EF1CD68E8C7E8');
INSERT INTO REF_TERM_TBL (REF_TERM_ID, CS_ID, MNEMONIC, CRT_PROV_ID)  VALUES(x'25D706633180FC408E140B5A01030B6D',x'473B820215C366438883442E646D34BE','PDNFSPMNCT', x'76A0DCFA90366E4AAF9EF1CD68E8C7E8');
INSERT INTO REF_TERM_TBL (REF_TERM_ID, CS_ID, MNEMONIC, CRT_PROV_ID)  VALUES(x'668912466BBE0B4782990E7CD67DCA06',x'473B820215C366438883442E646D34BE','PDNPPPELAT', x'76A0DCFA90366E4AAF9EF1CD68E8C7E8');
INSERT INTO REF_TERM_TBL (REF_TERM_ID, CS_ID, MNEMONIC, CRT_PROV_ID)  VALUES(x'2AF06813F4C27541AA48A3806ECA662C',x'473B820215C366438883442E646D34BE','PDNPPPELCT', x'76A0DCFA90366E4AAF9EF1CD68E8C7E8');
INSERT INTO REF_TERM_TBL (REF_TERM_ID, CS_ID, MNEMONIC, CRT_PROV_ID)  VALUES(x'81E918AE7A25A14481A46E15B240BD96',x'473B820215C366438883442E646D34BE','PDNPPPMNAT', x'76A0DCFA90366E4AAF9EF1CD68E8C7E8');
INSERT INTO REF_TERM_TBL (REF_TERM_ID, CS_ID, MNEMONIC, CRT_PROV_ID)  VALUES(x'4D3DB7B7E7606846B0E231B547A8E3FF',x'473B820215C366438883442E646D34BE','PDNPPPMNCT', x'76A0DCFA90366E4AAF9EF1CD68E8C7E8');
INSERT INTO REF_TERM_TBL (REF_TERM_ID, CS_ID, MNEMONIC, CRT_PROV_ID)  VALUES(x'87CBB6AC97E29A489F0A8E71DFA8E06B',x'473B820215C366438883442E646D34BE','PDNPSPELAT', x'76A0DCFA90366E4AAF9EF1CD68E8C7E8');
INSERT INTO REF_TERM_TBL (REF_TERM_ID, CS_ID, MNEMONIC, CRT_PROV_ID)  VALUES(x'E40EB8A562DBDC45B61DFC56BBD66F85',x'473B820215C366438883442E646D34BE','PDNPSPELCT', x'76A0DCFA90366E4AAF9EF1CD68E8C7E8');
INSERT INTO REF_TERM_TBL (REF_TERM_ID, CS_ID, MNEMONIC, CRT_PROV_ID)  VALUES(x'ADD1B3107BC72242BAE712C846AFC462',x'473B820215C366438883442E646D34BE','PDNPSPMNAT', x'76A0DCFA90366E4AAF9EF1CD68E8C7E8');
INSERT INTO REF_TERM_TBL (REF_TERM_ID, CS_ID, MNEMONIC, CRT_PROV_ID)  VALUES(x'846976ED5FB91248AFFA66BFD47CE023',x'473B820215C366438883442E646D34BE','PDNPSPMNCT', x'76A0DCFA90366E4AAF9EF1CD68E8C7E8');
INSERT INTO REF_TERM_TBL (REF_TERM_ID, CS_ID, MNEMONIC, CRT_PROV_ID)  VALUES(x'F88836E2B20E5C4E84A98DB838301574',x'473B820215C366438883442E646D34BE','PDPPPPELAT', x'76A0DCFA90366E4AAF9EF1CD68E8C7E8');
INSERT INTO REF_TERM_TBL (REF_TERM_ID, CS_ID, MNEMONIC, CRT_PROV_ID)  VALUES(x'4AB9534E1292C54BA341914AD879C6EE',x'473B820215C366438883442E646D34BE','PDPPPPELCT', x'76A0DCFA90366E4AAF9EF1CD68E8C7E8');
INSERT INTO REF_TERM_TBL (REF_TERM_ID, CS_ID, MNEMONIC, CRT_PROV_ID)  VALUES(x'8469F7F578B6164381F957CF7E857453',x'473B820215C366438883442E646D34BE','PDPPPPMNAT', x'76A0DCFA90366E4AAF9EF1CD68E8C7E8');
INSERT INTO REF_TERM_TBL (REF_TERM_ID, CS_ID, MNEMONIC, CRT_PROV_ID)  VALUES(x'A33F5693F2D148428B9E6362BF49F6DC',x'473B820215C366438883442E646D34BE','PDPPPPMNCT', x'76A0DCFA90366E4AAF9EF1CD68E8C7E8');
INSERT INTO REF_TERM_TBL (REF_TERM_ID, CS_ID, MNEMONIC, CRT_PROV_ID)  VALUES(x'3BDC085BE69E2F45BF934C6BFD17B1EA',x'473B820215C366438883442E646D34BE','PDPPSPELAT', x'76A0DCFA90366E4AAF9EF1CD68E8C7E8');
INSERT INTO REF_TERM_TBL (REF_TERM_ID, CS_ID, MNEMONIC, CRT_PROV_ID)  VALUES(x'C95C0918629EB849B96AAF5A063935A6',x'473B820215C366438883442E646D34BE','PDPPSPELCT', x'76A0DCFA90366E4AAF9EF1CD68E8C7E8');
INSERT INTO REF_TERM_TBL (REF_TERM_ID, CS_ID, MNEMONIC, CRT_PROV_ID)  VALUES(x'E2AED8E1D4626E41983F81E006198CD3',x'473B820215C366438883442E646D34BE','PDPPSPMNAT', x'76A0DCFA90366E4AAF9EF1CD68E8C7E8');
INSERT INTO REF_TERM_TBL (REF_TERM_ID, CS_ID, MNEMONIC, CRT_PROV_ID)  VALUES(x'545C7E93184B0B4EAAA906E97260B96C',x'473B820215C366438883442E646D34BE','PDPPSPMNCT', x'76A0DCFA90366E4AAF9EF1CD68E8C7E8');
INSERT INTO REF_TERM_TBL (REF_TERM_ID, CS_ID, MNEMONIC, CRT_PROV_ID)  VALUES(x'8FCDAAA3B63955448F1C5232DE05AB56',x'473B820215C366438883442E646D34BE','SBBLELAT', x'76A0DCFA90366E4AAF9EF1CD68E8C7E8');
INSERT INTO REF_TERM_TBL (REF_TERM_ID, CS_ID, MNEMONIC, CRT_PROV_ID)  VALUES(x'71E166F70DAC294ABA7DD6B308E214DE',x'473B820215C366438883442E646D34BE','SBBLELCT', x'76A0DCFA90366E4AAF9EF1CD68E8C7E8');
INSERT INTO REF_TERM_TBL (REF_TERM_ID, CS_ID, MNEMONIC, CRT_PROV_ID)  VALUES(x'8AF1B0BE37567549BF9CAECD89E7813D',x'473B820215C366438883442E646D34BE','SBNFELAT', x'76A0DCFA90366E4AAF9EF1CD68E8C7E8');
INSERT INTO REF_TERM_TBL (REF_TERM_ID, CS_ID, MNEMONIC, CRT_PROV_ID)  VALUES(x'384B1B379F070E4ABC6E8239C84CADFC',x'473B820215C366438883442E646D34BE','SBNFELCT', x'76A0DCFA90366E4AAF9EF1CD68E8C7E8');
INSERT INTO REF_TERM_TBL (REF_TERM_ID, CS_ID, MNEMONIC, CRT_PROV_ID)  VALUES(x'3C2BE8D51E845840A6135A04B111B3A1',x'473B820215C366438883442E646D34BE','SBPDELAT', x'76A0DCFA90366E4AAF9EF1CD68E8C7E8');
INSERT INTO REF_TERM_TBL (REF_TERM_ID, CS_ID, MNEMONIC, CRT_PROV_ID)  VALUES(x'D55A9ABDEB5E3545B98B57529C53E9F3',x'473B820215C366438883442E646D34BE','SBPDELCT', x'76A0DCFA90366E4AAF9EF1CD68E8C7E8');
INSERT INTO REF_TERM_TBL (REF_TERM_ID, CS_ID, MNEMONIC, CRT_PROV_ID)  VALUES(x'7779D80F71C39A4080293392ADF03AD0',x'473B820215C366438883442E646D34BE','CPINV', x'76A0DCFA90366E4AAF9EF1CD68E8C7E8');
INSERT INTO REF_TERM_TBL (REF_TERM_ID, CS_ID, MNEMONIC, CRT_PROV_ID)  VALUES(x'31B906AB7EB42B4BBD6B7D02C7D7C836',x'473B820215C366438883442E646D34BE','CPNDDRGING', x'76A0DCFA90366E4AAF9EF1CD68E8C7E8');
INSERT INTO REF_TERM_TBL (REF_TERM_ID, CS_ID, MNEMONIC, CRT_PROV_ID)  VALUES(x'231288614FB2654CBC766EC3D7EFDB78',x'473B820215C366438883442E646D34BE','CPNDINDING', x'76A0DCFA90366E4AAF9EF1CD68E8C7E8');
INSERT INTO REF_TERM_TBL (REF_TERM_ID, CS_ID, MNEMONIC, CRT_PROV_ID)  VALUES(x'6BE8B9D2F1143B4AAAB7005F1E3A3392',x'473B820215C366438883442E646D34BE','CPNDSUPING', x'76A0DCFA90366E4AAF9EF1CD68E8C7E8');
INSERT INTO REF_TERM_TBL (REF_TERM_ID, CS_ID, MNEMONIC, CRT_PROV_ID)  VALUES(x'80F482D55EA70D4A9E07753C9F6571A8',x'473B820215C366438883442E646D34BE','CSINV', x'76A0DCFA90366E4AAF9EF1CD68E8C7E8');
INSERT INTO REF_TERM_TBL (REF_TERM_ID, CS_ID, MNEMONIC, CRT_PROV_ID)  VALUES(x'9966E9D48817AF41ACA345EE0C005AB4',x'473B820215C366438883442E646D34BE','CSPINV', x'76A0DCFA90366E4AAF9EF1CD68E8C7E8');
INSERT INTO REF_TERM_TBL (REF_TERM_ID, CS_ID, MNEMONIC, CRT_PROV_ID)  VALUES(x'F5BB843E64DDEE41951D56A4CF89E967',x'473B820215C366438883442E646D34BE','DRUGING', x'76A0DCFA90366E4AAF9EF1CD68E8C7E8');
INSERT INTO REF_TERM_TBL (REF_TERM_ID, CS_ID, MNEMONIC, CRT_PROV_ID)  VALUES(x'A8E335AD7E33A344B4E5DADBDB292BCA',x'473B820215C366438883442E646D34BE','FININV', x'76A0DCFA90366E4AAF9EF1CD68E8C7E8');
INSERT INTO REF_TERM_TBL (REF_TERM_ID, CS_ID, MNEMONIC, CRT_PROV_ID)  VALUES(x'F4DC80CBA04D6347BCB8F57AA2C5538C',x'473B820215C366438883442E646D34BE','FRAMEING', x'76A0DCFA90366E4AAF9EF1CD68E8C7E8');
INSERT INTO REF_TERM_TBL (REF_TERM_ID, CS_ID, MNEMONIC, CRT_PROV_ID)  VALUES(x'22D3E0BB31A1FA4A8150D9EF9ED41D1F',x'473B820215C366438883442E646D34BE','LENSING', x'76A0DCFA90366E4AAF9EF1CD68E8C7E8');
INSERT INTO REF_TERM_TBL (REF_TERM_ID, CS_ID, MNEMONIC, CRT_PROV_ID)  VALUES(x'93FF0B3BECFC2741A6320FC760C9834D',x'473B820215C366438883442E646D34BE','OHSINV', x'76A0DCFA90366E4AAF9EF1CD68E8C7E8');
INSERT INTO REF_TERM_TBL (REF_TERM_ID, CS_ID, MNEMONIC, CRT_PROV_ID)  VALUES(x'BB83DCDCE3B20349B84ED47CA04F4EA2',x'473B820215C366438883442E646D34BE','PAINV', x'76A0DCFA90366E4AAF9EF1CD68E8C7E8');
INSERT INTO REF_TERM_TBL (REF_TERM_ID, CS_ID, MNEMONIC, CRT_PROV_ID)  VALUES(x'B72E4CA9B7885C41B4A8AC5702FECC33',x'473B820215C366438883442E646D34BE','PRDING', x'76A0DCFA90366E4AAF9EF1CD68E8C7E8');
INSERT INTO REF_TERM_TBL (REF_TERM_ID, CS_ID, MNEMONIC, CRT_PROV_ID)  VALUES(x'49775108D366EE4999FE17B64FE60AC7',x'473B820215C366438883442E646D34BE','RXCINV', x'76A0DCFA90366E4AAF9EF1CD68E8C7E8');
INSERT INTO REF_TERM_TBL (REF_TERM_ID, CS_ID, MNEMONIC, CRT_PROV_ID)  VALUES(x'52C15339CAD87543ADD6F76F9F12E683',x'473B820215C366438883442E646D34BE','RXDINV', x'76A0DCFA90366E4AAF9EF1CD68E8C7E8');
INSERT INTO REF_TERM_TBL (REF_TERM_ID, CS_ID, MNEMONIC, CRT_PROV_ID)  VALUES(x'79F5DAD666D3EF40ADAD21887F9EBAD3',x'473B820215C366438883442E646D34BE','SBFINV', x'76A0DCFA90366E4AAF9EF1CD68E8C7E8');
INSERT INTO REF_TERM_TBL (REF_TERM_ID, CS_ID, MNEMONIC, CRT_PROV_ID)  VALUES(x'55D67FD7DCF46449BF52AAA7DB116CB4',x'473B820215C366438883442E646D34BE','VRXINV', x'76A0DCFA90366E4AAF9EF1CD68E8C7E8');
INSERT INTO REF_TERM_TBL (REF_TERM_ID, CS_ID, MNEMONIC, CRT_PROV_ID)  VALUES(x'1911DE26D2D2F149B7B62329FF23D49E',x'473B820215C366438883442E646D34BE','BOOSTER', x'76A0DCFA90366E4AAF9EF1CD68E8C7E8');
INSERT INTO REF_TERM_TBL (REF_TERM_ID, CS_ID, MNEMONIC, CRT_PROV_ID)  VALUES(x'9736E551EB64C74CA548CF603881046A',x'473B820215C366438883442E646D34BE','DRUG', x'76A0DCFA90366E4AAF9EF1CD68E8C7E8');
INSERT INTO REF_TERM_TBL (REF_TERM_ID, CS_ID, MNEMONIC, CRT_PROV_ID)  VALUES(x'19CECC8AE3D2494F986EEB2E2D7785A2',x'473B820215C366438883442E646D34BE','IMMUNIZ', x'76A0DCFA90366E4AAF9EF1CD68E8C7E8');
INSERT INTO REF_TERM_TBL (REF_TERM_ID, CS_ID, MNEMONIC, CRT_PROV_ID)  VALUES(x'CC4F5F194EEE3241BA6D222FB86CF4E7',x'473B820215C366438883442E646D34BE','INITIMMUNIZ', x'76A0DCFA90366E4AAF9EF1CD68E8C7E8');
INSERT INTO REF_TERM_TBL (REF_TERM_ID, CS_ID, MNEMONIC, CRT_PROV_ID)  VALUES(x'842E83BC1F49FA41A53A46770CD2697D',x'39713A7A3EB9994ABD54749E30FE712A','F', x'76A0DCFA90366E4AAF9EF1CD68E8C7E8');
INSERT INTO REF_TERM_TBL (REF_TERM_ID, CS_ID, MNEMONIC, CRT_PROV_ID)  VALUES(x'7DAE5A50F6160046917289E0CA36A3C1',x'39713A7A3EB9994ABD54749E30FE712A','M', x'76A0DCFA90366E4AAF9EF1CD68E8C7E8');
INSERT INTO REF_TERM_TBL (REF_TERM_ID, CS_ID, MNEMONIC, CRT_PROV_ID)  VALUES(x'A751E8D67E2D634C81DCEFEF7D12E9A1',x'39713A7A3EB9994ABD54749E30FE712A','UN', x'76A0DCFA90366E4AAF9EF1CD68E8C7E8');
INSERT INTO REF_TERM_TBL (REF_TERM_ID, CS_ID, MNEMONIC, CRT_PROV_ID)  VALUES(x'81DA55FE44DFC743AA189283FFC38362',x'FE18479AF4435B4B99971D1FAE894BB9','AUNT', x'76A0DCFA90366E4AAF9EF1CD68E8C7E8');
INSERT INTO REF_TERM_TBL (REF_TERM_ID, CS_ID, MNEMONIC, CRT_PROV_ID)  VALUES(x'1A2B38D8202C484098C036CCA22DB74B',x'FE18479AF4435B4B99971D1FAE894BB9','BRO', x'76A0DCFA90366E4AAF9EF1CD68E8C7E8');
INSERT INTO REF_TERM_TBL (REF_TERM_ID, CS_ID, MNEMONIC, CRT_PROV_ID)  VALUES(x'77F9352A360A8C468EDCF8A742450170',x'FE18479AF4435B4B99971D1FAE894BB9','BROINLAW', x'76A0DCFA90366E4AAF9EF1CD68E8C7E8');
INSERT INTO REF_TERM_TBL (REF_TERM_ID, CS_ID, MNEMONIC, CRT_PROV_ID)  VALUES(x'0CE9AF6152D7CF42A8D05A928C97B38C',x'FE18479AF4435B4B99971D1FAE894BB9','CHILD', x'76A0DCFA90366E4AAF9EF1CD68E8C7E8');
INSERT INTO REF_TERM_TBL (REF_TERM_ID, CS_ID, MNEMONIC, CRT_PROV_ID)  VALUES(x'0D07E7B1884BFD45BCCCEFF7316C15D9',x'FE18479AF4435B4B99971D1FAE894BB9','CHLDADOPT', x'76A0DCFA90366E4AAF9EF1CD68E8C7E8');
INSERT INTO REF_TERM_TBL (REF_TERM_ID, CS_ID, MNEMONIC, CRT_PROV_ID)  VALUES(x'62A7635F93479D4F826E87612A6A2BBE',x'FE18479AF4435B4B99971D1FAE894BB9','CHLDFOST', x'76A0DCFA90366E4AAF9EF1CD68E8C7E8');
INSERT INTO REF_TERM_TBL (REF_TERM_ID, CS_ID, MNEMONIC, CRT_PROV_ID)  VALUES(x'6D8D74A39CCC8646ACBAA0946E758AB5',x'FE18479AF4435B4B99971D1FAE894BB9','CHLDINLAW', x'76A0DCFA90366E4AAF9EF1CD68E8C7E8');
INSERT INTO REF_TERM_TBL (REF_TERM_ID, CS_ID, MNEMONIC, CRT_PROV_ID)  VALUES(x'66974A35E5C87A4BBD6C4440D9E9E389',x'FE18479AF4435B4B99971D1FAE894BB9','COUSN', x'76A0DCFA90366E4AAF9EF1CD68E8C7E8');
INSERT INTO REF_TERM_TBL (REF_TERM_ID, CS_ID, MNEMONIC, CRT_PROV_ID)  VALUES(x'6201CA402BC18B4597D6FBC386E6FCC1',x'FE18479AF4435B4B99971D1FAE894BB9','DAU', x'76A0DCFA90366E4AAF9EF1CD68E8C7E8');
INSERT INTO REF_TERM_TBL (REF_TERM_ID, CS_ID, MNEMONIC, CRT_PROV_ID)  VALUES(x'0F0793118C3D264B9D7D8EF3D69CEB92',x'FE18479AF4435B4B99971D1FAE894BB9','DAUADOPT', x'76A0DCFA90366E4AAF9EF1CD68E8C7E8');
INSERT INTO REF_TERM_TBL (REF_TERM_ID, CS_ID, MNEMONIC, CRT_PROV_ID)  VALUES(x'0F7122E19FE3EC40BE486972B1356046',x'FE18479AF4435B4B99971D1FAE894BB9','DAUC', x'76A0DCFA90366E4AAF9EF1CD68E8C7E8');
INSERT INTO REF_TERM_TBL (REF_TERM_ID, CS_ID, MNEMONIC, CRT_PROV_ID)  VALUES(x'E0AEDC337614794C80A496A6E6F720E3',x'FE18479AF4435B4B99971D1FAE894BB9','DAUFOST', x'76A0DCFA90366E4AAF9EF1CD68E8C7E8');
INSERT INTO REF_TERM_TBL (REF_TERM_ID, CS_ID, MNEMONIC, CRT_PROV_ID)  VALUES(x'846CCA93D53E554CAFCD8BDB1B7689E7',x'FE18479AF4435B4B99971D1FAE894BB9','DAUINLAW', x'76A0DCFA90366E4AAF9EF1CD68E8C7E8');
INSERT INTO REF_TERM_TBL (REF_TERM_ID, CS_ID, MNEMONIC, CRT_PROV_ID)  VALUES(x'FC35A5D863E46445A4FE9AE7A94DDDBE',x'FE18479AF4435B4B99971D1FAE894BB9','DOMPART', x'76A0DCFA90366E4AAF9EF1CD68E8C7E8');
INSERT INTO REF_TERM_TBL (REF_TERM_ID, CS_ID, MNEMONIC, CRT_PROV_ID)  VALUES(x'C0CC3543E40C7645934FE9EB1377E726',x'FE18479AF4435B4B99971D1FAE894BB9','FAMMEMB', x'76A0DCFA90366E4AAF9EF1CD68E8C7E8');
INSERT INTO REF_TERM_TBL (REF_TERM_ID, CS_ID, MNEMONIC, CRT_PROV_ID)  VALUES(x'84009C870AA3554EB3EB9CDB302CAAD3',x'FE18479AF4435B4B99971D1FAE894BB9','FTH', x'76A0DCFA90366E4AAF9EF1CD68E8C7E8');
INSERT INTO REF_TERM_TBL (REF_TERM_ID, CS_ID, MNEMONIC, CRT_PROV_ID)  VALUES(x'838483B8C7DC434EA6E563823B37D5DA',x'FE18479AF4435B4B99971D1FAE894BB9','FTHINLAW', x'76A0DCFA90366E4AAF9EF1CD68E8C7E8');
INSERT INTO REF_TERM_TBL (REF_TERM_ID, CS_ID, MNEMONIC, CRT_PROV_ID)  VALUES(x'3BA1C630B09F864984D68AFFF8FE4E02',x'FE18479AF4435B4B99971D1FAE894BB9','GGRFTH', x'76A0DCFA90366E4AAF9EF1CD68E8C7E8');
INSERT INTO REF_TERM_TBL (REF_TERM_ID, CS_ID, MNEMONIC, CRT_PROV_ID)  VALUES(x'7E00B8E1652E0245A5B8B0D8E6242147',x'FE18479AF4435B4B99971D1FAE894BB9','GGRMTH', x'76A0DCFA90366E4AAF9EF1CD68E8C7E8');
INSERT INTO REF_TERM_TBL (REF_TERM_ID, CS_ID, MNEMONIC, CRT_PROV_ID)  VALUES(x'7F82FAF0E19D99419F4DE90D69B3F24F',x'FE18479AF4435B4B99971D1FAE894BB9','GGRPRN', x'76A0DCFA90366E4AAF9EF1CD68E8C7E8');
INSERT INTO REF_TERM_TBL (REF_TERM_ID, CS_ID, MNEMONIC, CRT_PROV_ID)  VALUES(x'B2613E47F683144189C6D556846E45DA',x'FE18479AF4435B4B99971D1FAE894BB9','GRFTH', x'76A0DCFA90366E4AAF9EF1CD68E8C7E8');
INSERT INTO REF_TERM_TBL (REF_TERM_ID, CS_ID, MNEMONIC, CRT_PROV_ID)  VALUES(x'66C259C48F6E3349B39CD55450F32341',x'FE18479AF4435B4B99971D1FAE894BB9','GRMTH', x'76A0DCFA90366E4AAF9EF1CD68E8C7E8');
INSERT INTO REF_TERM_TBL (REF_TERM_ID, CS_ID, MNEMONIC, CRT_PROV_ID)  VALUES(x'5CDF43E0D9B5B644BD4CD4901ACCB63C',x'FE18479AF4435B4B99971D1FAE894BB9','GRNDCHILD', x'76A0DCFA90366E4AAF9EF1CD68E8C7E8');
INSERT INTO REF_TERM_TBL (REF_TERM_ID, CS_ID, MNEMONIC, CRT_PROV_ID)  VALUES(x'F8D6E1AE8E87094288DF4E06D8A453A4',x'FE18479AF4435B4B99971D1FAE894BB9','GRNDDAU', x'76A0DCFA90366E4AAF9EF1CD68E8C7E8');
INSERT INTO REF_TERM_TBL (REF_TERM_ID, CS_ID, MNEMONIC, CRT_PROV_ID)  VALUES(x'7B9254357E35CC4180341D25CCAF1F9C',x'FE18479AF4435B4B99971D1FAE894BB9','GRNDSON', x'76A0DCFA90366E4AAF9EF1CD68E8C7E8');
INSERT INTO REF_TERM_TBL (REF_TERM_ID, CS_ID, MNEMONIC, CRT_PROV_ID)  VALUES(x'4963F7E7535945498A6291781C612367',x'FE18479AF4435B4B99971D1FAE894BB9','GRPRN', x'76A0DCFA90366E4AAF9EF1CD68E8C7E8');
INSERT INTO REF_TERM_TBL (REF_TERM_ID, CS_ID, MNEMONIC, CRT_PROV_ID)  VALUES(x'8F6E0C11C6A795468A3CFB100B116920',x'FE18479AF4435B4B99971D1FAE894BB9','HBRO', x'76A0DCFA90366E4AAF9EF1CD68E8C7E8');
INSERT INTO REF_TERM_TBL (REF_TERM_ID, CS_ID, MNEMONIC, CRT_PROV_ID)  VALUES(x'D04E5C8277C8EB4BB679A5968B81E29F',x'FE18479AF4435B4B99971D1FAE894BB9','HSIB', x'76A0DCFA90366E4AAF9EF1CD68E8C7E8');
INSERT INTO REF_TERM_TBL (REF_TERM_ID, CS_ID, MNEMONIC, CRT_PROV_ID)  VALUES(x'BD73583C1490394290624C2C1C3E852E',x'FE18479AF4435B4B99971D1FAE894BB9','HSIS', x'76A0DCFA90366E4AAF9EF1CD68E8C7E8');
INSERT INTO REF_TERM_TBL (REF_TERM_ID, CS_ID, MNEMONIC, CRT_PROV_ID)  VALUES(x'0A3951C8AE50374A8ECF6938B31D1620',x'FE18479AF4435B4B99971D1FAE894BB9','HUSB', x'76A0DCFA90366E4AAF9EF1CD68E8C7E8');
INSERT INTO REF_TERM_TBL (REF_TERM_ID, CS_ID, MNEMONIC, CRT_PROV_ID)  VALUES(x'7B93278FC1754943B641E7D08B064A0E',x'FE18479AF4435B4B99971D1FAE894BB9','MAUNT', x'76A0DCFA90366E4AAF9EF1CD68E8C7E8');
INSERT INTO REF_TERM_TBL (REF_TERM_ID, CS_ID, MNEMONIC, CRT_PROV_ID)  VALUES(x'20506F4373049645AA081EF19BEDB905',x'FE18479AF4435B4B99971D1FAE894BB9','MCOUSN', x'76A0DCFA90366E4AAF9EF1CD68E8C7E8');
INSERT INTO REF_TERM_TBL (REF_TERM_ID, CS_ID, MNEMONIC, CRT_PROV_ID)  VALUES(x'51FDEE55820A8F41A3DD80E1282313D2',x'FE18479AF4435B4B99971D1FAE894BB9','MGGRFTH', x'76A0DCFA90366E4AAF9EF1CD68E8C7E8');
INSERT INTO REF_TERM_TBL (REF_TERM_ID, CS_ID, MNEMONIC, CRT_PROV_ID)  VALUES(x'63975D99B1A0C54B90AA4656F3787116',x'FE18479AF4435B4B99971D1FAE894BB9','MGGRMTH', x'76A0DCFA90366E4AAF9EF1CD68E8C7E8');
INSERT INTO REF_TERM_TBL (REF_TERM_ID, CS_ID, MNEMONIC, CRT_PROV_ID)  VALUES(x'69CBCC3DF5007A40B272640342C4F625',x'FE18479AF4435B4B99971D1FAE894BB9','MGGRPRN', x'76A0DCFA90366E4AAF9EF1CD68E8C7E8');
INSERT INTO REF_TERM_TBL (REF_TERM_ID, CS_ID, MNEMONIC, CRT_PROV_ID)  VALUES(x'CFD09AF9139A6D4388A8C98255272ED0',x'FE18479AF4435B4B99971D1FAE894BB9','MGRFTH', x'76A0DCFA90366E4AAF9EF1CD68E8C7E8');
INSERT INTO REF_TERM_TBL (REF_TERM_ID, CS_ID, MNEMONIC, CRT_PROV_ID)  VALUES(x'B72F15EA1812F04B87E45D88EC76F8A1',x'FE18479AF4435B4B99971D1FAE894BB9','MGRMTH', x'76A0DCFA90366E4AAF9EF1CD68E8C7E8');
INSERT INTO REF_TERM_TBL (REF_TERM_ID, CS_ID, MNEMONIC, CRT_PROV_ID)  VALUES(x'C7A91ECFC288374AB3D1FF54403AA9C9',x'FE18479AF4435B4B99971D1FAE894BB9','MGRPRN', x'76A0DCFA90366E4AAF9EF1CD68E8C7E8');
INSERT INTO REF_TERM_TBL (REF_TERM_ID, CS_ID, MNEMONIC, CRT_PROV_ID)  VALUES(x'561DE4EC15692443922CF85178DB8F65',x'FE18479AF4435B4B99971D1FAE894BB9','MTH', x'76A0DCFA90366E4AAF9EF1CD68E8C7E8');
INSERT INTO REF_TERM_TBL (REF_TERM_ID, CS_ID, MNEMONIC, CRT_PROV_ID)  VALUES(x'F6F197BA498A88478F544AA84BFC6139',x'FE18479AF4435B4B99971D1FAE894BB9','MTHINLAW', x'76A0DCFA90366E4AAF9EF1CD68E8C7E8');
INSERT INTO REF_TERM_TBL (REF_TERM_ID, CS_ID, MNEMONIC, CRT_PROV_ID)  VALUES(x'8050675F48C75046B4A14D798B324128',x'FE18479AF4435B4B99971D1FAE894BB9','MUNCLE', x'76A0DCFA90366E4AAF9EF1CD68E8C7E8');
INSERT INTO REF_TERM_TBL (REF_TERM_ID, CS_ID, MNEMONIC, CRT_PROV_ID)  VALUES(x'FFD4E5B3ABCD544A89DD3721539313C2',x'FE18479AF4435B4B99971D1FAE894BB9','NBRO', x'76A0DCFA90366E4AAF9EF1CD68E8C7E8');
INSERT INTO REF_TERM_TBL (REF_TERM_ID, CS_ID, MNEMONIC, CRT_PROV_ID)  VALUES(x'BB93A686F8F24A4FA522C06EB63EEC3C',x'FE18479AF4435B4B99971D1FAE894BB9','NCHILD', x'76A0DCFA90366E4AAF9EF1CD68E8C7E8');
INSERT INTO REF_TERM_TBL (REF_TERM_ID, CS_ID, MNEMONIC, CRT_PROV_ID)  VALUES(x'FB0228595B5C1945975B262454D669D5',x'FE18479AF4435B4B99971D1FAE894BB9','NEPHEW', x'76A0DCFA90366E4AAF9EF1CD68E8C7E8');
INSERT INTO REF_TERM_TBL (REF_TERM_ID, CS_ID, MNEMONIC, CRT_PROV_ID)  VALUES(x'42C2F1BF6797A643BEF028596435046C',x'FE18479AF4435B4B99971D1FAE894BB9','NFTH', x'76A0DCFA90366E4AAF9EF1CD68E8C7E8');
INSERT INTO REF_TERM_TBL (REF_TERM_ID, CS_ID, MNEMONIC, CRT_PROV_ID)  VALUES(x'D8C3670353349C4B958960DD4BA6AE09',x'FE18479AF4435B4B99971D1FAE894BB9','NFTHF', x'76A0DCFA90366E4AAF9EF1CD68E8C7E8');
INSERT INTO REF_TERM_TBL (REF_TERM_ID, CS_ID, MNEMONIC, CRT_PROV_ID)  VALUES(x'4C87A3D54581444B980B0C35A7E47AA5',x'FE18479AF4435B4B99971D1FAE894BB9','NIECE', x'76A0DCFA90366E4AAF9EF1CD68E8C7E8');
INSERT INTO REF_TERM_TBL (REF_TERM_ID, CS_ID, MNEMONIC, CRT_PROV_ID)  VALUES(x'98701A5BA53D7748880F935D2EF73E15',x'FE18479AF4435B4B99971D1FAE894BB9','NIENEPH', x'76A0DCFA90366E4AAF9EF1CD68E8C7E8');
INSERT INTO REF_TERM_TBL (REF_TERM_ID, CS_ID, MNEMONIC, CRT_PROV_ID)  VALUES(x'2A351AF14BCAB142B0DCC2F3C04C8E29',x'FE18479AF4435B4B99971D1FAE894BB9','NMTH', x'76A0DCFA90366E4AAF9EF1CD68E8C7E8');
INSERT INTO REF_TERM_TBL (REF_TERM_ID, CS_ID, MNEMONIC, CRT_PROV_ID)  VALUES(x'5F4CEC1B04EA98438A56C18425DE229E',x'FE18479AF4435B4B99971D1FAE894BB9','NPRN', x'76A0DCFA90366E4AAF9EF1CD68E8C7E8');
INSERT INTO REF_TERM_TBL (REF_TERM_ID, CS_ID, MNEMONIC, CRT_PROV_ID)  VALUES(x'59DD1992D4275B40953607097D5E7B8F',x'FE18479AF4435B4B99971D1FAE894BB9','NSIB', x'76A0DCFA90366E4AAF9EF1CD68E8C7E8');
INSERT INTO REF_TERM_TBL (REF_TERM_ID, CS_ID, MNEMONIC, CRT_PROV_ID)  VALUES(x'EC7733CEFEF669449C2D44E7A8B4FADD',x'FE18479AF4435B4B99971D1FAE894BB9','NSIS', x'76A0DCFA90366E4AAF9EF1CD68E8C7E8');
INSERT INTO REF_TERM_TBL (REF_TERM_ID, CS_ID, MNEMONIC, CRT_PROV_ID)  VALUES(x'2569A91FC92F8C4F8777D355550928DC',x'FE18479AF4435B4B99971D1FAE894BB9','PAUNT', x'76A0DCFA90366E4AAF9EF1CD68E8C7E8');
INSERT INTO REF_TERM_TBL (REF_TERM_ID, CS_ID, MNEMONIC, CRT_PROV_ID)  VALUES(x'119E8D975AEF5A4C835F7BAE6A1EB7FF',x'FE18479AF4435B4B99971D1FAE894BB9','PCOUSN', x'76A0DCFA90366E4AAF9EF1CD68E8C7E8');
INSERT INTO REF_TERM_TBL (REF_TERM_ID, CS_ID, MNEMONIC, CRT_PROV_ID)  VALUES(x'872D3497D919ED4F84CC98326864CCFE',x'FE18479AF4435B4B99971D1FAE894BB9','PGGRFTH', x'76A0DCFA90366E4AAF9EF1CD68E8C7E8');
INSERT INTO REF_TERM_TBL (REF_TERM_ID, CS_ID, MNEMONIC, CRT_PROV_ID)  VALUES(x'9C39F424904F014785F028CF4A46B141',x'FE18479AF4435B4B99971D1FAE894BB9','PGGRMTH', x'76A0DCFA90366E4AAF9EF1CD68E8C7E8');
INSERT INTO REF_TERM_TBL (REF_TERM_ID, CS_ID, MNEMONIC, CRT_PROV_ID)  VALUES(x'6D3CE0E93CA90A458BCBA09815E8BB11',x'FE18479AF4435B4B99971D1FAE894BB9','PGGRPRN', x'76A0DCFA90366E4AAF9EF1CD68E8C7E8');
INSERT INTO REF_TERM_TBL (REF_TERM_ID, CS_ID, MNEMONIC, CRT_PROV_ID)  VALUES(x'2B4AC8ED02E48F469D4E864A36B2C143',x'FE18479AF4435B4B99971D1FAE894BB9','PGRFTH', x'76A0DCFA90366E4AAF9EF1CD68E8C7E8');
INSERT INTO REF_TERM_TBL (REF_TERM_ID, CS_ID, MNEMONIC, CRT_PROV_ID)  VALUES(x'E5EF624F1922B244A34765748D36560D',x'FE18479AF4435B4B99971D1FAE894BB9','PGRMTH', x'76A0DCFA90366E4AAF9EF1CD68E8C7E8');
INSERT INTO REF_TERM_TBL (REF_TERM_ID, CS_ID, MNEMONIC, CRT_PROV_ID)  VALUES(x'7218B750F06F1A4C8902177CF765B264',x'FE18479AF4435B4B99971D1FAE894BB9','PGRPRN', x'76A0DCFA90366E4AAF9EF1CD68E8C7E8');
INSERT INTO REF_TERM_TBL (REF_TERM_ID, CS_ID, MNEMONIC, CRT_PROV_ID)  VALUES(x'602F0180D0295E43A2E8999E87C6D603',x'FE18479AF4435B4B99971D1FAE894BB9','PRN', x'76A0DCFA90366E4AAF9EF1CD68E8C7E8');
INSERT INTO REF_TERM_TBL (REF_TERM_ID, CS_ID, MNEMONIC, CRT_PROV_ID)  VALUES(x'203AE3A351003B4AA66CBF394CE77369',x'FE18479AF4435B4B99971D1FAE894BB9','PRNINLAW', x'76A0DCFA90366E4AAF9EF1CD68E8C7E8');
INSERT INTO REF_TERM_TBL (REF_TERM_ID, CS_ID, MNEMONIC, CRT_PROV_ID)  VALUES(x'5DBAE28925E1034A8369EACF75AA7741',x'FE18479AF4435B4B99971D1FAE894BB9','PUNCLE', x'76A0DCFA90366E4AAF9EF1CD68E8C7E8');
INSERT INTO REF_TERM_TBL (REF_TERM_ID, CS_ID, MNEMONIC, CRT_PROV_ID)  VALUES(x'52DD1FF8CB10154E82288DB4B4B612A2',x'FE18479AF4435B4B99971D1FAE894BB9','ROOM', x'76A0DCFA90366E4AAF9EF1CD68E8C7E8');
INSERT INTO REF_TERM_TBL (REF_TERM_ID, CS_ID, MNEMONIC, CRT_PROV_ID)  VALUES(x'A3568F036951F94EBE2EA1A439427F01',x'FE18479AF4435B4B99971D1FAE894BB9','SIB', x'76A0DCFA90366E4AAF9EF1CD68E8C7E8');
INSERT INTO REF_TERM_TBL (REF_TERM_ID, CS_ID, MNEMONIC, CRT_PROV_ID)  VALUES(x'56A330342F8DE14D9AEE921CF64E45FF',x'FE18479AF4435B4B99971D1FAE894BB9','SIBINLAW', x'76A0DCFA90366E4AAF9EF1CD68E8C7E8');
INSERT INTO REF_TERM_TBL (REF_TERM_ID, CS_ID, MNEMONIC, CRT_PROV_ID)  VALUES(x'A7834EC966A5B44FBFC5EF18434FC5D0',x'FE18479AF4435B4B99971D1FAE894BB9','SIGOTHR', x'76A0DCFA90366E4AAF9EF1CD68E8C7E8');
INSERT INTO REF_TERM_TBL (REF_TERM_ID, CS_ID, MNEMONIC, CRT_PROV_ID)  VALUES(x'D97DCC6257AFB74EA425667B631975A1',x'FE18479AF4435B4B99971D1FAE894BB9','SIS', x'76A0DCFA90366E4AAF9EF1CD68E8C7E8');
INSERT INTO REF_TERM_TBL (REF_TERM_ID, CS_ID, MNEMONIC, CRT_PROV_ID)  VALUES(x'4384DA23A494254DB76E5C02B380E081',x'FE18479AF4435B4B99971D1FAE894BB9','SISINLAW', x'76A0DCFA90366E4AAF9EF1CD68E8C7E8');
INSERT INTO REF_TERM_TBL (REF_TERM_ID, CS_ID, MNEMONIC, CRT_PROV_ID)  VALUES(x'5EF76BCA5B900248849CE4BE95FE97FC',x'FE18479AF4435B4B99971D1FAE894BB9','SON', x'76A0DCFA90366E4AAF9EF1CD68E8C7E8');
INSERT INTO REF_TERM_TBL (REF_TERM_ID, CS_ID, MNEMONIC, CRT_PROV_ID)  VALUES(x'56F50DA753DD034D941417A1AEEDF2DF',x'FE18479AF4435B4B99971D1FAE894BB9','SONADOPT', x'76A0DCFA90366E4AAF9EF1CD68E8C7E8');
INSERT INTO REF_TERM_TBL (REF_TERM_ID, CS_ID, MNEMONIC, CRT_PROV_ID)  VALUES(x'4D211F497FA45940A340ED7FC06D9920',x'FE18479AF4435B4B99971D1FAE894BB9','SONC', x'76A0DCFA90366E4AAF9EF1CD68E8C7E8');
INSERT INTO REF_TERM_TBL (REF_TERM_ID, CS_ID, MNEMONIC, CRT_PROV_ID)  VALUES(x'B90448BE4A030F4E91CABFC74988B41B',x'FE18479AF4435B4B99971D1FAE894BB9','SONFOST', x'76A0DCFA90366E4AAF9EF1CD68E8C7E8');
INSERT INTO REF_TERM_TBL (REF_TERM_ID, CS_ID, MNEMONIC, CRT_PROV_ID)  VALUES(x'50EF9B4A9B07E147B694A3614EA6F71F',x'FE18479AF4435B4B99971D1FAE894BB9','SONINLAW', x'76A0DCFA90366E4AAF9EF1CD68E8C7E8');
INSERT INTO REF_TERM_TBL (REF_TERM_ID, CS_ID, MNEMONIC, CRT_PROV_ID)  VALUES(x'7FF917F2C3BD0E43B5DE086C2C52DBD0',x'FE18479AF4435B4B99971D1FAE894BB9','SPS', x'76A0DCFA90366E4AAF9EF1CD68E8C7E8');
INSERT INTO REF_TERM_TBL (REF_TERM_ID, CS_ID, MNEMONIC, CRT_PROV_ID)  VALUES(x'39E8BEFACD47164F9A1CA6F66782FE0E',x'FE18479AF4435B4B99971D1FAE894BB9','STPBRO', x'76A0DCFA90366E4AAF9EF1CD68E8C7E8');
INSERT INTO REF_TERM_TBL (REF_TERM_ID, CS_ID, MNEMONIC, CRT_PROV_ID)  VALUES(x'AEEF914EEC950D4786B2A3A5202B651A',x'FE18479AF4435B4B99971D1FAE894BB9','STPCHLD', x'76A0DCFA90366E4AAF9EF1CD68E8C7E8');
INSERT INTO REF_TERM_TBL (REF_TERM_ID, CS_ID, MNEMONIC, CRT_PROV_ID)  VALUES(x'923C7E89B1EF9B468014ACA72B90ED3D',x'FE18479AF4435B4B99971D1FAE894BB9','STPDAU', x'76A0DCFA90366E4AAF9EF1CD68E8C7E8');
INSERT INTO REF_TERM_TBL (REF_TERM_ID, CS_ID, MNEMONIC, CRT_PROV_ID)  VALUES(x'10A95C162C6AA24FB5111D004DE75A7B',x'FE18479AF4435B4B99971D1FAE894BB9','STPFTH', x'76A0DCFA90366E4AAF9EF1CD68E8C7E8');
INSERT INTO REF_TERM_TBL (REF_TERM_ID, CS_ID, MNEMONIC, CRT_PROV_ID)  VALUES(x'3FB55A466B613142891548DDA5EE3F3B',x'FE18479AF4435B4B99971D1FAE894BB9','STPMTH', x'76A0DCFA90366E4AAF9EF1CD68E8C7E8');
INSERT INTO REF_TERM_TBL (REF_TERM_ID, CS_ID, MNEMONIC, CRT_PROV_ID)  VALUES(x'33B7683A35A62F49BC39558913C8B348',x'FE18479AF4435B4B99971D1FAE894BB9','STPPRN', x'76A0DCFA90366E4AAF9EF1CD68E8C7E8');
INSERT INTO REF_TERM_TBL (REF_TERM_ID, CS_ID, MNEMONIC, CRT_PROV_ID)  VALUES(x'0CDDD83BA1DC544EA40275193E75461D',x'FE18479AF4435B4B99971D1FAE894BB9','STPSIB', x'76A0DCFA90366E4AAF9EF1CD68E8C7E8');
INSERT INTO REF_TERM_TBL (REF_TERM_ID, CS_ID, MNEMONIC, CRT_PROV_ID)  VALUES(x'63B84F8C0C09A74EB315FAAFB1718A3E',x'FE18479AF4435B4B99971D1FAE894BB9','STPSIS', x'76A0DCFA90366E4AAF9EF1CD68E8C7E8');
INSERT INTO REF_TERM_TBL (REF_TERM_ID, CS_ID, MNEMONIC, CRT_PROV_ID)  VALUES(x'E5F888D3AB18D94391847DD3502093B9',x'FE18479AF4435B4B99971D1FAE894BB9','STPSON', x'76A0DCFA90366E4AAF9EF1CD68E8C7E8');
INSERT INTO REF_TERM_TBL (REF_TERM_ID, CS_ID, MNEMONIC, CRT_PROV_ID)  VALUES(x'2975FCB97DE48049A44181F0392EABCB',x'FE18479AF4435B4B99971D1FAE894BB9','UNCLE', x'76A0DCFA90366E4AAF9EF1CD68E8C7E8');
INSERT INTO REF_TERM_TBL (REF_TERM_ID, CS_ID, MNEMONIC, CRT_PROV_ID)  VALUES(x'1997B3BD0B83784DB0B6D76CB645695D',x'FE18479AF4435B4B99971D1FAE894BB9','WIFE', x'76A0DCFA90366E4AAF9EF1CD68E8C7E8');
INSERT INTO REF_TERM_TBL (REF_TERM_ID, CS_ID, MNEMONIC, CRT_PROV_ID)  VALUES(x'CF14084E6FF60B4098AAB69DE7D24B99',x'473B820215C366438883442E646D34BE','REP_HALF_LIFE', x'76A0DCFA90366E4AAF9EF1CD68E8C7E8');
INSERT INTO REF_TERM_TBL (REF_TERM_ID, CS_ID, MNEMONIC, CRT_PROV_ID)  VALUES(x'18EC358CF620EA4494DB2D209373A5D3',x'473B820215C366438883442E646D34BE','SPLCOATING', x'76A0DCFA90366E4AAF9EF1CD68E8C7E8');
INSERT INTO REF_TERM_TBL (REF_TERM_ID, CS_ID, MNEMONIC, CRT_PROV_ID)  VALUES(x'E1A8C0FD4132BD4B939032F2F30DFBB4',x'473B820215C366438883442E646D34BE','SPLCOLOR', x'76A0DCFA90366E4AAF9EF1CD68E8C7E8');
INSERT INTO REF_TERM_TBL (REF_TERM_ID, CS_ID, MNEMONIC, CRT_PROV_ID)  VALUES(x'A42F2F0F2664C24889A9D406F8004A94',x'473B820215C366438883442E646D34BE','SPLIMAGE', x'76A0DCFA90366E4AAF9EF1CD68E8C7E8');
INSERT INTO REF_TERM_TBL (REF_TERM_ID, CS_ID, MNEMONIC, CRT_PROV_ID)  VALUES(x'9610CD3A4EF67542A5B9271E9A4EEE28',x'473B820215C366438883442E646D34BE','SPLIMPRINT', x'76A0DCFA90366E4AAF9EF1CD68E8C7E8');
INSERT INTO REF_TERM_TBL (REF_TERM_ID, CS_ID, MNEMONIC, CRT_PROV_ID)  VALUES(x'30878CA4E4706C4FBB4ABF4A5AAE0A20',x'473B820215C366438883442E646D34BE','SPLSCORING', x'76A0DCFA90366E4AAF9EF1CD68E8C7E8');
INSERT INTO REF_TERM_TBL (REF_TERM_ID, CS_ID, MNEMONIC, CRT_PROV_ID)  VALUES(x'959C60520D96EC45835153E378ADE473',x'473B820215C366438883442E646D34BE','SPLSHAPE', x'76A0DCFA90366E4AAF9EF1CD68E8C7E8');
INSERT INTO REF_TERM_TBL (REF_TERM_ID, CS_ID, MNEMONIC, CRT_PROV_ID)  VALUES(x'87E59A53D70E6D448E481B3735E6C423',x'473B820215C366438883442E646D34BE','SPLSIZE', x'76A0DCFA90366E4AAF9EF1CD68E8C7E8');
INSERT INTO REF_TERM_TBL (REF_TERM_ID, CS_ID, MNEMONIC, CRT_PROV_ID)  VALUES(x'124831FB331D4B4184B1DD7B1A16D770',x'473B820215C366438883442E646D34BE','SPLSYMBOL', x'76A0DCFA90366E4AAF9EF1CD68E8C7E8');

-- Concept Reference Terms
INSERT INTO CD_REF_TERM_ASSOC_TBL (REF_TERM_ID, CD_ID, EFFT_VRSN_SEQ_ID, REL_TYP_ID) SELECT x'452F248015C9F947A90C1B80F7D6AF71', x'A160D9BB5338134BB62AD768F93A08C5', VRSN_SEQ_ID, x'C2AF4D2C6A56AE419EBC3097D7D22F4A' FROM CD_VRSN_TBL WHERE CD_ID = x'A160D9BB5338134BB62AD768F93A08C5' AND OBSLT_UTC IS NULL;
INSERT INTO CD_REF_TERM_ASSOC_TBL (REF_TERM_ID, CD_ID, EFFT_VRSN_SEQ_ID, REL_TYP_ID) SELECT x'741FEF34B1402C439C865B77D3CD23C0', x'CF2C6C84025B3F4BBEB43D69CE7830DD', VRSN_SEQ_ID, x'C2AF4D2C6A56AE419EBC3097D7D22F4A' FROM CD_VRSN_TBL WHERE CD_ID = x'CF2C6C84025B3F4BBEB43D69CE7830DD' AND OBSLT_UTC IS NULL;
INSERT INTO CD_REF_TERM_ASSOC_TBL (REF_TERM_ID, CD_ID, EFFT_VRSN_SEQ_ID, REL_TYP_ID) SELECT x'F557F100560AC94B95E3BA64827B8852', x'34A64B0F0751AB4E965825BE293CD831', VRSN_SEQ_ID, x'C2AF4D2C6A56AE419EBC3097D7D22F4A' FROM CD_VRSN_TBL WHERE CD_ID = x'34A64B0F0751AB4E965825BE293CD831' AND OBSLT_UTC IS NULL;
INSERT INTO CD_REF_TERM_ASSOC_TBL (REF_TERM_ID, CD_ID, EFFT_VRSN_SEQ_ID, REL_TYP_ID) SELECT x'712178E343F01045B986C7ADC3FCA593', x'B4F7572565E46549B016766F192131AB', VRSN_SEQ_ID, x'C2AF4D2C6A56AE419EBC3097D7D22F4A' FROM CD_VRSN_TBL WHERE CD_ID = x'B4F7572565E46549B016766F192131AB' AND OBSLT_UTC IS NULL;
INSERT INTO CD_REF_TERM_ASSOC_TBL (REF_TERM_ID, CD_ID, EFFT_VRSN_SEQ_ID, REL_TYP_ID) SELECT x'294CF4084813DC48B426C9FB2826A895', x'7FC4984BA5EA2C47A2C697DDDC0CB68C', VRSN_SEQ_ID, x'C2AF4D2C6A56AE419EBC3097D7D22F4A' FROM CD_VRSN_TBL WHERE CD_ID = x'7FC4984BA5EA2C47A2C697DDDC0CB68C' AND OBSLT_UTC IS NULL;
INSERT INTO CD_REF_TERM_ASSOC_TBL (REF_TERM_ID, CD_ID, EFFT_VRSN_SEQ_ID, REL_TYP_ID) SELECT x'2DAD3981F7296C459290A7DBB67C92FD', x'1921B5540917984089115DF6D6C84140', VRSN_SEQ_ID, x'C2AF4D2C6A56AE419EBC3097D7D22F4A' FROM CD_VRSN_TBL WHERE CD_ID = x'1921B5540917984089115DF6D6C84140' AND OBSLT_UTC IS NULL;
INSERT INTO CD_REF_TERM_ASSOC_TBL (REF_TERM_ID, CD_ID, EFFT_VRSN_SEQ_ID, REL_TYP_ID) SELECT x'4319E2BD44A37C47ADDAAF40BEE4E177', x'D3B684BE6D447E4EB35D2925F9F93434', VRSN_SEQ_ID, x'C2AF4D2C6A56AE419EBC3097D7D22F4A' FROM CD_VRSN_TBL WHERE CD_ID = x'D3B684BE6D447E4EB35D2925F9F93434' AND OBSLT_UTC IS NULL;
INSERT INTO CD_REF_TERM_ASSOC_TBL (REF_TERM_ID, CD_ID, EFFT_VRSN_SEQ_ID, REL_TYP_ID) SELECT x'C5EAB7C3A948954894406ACC15445CCB', x'3CC58719B87A61449EBC0D428744A8C0', VRSN_SEQ_ID, x'C2AF4D2C6A56AE419EBC3097D7D22F4A' FROM CD_VRSN_TBL WHERE CD_ID = x'3CC58719B87A61449EBC0D428744A8C0' AND OBSLT_UTC IS NULL;
INSERT INTO CD_REF_TERM_ASSOC_TBL (REF_TERM_ID, CD_ID, EFFT_VRSN_SEQ_ID, REL_TYP_ID) SELECT x'54B2B1C534BA454EA60424E02F34A36B', x'2C64A94354A0DF459BEE99274B4635CD', VRSN_SEQ_ID, x'C2AF4D2C6A56AE419EBC3097D7D22F4A' FROM CD_VRSN_TBL WHERE CD_ID = x'2C64A94354A0DF459BEE99274B4635CD' AND OBSLT_UTC IS NULL;
INSERT INTO CD_REF_TERM_ASSOC_TBL (REF_TERM_ID, CD_ID, EFFT_VRSN_SEQ_ID, REL_TYP_ID) SELECT x'0CC3AA83F10DD04FABD7D7FCEB00E04C', x'4A9B61578A2C7446A7FC8E4F9AEB4903', VRSN_SEQ_ID, x'C2AF4D2C6A56AE419EBC3097D7D22F4A' FROM CD_VRSN_TBL WHERE CD_ID = x'4A9B61578A2C7446A7FC8E4F9AEB4903' AND OBSLT_UTC IS NULL;
INSERT INTO CD_REF_TERM_ASSOC_TBL (REF_TERM_ID, CD_ID, EFFT_VRSN_SEQ_ID, REL_TYP_ID) SELECT x'2DA14690544C0E46BA46C92893F74F87', x'C622D0288B8AC4479E6A2BC67308739E', VRSN_SEQ_ID, x'C2AF4D2C6A56AE419EBC3097D7D22F4A' FROM CD_VRSN_TBL WHERE CD_ID = x'C622D0288B8AC4479E6A2BC67308739E' AND OBSLT_UTC IS NULL;
INSERT INTO CD_REF_TERM_ASSOC_TBL (REF_TERM_ID, CD_ID, EFFT_VRSN_SEQ_ID, REL_TYP_ID) SELECT x'3B6D8332290AB54AAD1F6CB3DBD5DF9A', x'93228E11460F784B8252AB078AFB32D3', VRSN_SEQ_ID, x'C2AF4D2C6A56AE419EBC3097D7D22F4A' FROM CD_VRSN_TBL WHERE CD_ID = x'93228E11460F784B8252AB078AFB32D3' AND OBSLT_UTC IS NULL;
INSERT INTO CD_REF_TERM_ASSOC_TBL (REF_TERM_ID, CD_ID, EFFT_VRSN_SEQ_ID, REL_TYP_ID) SELECT x'C24F2D93DB3538499B0D25BFCE8E3121', x'769E8240EC330C42AE79C9B9DC5A3481', VRSN_SEQ_ID, x'C2AF4D2C6A56AE419EBC3097D7D22F4A' FROM CD_VRSN_TBL WHERE CD_ID = x'769E8240EC330C42AE79C9B9DC5A3481' AND OBSLT_UTC IS NULL;
INSERT INTO CD_REF_TERM_ASSOC_TBL (REF_TERM_ID, CD_ID, EFFT_VRSN_SEQ_ID, REL_TYP_ID) SELECT x'39FE488B89C4A8428800F2A97480C6AF', x'A1E30408E6ABFB4B9AD35484F170D181', VRSN_SEQ_ID, x'C2AF4D2C6A56AE419EBC3097D7D22F4A' FROM CD_VRSN_TBL WHERE CD_ID = x'A1E30408E6ABFB4B9AD35484F170D181' AND OBSLT_UTC IS NULL;
INSERT INTO CD_REF_TERM_ASSOC_TBL (REF_TERM_ID, CD_ID, EFFT_VRSN_SEQ_ID, REL_TYP_ID) SELECT x'C57FAE36ADF2664FA00DE4BCE99CD4E1', x'A98DC5807C910B45843FDE21E4AE41A9', VRSN_SEQ_ID, x'C2AF4D2C6A56AE419EBC3097D7D22F4A' FROM CD_VRSN_TBL WHERE CD_ID = x'A98DC5807C910B45843FDE21E4AE41A9' AND OBSLT_UTC IS NULL;
INSERT INTO CD_REF_TERM_ASSOC_TBL (REF_TERM_ID, CD_ID, EFFT_VRSN_SEQ_ID, REL_TYP_ID) SELECT x'5194F12DA3C55B4195E8F1724BD840FB', x'B04A302233B14A49AD304D9170176F99', VRSN_SEQ_ID, x'C2AF4D2C6A56AE419EBC3097D7D22F4A' FROM CD_VRSN_TBL WHERE CD_ID = x'B04A302233B14A49AD304D9170176F99' AND OBSLT_UTC IS NULL;
INSERT INTO CD_REF_TERM_ASSOC_TBL (REF_TERM_ID, CD_ID, EFFT_VRSN_SEQ_ID, REL_TYP_ID) SELECT x'B5939CD1645326448171081F7EFCF115', x'902E7E48ABC29346B1902C4E2F0E7CEC', VRSN_SEQ_ID, x'C2AF4D2C6A56AE419EBC3097D7D22F4A' FROM CD_VRSN_TBL WHERE CD_ID = x'902E7E48ABC29346B1902C4E2F0E7CEC' AND OBSLT_UTC IS NULL;
INSERT INTO CD_REF_TERM_ASSOC_TBL (REF_TERM_ID, CD_ID, EFFT_VRSN_SEQ_ID, REL_TYP_ID) SELECT x'A3F530269A64D143B03920B06F55A222', x'9D2BE27C62E07C44A92171E690EBD5CF', VRSN_SEQ_ID, x'C2AF4D2C6A56AE419EBC3097D7D22F4A' FROM CD_VRSN_TBL WHERE CD_ID = x'9D2BE27C62E07C44A92171E690EBD5CF' AND OBSLT_UTC IS NULL;
INSERT INTO CD_REF_TERM_ASSOC_TBL (REF_TERM_ID, CD_ID, EFFT_VRSN_SEQ_ID, REL_TYP_ID) SELECT x'F3BDE8FCCD12044FA2507E69F553347A', x'1FD338EC87A121499FB6FF9D227E9E9C', VRSN_SEQ_ID, x'C2AF4D2C6A56AE419EBC3097D7D22F4A' FROM CD_VRSN_TBL WHERE CD_ID = x'1FD338EC87A121499FB6FF9D227E9E9C' AND OBSLT_UTC IS NULL;
INSERT INTO CD_REF_TERM_ASSOC_TBL (REF_TERM_ID, CD_ID, EFFT_VRSN_SEQ_ID, REL_TYP_ID) SELECT x'38CBDC2ACF6E424C82214DCFF3CE4C69', x'C62F6BBC4265EC4B96EB8573A606DBB4', VRSN_SEQ_ID, x'C2AF4D2C6A56AE419EBC3097D7D22F4A' FROM CD_VRSN_TBL WHERE CD_ID = x'C62F6BBC4265EC4B96EB8573A606DBB4' AND OBSLT_UTC IS NULL;
INSERT INTO CD_REF_TERM_ASSOC_TBL (REF_TERM_ID, CD_ID, EFFT_VRSN_SEQ_ID, REL_TYP_ID) SELECT x'C3DD5C95DBD4BE469B041114FD41E424', x'7B4194AB1A0D464C8D556C3FBA04ED7E', VRSN_SEQ_ID, x'C2AF4D2C6A56AE419EBC3097D7D22F4A' FROM CD_VRSN_TBL WHERE CD_ID = x'7B4194AB1A0D464C8D556C3FBA04ED7E' AND OBSLT_UTC IS NULL;
INSERT INTO CD_REF_TERM_ASSOC_TBL (REF_TERM_ID, CD_ID, EFFT_VRSN_SEQ_ID, REL_TYP_ID) SELECT x'EBF569DED93EDD46B516CD034085D7C5', x'9E9ED082129BDD47ACBA0557CC025BD7', VRSN_SEQ_ID, x'C2AF4D2C6A56AE419EBC3097D7D22F4A' FROM CD_VRSN_TBL WHERE CD_ID = x'9E9ED082129BDD47ACBA0557CC025BD7' AND OBSLT_UTC IS NULL;
INSERT INTO CD_REF_TERM_ASSOC_TBL (REF_TERM_ID, CD_ID, EFFT_VRSN_SEQ_ID, REL_TYP_ID) SELECT x'B0F2C0B8CA017C478F5BC9C3AABC7F98', x'7E3C2A9377AD0A458A1F030FC2855450', VRSN_SEQ_ID, x'C2AF4D2C6A56AE419EBC3097D7D22F4A' FROM CD_VRSN_TBL WHERE CD_ID = x'7E3C2A9377AD0A458A1F030FC2855450' AND OBSLT_UTC IS NULL;
INSERT INTO CD_REF_TERM_ASSOC_TBL (REF_TERM_ID, CD_ID, EFFT_VRSN_SEQ_ID, REL_TYP_ID) SELECT x'3E889D7DC6376540A5CF3B0F09A162F3', x'4F9864A0479880448BEADDDF64B3C77C', VRSN_SEQ_ID, x'C2AF4D2C6A56AE419EBC3097D7D22F4A' FROM CD_VRSN_TBL WHERE CD_ID = x'4F9864A0479880448BEADDDF64B3C77C' AND OBSLT_UTC IS NULL;
INSERT INTO CD_REF_TERM_ASSOC_TBL (REF_TERM_ID, CD_ID, EFFT_VRSN_SEQ_ID, REL_TYP_ID) SELECT x'CFF4B7CDFB91F74A86B99D0D5363245B', x'EA0EA773CD066548A5F7F010E33BA4F3', VRSN_SEQ_ID, x'C2AF4D2C6A56AE419EBC3097D7D22F4A' FROM CD_VRSN_TBL WHERE CD_ID = x'EA0EA773CD066548A5F7F010E33BA4F3' AND OBSLT_UTC IS NULL;
INSERT INTO CD_REF_TERM_ASSOC_TBL (REF_TERM_ID, CD_ID, EFFT_VRSN_SEQ_ID, REL_TYP_ID) SELECT x'D019D4B74AF6B84AB0EC94E961BCC7CB', x'4D047FB4C8A9654A9F84D99D913BEB97', VRSN_SEQ_ID, x'C2AF4D2C6A56AE419EBC3097D7D22F4A' FROM CD_VRSN_TBL WHERE CD_ID = x'4D047FB4C8A9654A9F84D99D913BEB97' AND OBSLT_UTC IS NULL;
INSERT INTO CD_REF_TERM_ASSOC_TBL (REF_TERM_ID, CD_ID, EFFT_VRSN_SEQ_ID, REL_TYP_ID) SELECT x'3498A42D583CC6459528E0598CC692A3', x'181FA621C51FC047A235721D2F965E33', VRSN_SEQ_ID, x'C2AF4D2C6A56AE419EBC3097D7D22F4A' FROM CD_VRSN_TBL WHERE CD_ID = x'181FA621C51FC047A235721D2F965E33' AND OBSLT_UTC IS NULL;
INSERT INTO CD_REF_TERM_ASSOC_TBL (REF_TERM_ID, CD_ID, EFFT_VRSN_SEQ_ID, REL_TYP_ID) SELECT x'0722D97C6382E043B910B660E1B0B111', x'9F408FF3923E6B4EB8FDB2ABC7E6C177', VRSN_SEQ_ID, x'C2AF4D2C6A56AE419EBC3097D7D22F4A' FROM CD_VRSN_TBL WHERE CD_ID = x'9F408FF3923E6B4EB8FDB2ABC7E6C177' AND OBSLT_UTC IS NULL;
INSERT INTO CD_REF_TERM_ASSOC_TBL (REF_TERM_ID, CD_ID, EFFT_VRSN_SEQ_ID, REL_TYP_ID) SELECT x'72C3C464D9D4CC4B9838479E4BC14E96', x'AA49AEFDCB6FAE409653744E87FDD692', VRSN_SEQ_ID, x'C2AF4D2C6A56AE419EBC3097D7D22F4A' FROM CD_VRSN_TBL WHERE CD_ID = x'AA49AEFDCB6FAE409653744E87FDD692' AND OBSLT_UTC IS NULL;
INSERT INTO CD_REF_TERM_ASSOC_TBL (REF_TERM_ID, CD_ID, EFFT_VRSN_SEQ_ID, REL_TYP_ID) SELECT x'2C942111A45C6F468BF4D060D1B13A7E', x'6AF1139662F9274C8489B78AEBD7E2EC', VRSN_SEQ_ID, x'C2AF4D2C6A56AE419EBC3097D7D22F4A' FROM CD_VRSN_TBL WHERE CD_ID = x'6AF1139662F9274C8489B78AEBD7E2EC' AND OBSLT_UTC IS NULL;
INSERT INTO CD_REF_TERM_ASSOC_TBL (REF_TERM_ID, CD_ID, EFFT_VRSN_SEQ_ID, REL_TYP_ID) SELECT x'4975C70C562EBC449C7EE41119E2FC6E', x'0CF4C2904E7860428B9166BB032D3652', VRSN_SEQ_ID, x'C2AF4D2C6A56AE419EBC3097D7D22F4A' FROM CD_VRSN_TBL WHERE CD_ID = x'0CF4C2904E7860428B9166BB032D3652' AND OBSLT_UTC IS NULL;
INSERT INTO CD_REF_TERM_ASSOC_TBL (REF_TERM_ID, CD_ID, EFFT_VRSN_SEQ_ID, REL_TYP_ID) SELECT x'FD2FF1BAD124444D8BF8888115E13E32', x'50E6761A4202404B9267BF3A5B386C96', VRSN_SEQ_ID, x'C2AF4D2C6A56AE419EBC3097D7D22F4A' FROM CD_VRSN_TBL WHERE CD_ID = x'50E6761A4202404B9267BF3A5B386C96' AND OBSLT_UTC IS NULL;
INSERT INTO CD_REF_TERM_ASSOC_TBL (REF_TERM_ID, CD_ID, EFFT_VRSN_SEQ_ID, REL_TYP_ID) SELECT x'72237715165A894A95D919C710493C3F', x'C923505A539A4F4FA9B25938C71041E7', VRSN_SEQ_ID, x'C2AF4D2C6A56AE419EBC3097D7D22F4A' FROM CD_VRSN_TBL WHERE CD_ID = x'C923505A539A4F4FA9B25938C71041E7' AND OBSLT_UTC IS NULL;
INSERT INTO CD_REF_TERM_ASSOC_TBL (REF_TERM_ID, CD_ID, EFFT_VRSN_SEQ_ID, REL_TYP_ID) SELECT x'D4067EF8E703FA4AA382980DB142CF95', x'9C0C4A7A1CCF3A42987ED2A5717AC74E', VRSN_SEQ_ID, x'C2AF4D2C6A56AE419EBC3097D7D22F4A' FROM CD_VRSN_TBL WHERE CD_ID = x'9C0C4A7A1CCF3A42987ED2A5717AC74E' AND OBSLT_UTC IS NULL;
INSERT INTO CD_REF_TERM_ASSOC_TBL (REF_TERM_ID, CD_ID, EFFT_VRSN_SEQ_ID, REL_TYP_ID) SELECT x'AFE893EB80E88446A5537651364CEE4F', x'1F5474ECC4872743A4B997F325501747', VRSN_SEQ_ID, x'C2AF4D2C6A56AE419EBC3097D7D22F4A' FROM CD_VRSN_TBL WHERE CD_ID = x'1F5474ECC4872743A4B997F325501747' AND OBSLT_UTC IS NULL;
INSERT INTO CD_REF_TERM_ASSOC_TBL (REF_TERM_ID, CD_ID, EFFT_VRSN_SEQ_ID, REL_TYP_ID) SELECT x'F10F5BCD93DAF84B8FDD73A5268FE10E', x'704089296BA7EF478C16D84E0ACD9EA6', VRSN_SEQ_ID, x'C2AF4D2C6A56AE419EBC3097D7D22F4A' FROM CD_VRSN_TBL WHERE CD_ID = x'704089296BA7EF478C16D84E0ACD9EA6' AND OBSLT_UTC IS NULL;
INSERT INTO CD_REF_TERM_ASSOC_TBL (REF_TERM_ID, CD_ID, EFFT_VRSN_SEQ_ID, REL_TYP_ID) SELECT x'FA48A78026B2E24AA5033FE4DFA654DF', x'34A64B0F0751AB4E965825BE293CD831', VRSN_SEQ_ID, x'C2AF4D2C6A56AE419EBC3097D7D22F4A' FROM CD_VRSN_TBL WHERE CD_ID = x'34A64B0F0751AB4E965825BE293CD831' AND OBSLT_UTC IS NULL;
INSERT INTO CD_REF_TERM_ASSOC_TBL (REF_TERM_ID, CD_ID, EFFT_VRSN_SEQ_ID, REL_TYP_ID) SELECT x'157D056DFA69264D99F13AB90990CB95', x'BC426564E4728B48BBF4865D452E62EC', VRSN_SEQ_ID, x'C2AF4D2C6A56AE419EBC3097D7D22F4A' FROM CD_VRSN_TBL WHERE CD_ID = x'BC426564E4728B48BBF4865D452E62EC' AND OBSLT_UTC IS NULL;
INSERT INTO CD_REF_TERM_ASSOC_TBL (REF_TERM_ID, CD_ID, EFFT_VRSN_SEQ_ID, REL_TYP_ID) SELECT x'C4B2F1A63F0BFA4987B3CD9D3E2865E1', x'0F54B9788B436F4B8D83AAF4979DBC64', VRSN_SEQ_ID, x'C2AF4D2C6A56AE419EBC3097D7D22F4A' FROM CD_VRSN_TBL WHERE CD_ID = x'0F54B9788B436F4B8D83AAF4979DBC64' AND OBSLT_UTC IS NULL;
INSERT INTO CD_REF_TERM_ASSOC_TBL (REF_TERM_ID, CD_ID, EFFT_VRSN_SEQ_ID, REL_TYP_ID) SELECT x'DF17AC165E951E4CA1E777D60DA3E5FD', x'0C59FE26843674459359057FDD06BA61', VRSN_SEQ_ID, x'C2AF4D2C6A56AE419EBC3097D7D22F4A' FROM CD_VRSN_TBL WHERE CD_ID = x'0C59FE26843674459359057FDD06BA61' AND OBSLT_UTC IS NULL;
INSERT INTO CD_REF_TERM_ASSOC_TBL (REF_TERM_ID, CD_ID, EFFT_VRSN_SEQ_ID, REL_TYP_ID) SELECT x'182ABAEF512A1F41A69CEF6FCD86A8F4', x'6881F685432A3245BC79191FA0B47C8B', VRSN_SEQ_ID, x'C2AF4D2C6A56AE419EBC3097D7D22F4A' FROM CD_VRSN_TBL WHERE CD_ID = x'6881F685432A3245BC79191FA0B47C8B' AND OBSLT_UTC IS NULL;
INSERT INTO CD_REF_TERM_ASSOC_TBL (REF_TERM_ID, CD_ID, EFFT_VRSN_SEQ_ID, REL_TYP_ID) SELECT x'2CF3C722E730394EB027BE18D56C0D69', x'DC1CC82856CA924CB691094E89630642', VRSN_SEQ_ID, x'C2AF4D2C6A56AE419EBC3097D7D22F4A' FROM CD_VRSN_TBL WHERE CD_ID = x'DC1CC82856CA924CB691094E89630642' AND OBSLT_UTC IS NULL;
INSERT INTO CD_REF_TERM_ASSOC_TBL (REF_TERM_ID, CD_ID, EFFT_VRSN_SEQ_ID, REL_TYP_ID) SELECT x'AA041BA4A221C34DA1B063B6C1ABB638', x'C00F285A268C9141B204B1B1E4E19462', VRSN_SEQ_ID, x'C2AF4D2C6A56AE419EBC3097D7D22F4A' FROM CD_VRSN_TBL WHERE CD_ID = x'C00F285A268C9141B204B1B1E4E19462' AND OBSLT_UTC IS NULL;
INSERT INTO CD_REF_TERM_ASSOC_TBL (REF_TERM_ID, CD_ID, EFFT_VRSN_SEQ_ID, REL_TYP_ID) SELECT x'0C4020D81CD8BC4288802BD8C96BB84C', x'1D8A4899976D13408C91DED6AD3B8E89', VRSN_SEQ_ID, x'C2AF4D2C6A56AE419EBC3097D7D22F4A' FROM CD_VRSN_TBL WHERE CD_ID = x'1D8A4899976D13408C91DED6AD3B8E89' AND OBSLT_UTC IS NULL;
INSERT INTO CD_REF_TERM_ASSOC_TBL (REF_TERM_ID, CD_ID, EFFT_VRSN_SEQ_ID, REL_TYP_ID) SELECT x'2A582A7E756E0A4489A034762981052E', x'25D3E407B9637D48A22C9B194C09A6BA', VRSN_SEQ_ID, x'C2AF4D2C6A56AE419EBC3097D7D22F4A' FROM CD_VRSN_TBL WHERE CD_ID = x'25D3E407B9637D48A22C9B194C09A6BA' AND OBSLT_UTC IS NULL;
INSERT INTO CD_REF_TERM_ASSOC_TBL (REF_TERM_ID, CD_ID, EFFT_VRSN_SEQ_ID, REL_TYP_ID) SELECT x'983D88C5E7E0CA4D9A5D0EC3B3F6CF62', x'17A7B1C3D074E34A830CEFDDCC57BB92', VRSN_SEQ_ID, x'C2AF4D2C6A56AE419EBC3097D7D22F4A' FROM CD_VRSN_TBL WHERE CD_ID = x'17A7B1C3D074E34A830CEFDDCC57BB92' AND OBSLT_UTC IS NULL;
INSERT INTO CD_REF_TERM_ASSOC_TBL (REF_TERM_ID, CD_ID, EFFT_VRSN_SEQ_ID, REL_TYP_ID) SELECT x'E42F3157FC0F3549B957DA64DE9C1F41', x'A8C8D4167657344CB189018D236F1CB6', VRSN_SEQ_ID, x'C2AF4D2C6A56AE419EBC3097D7D22F4A' FROM CD_VRSN_TBL WHERE CD_ID = x'A8C8D4167657344CB189018D236F1CB6' AND OBSLT_UTC IS NULL;
INSERT INTO CD_REF_TERM_ASSOC_TBL (REF_TERM_ID, CD_ID, EFFT_VRSN_SEQ_ID, REL_TYP_ID) SELECT x'8BFC88C8B5A25A40B6F5997B92737CB0', x'BBE62A80B8311A409D409CE3C3DA227C', VRSN_SEQ_ID, x'C2AF4D2C6A56AE419EBC3097D7D22F4A' FROM CD_VRSN_TBL WHERE CD_ID = x'BBE62A80B8311A409D409CE3C3DA227C' AND OBSLT_UTC IS NULL;
INSERT INTO CD_REF_TERM_ASSOC_TBL (REF_TERM_ID, CD_ID, EFFT_VRSN_SEQ_ID, REL_TYP_ID) SELECT x'1394C802DF020D4B99A932AD4E8C6A36', x'5F9AA42C50AF2D4092637725071C3ED9', VRSN_SEQ_ID, x'C2AF4D2C6A56AE419EBC3097D7D22F4A' FROM CD_VRSN_TBL WHERE CD_ID = x'5F9AA42C50AF2D4092637725071C3ED9' AND OBSLT_UTC IS NULL;
INSERT INTO CD_REF_TERM_ASSOC_TBL (REF_TERM_ID, CD_ID, EFFT_VRSN_SEQ_ID, REL_TYP_ID) SELECT x'57C55AA6F06BA94C970C97FFD1399800', x'97101EF89EED1B469E1F52BD7ED47236', VRSN_SEQ_ID, x'C2AF4D2C6A56AE419EBC3097D7D22F4A' FROM CD_VRSN_TBL WHERE CD_ID = x'97101EF89EED1B469E1F52BD7ED47236' AND OBSLT_UTC IS NULL;
INSERT INTO CD_REF_TERM_ASSOC_TBL (REF_TERM_ID, CD_ID, EFFT_VRSN_SEQ_ID, REL_TYP_ID) SELECT x'8057E9941119674F98C31536E561962F', x'8D6BA53158B33A45A3C8B1D60EE52578', VRSN_SEQ_ID, x'C2AF4D2C6A56AE419EBC3097D7D22F4A' FROM CD_VRSN_TBL WHERE CD_ID = x'8D6BA53158B33A45A3C8B1D60EE52578' AND OBSLT_UTC IS NULL;
INSERT INTO CD_REF_TERM_ASSOC_TBL (REF_TERM_ID, CD_ID, EFFT_VRSN_SEQ_ID, REL_TYP_ID) SELECT x'D28AFD0874D979418718342341B0F498', x'869A825043663C42BBAEEB3119575349', VRSN_SEQ_ID, x'C2AF4D2C6A56AE419EBC3097D7D22F4A' FROM CD_VRSN_TBL WHERE CD_ID = x'869A825043663C42BBAEEB3119575349' AND OBSLT_UTC IS NULL;
INSERT INTO CD_REF_TERM_ASSOC_TBL (REF_TERM_ID, CD_ID, EFFT_VRSN_SEQ_ID, REL_TYP_ID) SELECT x'A3CBCCCFD1AA85469E0B39F53B8DA4BB', x'C012349BB9ADFA419B232557BD0B3348', VRSN_SEQ_ID, x'C2AF4D2C6A56AE419EBC3097D7D22F4A' FROM CD_VRSN_TBL WHERE CD_ID = x'C012349BB9ADFA419B232557BD0B3348' AND OBSLT_UTC IS NULL;
INSERT INTO CD_REF_TERM_ASSOC_TBL (REF_TERM_ID, CD_ID, EFFT_VRSN_SEQ_ID, REL_TYP_ID) SELECT x'D67942A7F096DA4C94A9A3E233C58036', x'DA9A504F66D3AC41BD84E0B3046A0FFC', VRSN_SEQ_ID, x'C2AF4D2C6A56AE419EBC3097D7D22F4A' FROM CD_VRSN_TBL WHERE CD_ID = x'DA9A504F66D3AC41BD84E0B3046A0FFC' AND OBSLT_UTC IS NULL;
INSERT INTO CD_REF_TERM_ASSOC_TBL (REF_TERM_ID, CD_ID, EFFT_VRSN_SEQ_ID, REL_TYP_ID) SELECT x'A1620A23F105834F845048DDA67DCD69', x'0D1469E75E19DF4FB64F0DA4ECF74B36', VRSN_SEQ_ID, x'C2AF4D2C6A56AE419EBC3097D7D22F4A' FROM CD_VRSN_TBL WHERE CD_ID = x'0D1469E75E19DF4FB64F0DA4ECF74B36' AND OBSLT_UTC IS NULL;
INSERT INTO CD_REF_TERM_ASSOC_TBL (REF_TERM_ID, CD_ID, EFFT_VRSN_SEQ_ID, REL_TYP_ID) SELECT x'5A0AB9592AA71F4EAE452073C357C5BE', x'6CC01B22F42744428EFEA7B968FBDBD6', VRSN_SEQ_ID, x'C2AF4D2C6A56AE419EBC3097D7D22F4A' FROM CD_VRSN_TBL WHERE CD_ID = x'6CC01B22F42744428EFEA7B968FBDBD6' AND OBSLT_UTC IS NULL;
INSERT INTO CD_REF_TERM_ASSOC_TBL (REF_TERM_ID, CD_ID, EFFT_VRSN_SEQ_ID, REL_TYP_ID) SELECT x'0D6ACD8C2A4E544B80452786EDA31B46', x'41A920D906EC0D4D9F60631B790F8E0D', VRSN_SEQ_ID, x'C2AF4D2C6A56AE419EBC3097D7D22F4A' FROM CD_VRSN_TBL WHERE CD_ID = x'41A920D906EC0D4D9F60631B790F8E0D' AND OBSLT_UTC IS NULL;
INSERT INTO CD_REF_TERM_ASSOC_TBL (REF_TERM_ID, CD_ID, EFFT_VRSN_SEQ_ID, REL_TYP_ID) SELECT x'FFDEA29D1F23D441A64A0F4CA0D4E407', x'92F830F7CCEBBC438D39BDA98BC76563', VRSN_SEQ_ID, x'C2AF4D2C6A56AE419EBC3097D7D22F4A' FROM CD_VRSN_TBL WHERE CD_ID = x'92F830F7CCEBBC438D39BDA98BC76563' AND OBSLT_UTC IS NULL;
INSERT INTO CD_REF_TERM_ASSOC_TBL (REF_TERM_ID, CD_ID, EFFT_VRSN_SEQ_ID, REL_TYP_ID) SELECT x'2C31FC1580CBE74092AB83A4EE511DE4', x'690AF4E0090EE144BD37080AC88661E3', VRSN_SEQ_ID, x'C2AF4D2C6A56AE419EBC3097D7D22F4A' FROM CD_VRSN_TBL WHERE CD_ID = x'690AF4E0090EE144BD37080AC88661E3' AND OBSLT_UTC IS NULL;
INSERT INTO CD_REF_TERM_ASSOC_TBL (REF_TERM_ID, CD_ID, EFFT_VRSN_SEQ_ID, REL_TYP_ID) SELECT x'C0FC3393CDFE3D4180075FCF555EDE1A', x'FBB222DA0BBFA64A8DCCCB4C4CAD1CA8', VRSN_SEQ_ID, x'C2AF4D2C6A56AE419EBC3097D7D22F4A' FROM CD_VRSN_TBL WHERE CD_ID = x'FBB222DA0BBFA64A8DCCCB4C4CAD1CA8' AND OBSLT_UTC IS NULL;
INSERT INTO CD_REF_TERM_ASSOC_TBL (REF_TERM_ID, CD_ID, EFFT_VRSN_SEQ_ID, REL_TYP_ID) SELECT x'BE2DDE2C753F49459BD1316B133428D9', x'80B198C8D0DA15419200F48329FD7771', VRSN_SEQ_ID, x'C2AF4D2C6A56AE419EBC3097D7D22F4A' FROM CD_VRSN_TBL WHERE CD_ID = x'80B198C8D0DA15419200F48329FD7771' AND OBSLT_UTC IS NULL;
INSERT INTO CD_REF_TERM_ASSOC_TBL (REF_TERM_ID, CD_ID, EFFT_VRSN_SEQ_ID, REL_TYP_ID) SELECT x'A517A624EBA56A4C8B9190BA50366082', x'2BD1BECFB1FFD748B0AB68F898A76749', VRSN_SEQ_ID, x'C2AF4D2C6A56AE419EBC3097D7D22F4A' FROM CD_VRSN_TBL WHERE CD_ID = x'2BD1BECFB1FFD748B0AB68F898A76749' AND OBSLT_UTC IS NULL;
INSERT INTO CD_REF_TERM_ASSOC_TBL (REF_TERM_ID, CD_ID, EFFT_VRSN_SEQ_ID, REL_TYP_ID) SELECT x'B1319C9979E28142A2F048BB69AF48D6', x'071FA7A53502E842BEABADEFEB357BF5', VRSN_SEQ_ID, x'C2AF4D2C6A56AE419EBC3097D7D22F4A' FROM CD_VRSN_TBL WHERE CD_ID = x'071FA7A53502E842BEABADEFEB357BF5' AND OBSLT_UTC IS NULL;
INSERT INTO CD_REF_TERM_ASSOC_TBL (REF_TERM_ID, CD_ID, EFFT_VRSN_SEQ_ID, REL_TYP_ID) SELECT x'D42E2922638FFB4694FBEB028FC26282', x'8F312B749881DE4D9B4334D20D0C18E2', VRSN_SEQ_ID, x'C2AF4D2C6A56AE419EBC3097D7D22F4A' FROM CD_VRSN_TBL WHERE CD_ID = x'8F312B749881DE4D9B4334D20D0C18E2' AND OBSLT_UTC IS NULL;
INSERT INTO CD_REF_TERM_ASSOC_TBL (REF_TERM_ID, CD_ID, EFFT_VRSN_SEQ_ID, REL_TYP_ID) SELECT x'D83632116CE9C1498ABAE1AE73042287', x'7C2DD7A02FB31946A943F40CED704DF6', VRSN_SEQ_ID, x'C2AF4D2C6A56AE419EBC3097D7D22F4A' FROM CD_VRSN_TBL WHERE CD_ID = x'7C2DD7A02FB31946A943F40CED704DF6' AND OBSLT_UTC IS NULL;
INSERT INTO CD_REF_TERM_ASSOC_TBL (REF_TERM_ID, CD_ID, EFFT_VRSN_SEQ_ID, REL_TYP_ID) SELECT x'6D30E7C2EA2A6A43A36EC74EC266B39B', x'B3D74DC44E4E3F499ACE557CA3C672A7', VRSN_SEQ_ID, x'C2AF4D2C6A56AE419EBC3097D7D22F4A' FROM CD_VRSN_TBL WHERE CD_ID = x'B3D74DC44E4E3F499ACE557CA3C672A7' AND OBSLT_UTC IS NULL;
INSERT INTO CD_REF_TERM_ASSOC_TBL (REF_TERM_ID, CD_ID, EFFT_VRSN_SEQ_ID, REL_TYP_ID) SELECT x'81E002E23C5DA1428EFD9F3E068EB87E', x'8C4DD0441BA8CE478857C88CC92E8DFC', VRSN_SEQ_ID, x'C2AF4D2C6A56AE419EBC3097D7D22F4A' FROM CD_VRSN_TBL WHERE CD_ID = x'8C4DD0441BA8CE478857C88CC92E8DFC' AND OBSLT_UTC IS NULL;
INSERT INTO CD_REF_TERM_ASSOC_TBL (REF_TERM_ID, CD_ID, EFFT_VRSN_SEQ_ID, REL_TYP_ID) SELECT x'06BE694254E514478381287A0EDBADBB', x'0AFB55EB6D12974FA7E4454D600C5C9A', VRSN_SEQ_ID, x'C2AF4D2C6A56AE419EBC3097D7D22F4A' FROM CD_VRSN_TBL WHERE CD_ID = x'0AFB55EB6D12974FA7E4454D600C5C9A' AND OBSLT_UTC IS NULL;
INSERT INTO CD_REF_TERM_ASSOC_TBL (REF_TERM_ID, CD_ID, EFFT_VRSN_SEQ_ID, REL_TYP_ID) SELECT x'FBE1094675DF0942AC1E70E14EB18C1E', x'0BC08CD139C3A5479FF923C77542A5C3', VRSN_SEQ_ID, x'C2AF4D2C6A56AE419EBC3097D7D22F4A' FROM CD_VRSN_TBL WHERE CD_ID = x'0BC08CD139C3A5479FF923C77542A5C3' AND OBSLT_UTC IS NULL;
INSERT INTO CD_REF_TERM_ASSOC_TBL (REF_TERM_ID, CD_ID, EFFT_VRSN_SEQ_ID, REL_TYP_ID) SELECT x'F4E51820E1FEEC40A368350DA5FBF212', x'64A3C065BFB1164B8C286D1E2FC90AD1', VRSN_SEQ_ID, x'C2AF4D2C6A56AE419EBC3097D7D22F4A' FROM CD_VRSN_TBL WHERE CD_ID = x'64A3C065BFB1164B8C286D1E2FC90AD1' AND OBSLT_UTC IS NULL;
INSERT INTO CD_REF_TERM_ASSOC_TBL (REF_TERM_ID, CD_ID, EFFT_VRSN_SEQ_ID, REL_TYP_ID) SELECT x'DFABF4732A9D1B49982E8E683FF0ABDC', x'07FDF16926BA924E8AD0DEAC7559E90F', VRSN_SEQ_ID, x'C2AF4D2C6A56AE419EBC3097D7D22F4A' FROM CD_VRSN_TBL WHERE CD_ID = x'07FDF16926BA924E8AD0DEAC7559E90F' AND OBSLT_UTC IS NULL;
INSERT INTO CD_REF_TERM_ASSOC_TBL (REF_TERM_ID, CD_ID, EFFT_VRSN_SEQ_ID, REL_TYP_ID) SELECT x'57AF77208580C6488A953A2BB50AF477', x'04FF7313EFA60A42B1D04A07465FE8E8', VRSN_SEQ_ID, x'C2AF4D2C6A56AE419EBC3097D7D22F4A' FROM CD_VRSN_TBL WHERE CD_ID = x'04FF7313EFA60A42B1D04A07465FE8E8' AND OBSLT_UTC IS NULL;
INSERT INTO CD_REF_TERM_ASSOC_TBL (REF_TERM_ID, CD_ID, EFFT_VRSN_SEQ_ID, REL_TYP_ID) SELECT x'BEC896F996BD2043A8E95410EACDE7EF', x'24F36FB774B1B740A6ACD1FDF8E23967', VRSN_SEQ_ID, x'C2AF4D2C6A56AE419EBC3097D7D22F4A' FROM CD_VRSN_TBL WHERE CD_ID = x'24F36FB774B1B740A6ACD1FDF8E23967' AND OBSLT_UTC IS NULL;
INSERT INTO CD_REF_TERM_ASSOC_TBL (REF_TERM_ID, CD_ID, EFFT_VRSN_SEQ_ID, REL_TYP_ID) SELECT x'57AF77208580C6488A953A2BB50AF477', x'04FF7313EFA60A42B1D04A07465FE8E8', VRSN_SEQ_ID, x'C2AF4D2C6A56AE419EBC3097D7D22F4A' FROM CD_VRSN_TBL WHERE CD_ID = x'04FF7313EFA60A42B1D04A07465FE8E8' AND OBSLT_UTC IS NULL;
INSERT INTO CD_REF_TERM_ASSOC_TBL (REF_TERM_ID, CD_ID, EFFT_VRSN_SEQ_ID, REL_TYP_ID) SELECT x'124CACE103891F4AB712052371F7C26B', x'CF9B010B1FC58C4BBFAEB7232A7DFB59', VRSN_SEQ_ID, x'C2AF4D2C6A56AE419EBC3097D7D22F4A' FROM CD_VRSN_TBL WHERE CD_ID = x'CF9B010B1FC58C4BBFAEB7232A7DFB59' AND OBSLT_UTC IS NULL;
INSERT INTO CD_REF_TERM_ASSOC_TBL (REF_TERM_ID, CD_ID, EFFT_VRSN_SEQ_ID, REL_TYP_ID) SELECT x'76FDF7CA2DD93F4EA17C9B35CB8A1CB6', x'44E52D4AC9F8294EB156DF478D5CBE25', VRSN_SEQ_ID, x'C2AF4D2C6A56AE419EBC3097D7D22F4A' FROM CD_VRSN_TBL WHERE CD_ID = x'44E52D4AC9F8294EB156DF478D5CBE25' AND OBSLT_UTC IS NULL;
INSERT INTO CD_REF_TERM_ASSOC_TBL (REF_TERM_ID, CD_ID, EFFT_VRSN_SEQ_ID, REL_TYP_ID) SELECT x'A6E6545881D5AD4291E816EF03C4070B', x'5AA2F1FB74B81B4D83A9DA193869EE78', VRSN_SEQ_ID, x'C2AF4D2C6A56AE419EBC3097D7D22F4A' FROM CD_VRSN_TBL WHERE CD_ID = x'5AA2F1FB74B81B4D83A9DA193869EE78' AND OBSLT_UTC IS NULL;
INSERT INTO CD_REF_TERM_ASSOC_TBL (REF_TERM_ID, CD_ID, EFFT_VRSN_SEQ_ID, REL_TYP_ID) SELECT x'E54DA9F1E855354FBDE6F043887B2ED7', x'9632CD7458CB84499750D077A130CE05', VRSN_SEQ_ID, x'C2AF4D2C6A56AE419EBC3097D7D22F4A' FROM CD_VRSN_TBL WHERE CD_ID = x'9632CD7458CB84499750D077A130CE05' AND OBSLT_UTC IS NULL;
INSERT INTO CD_REF_TERM_ASSOC_TBL (REF_TERM_ID, CD_ID, EFFT_VRSN_SEQ_ID, REL_TYP_ID) SELECT x'BEC896F996BD2043A8E95410EACDE7EF', x'24F36FB774B1B740A6ACD1FDF8E23967', VRSN_SEQ_ID, x'C2AF4D2C6A56AE419EBC3097D7D22F4A' FROM CD_VRSN_TBL WHERE CD_ID = x'24F36FB774B1B740A6ACD1FDF8E23967' AND OBSLT_UTC IS NULL;
INSERT INTO CD_REF_TERM_ASSOC_TBL (REF_TERM_ID, CD_ID, EFFT_VRSN_SEQ_ID, REL_TYP_ID) SELECT x'57AF77208580C6488A953A2BB50AF477', x'04FF7313EFA60A42B1D04A07465FE8E8', VRSN_SEQ_ID, x'C2AF4D2C6A56AE419EBC3097D7D22F4A' FROM CD_VRSN_TBL WHERE CD_ID = x'04FF7313EFA60A42B1D04A07465FE8E8' AND OBSLT_UTC IS NULL;
INSERT INTO CD_REF_TERM_ASSOC_TBL (REF_TERM_ID, CD_ID, EFFT_VRSN_SEQ_ID, REL_TYP_ID) SELECT x'97554B131AE2984E8F4497C5DF2D4BD9', x'ADCF9FE21DEC604CA055039A494248AE', VRSN_SEQ_ID, x'C2AF4D2C6A56AE419EBC3097D7D22F4A' FROM CD_VRSN_TBL WHERE CD_ID = x'ADCF9FE21DEC604CA055039A494248AE' AND OBSLT_UTC IS NULL;
INSERT INTO CD_REF_TERM_ASSOC_TBL (REF_TERM_ID, CD_ID, EFFT_VRSN_SEQ_ID, REL_TYP_ID) SELECT x'0086F887FE45D64CBE2FD52C69A33A42', x'5E33F8FD121FE04D8356F8778ED41C21', VRSN_SEQ_ID, x'C2AF4D2C6A56AE419EBC3097D7D22F4A' FROM CD_VRSN_TBL WHERE CD_ID = x'5E33F8FD121FE04D8356F8778ED41C21' AND OBSLT_UTC IS NULL;
INSERT INTO CD_REF_TERM_ASSOC_TBL (REF_TERM_ID, CD_ID, EFFT_VRSN_SEQ_ID, REL_TYP_ID) SELECT x'5C8BF2B2302F3F45971CE0C55A15B3F5', x'C9E5A58B3B69D449973CD7010F3A23EE', VRSN_SEQ_ID, x'C2AF4D2C6A56AE419EBC3097D7D22F4A' FROM CD_VRSN_TBL WHERE CD_ID = x'C9E5A58B3B69D449973CD7010F3A23EE' AND OBSLT_UTC IS NULL;
INSERT INTO CD_REF_TERM_ASSOC_TBL (REF_TERM_ID, CD_ID, EFFT_VRSN_SEQ_ID, REL_TYP_ID) SELECT x'E53522A16123C5458E4AAB5947D7354D', x'75B56C8A22CF8441A2B7D9E99D2CD850', VRSN_SEQ_ID, x'C2AF4D2C6A56AE419EBC3097D7D22F4A' FROM CD_VRSN_TBL WHERE CD_ID = x'75B56C8A22CF8441A2B7D9E99D2CD850' AND OBSLT_UTC IS NULL;
INSERT INTO CD_REF_TERM_ASSOC_TBL (REF_TERM_ID, CD_ID, EFFT_VRSN_SEQ_ID, REL_TYP_ID) SELECT x'04EBA347559FEE44ABB8920649EC70CC', x'42BFFC61E0B5B54F9392108A5C6DBEC7', VRSN_SEQ_ID, x'C2AF4D2C6A56AE419EBC3097D7D22F4A' FROM CD_VRSN_TBL WHERE CD_ID = x'42BFFC61E0B5B54F9392108A5C6DBEC7' AND OBSLT_UTC IS NULL;
INSERT INTO CD_REF_TERM_ASSOC_TBL (REF_TERM_ID, CD_ID, EFFT_VRSN_SEQ_ID, REL_TYP_ID) SELECT x'EBE64B06C073F44D834B5E40E4D8DE55', x'7FF66201A650434788B6EDCDE354CACA', VRSN_SEQ_ID, x'C2AF4D2C6A56AE419EBC3097D7D22F4A' FROM CD_VRSN_TBL WHERE CD_ID = x'7FF66201A650434788B6EDCDE354CACA' AND OBSLT_UTC IS NULL;
INSERT INTO CD_REF_TERM_ASSOC_TBL (REF_TERM_ID, CD_ID, EFFT_VRSN_SEQ_ID, REL_TYP_ID) SELECT x'A295B3132C7FA842BF32234429FFB424', x'6A751FB9375B9E408CF9C985D5DBA2F1', VRSN_SEQ_ID, x'C2AF4D2C6A56AE419EBC3097D7D22F4A' FROM CD_VRSN_TBL WHERE CD_ID = x'6A751FB9375B9E408CF9C985D5DBA2F1' AND OBSLT_UTC IS NULL;
INSERT INTO CD_REF_TERM_ASSOC_TBL (REF_TERM_ID, CD_ID, EFFT_VRSN_SEQ_ID, REL_TYP_ID) SELECT x'A6E6545881D5AD4291E816EF03C4070B', x'46A8E29DF2DDBC4E902E84508C5089EA', VRSN_SEQ_ID, x'C2AF4D2C6A56AE419EBC3097D7D22F4A' FROM CD_VRSN_TBL WHERE CD_ID = x'46A8E29DF2DDBC4E902E84508C5089EA' AND OBSLT_UTC IS NULL;
INSERT INTO CD_REF_TERM_ASSOC_TBL (REF_TERM_ID, CD_ID, EFFT_VRSN_SEQ_ID, REL_TYP_ID) SELECT x'72AC1E38A63804499E6DA5DCD499ED72', x'BE7390D38F0F0E44B8C87034CC138A95', VRSN_SEQ_ID, x'C2AF4D2C6A56AE419EBC3097D7D22F4A' FROM CD_VRSN_TBL WHERE CD_ID = x'BE7390D38F0F0E44B8C87034CC138A95' AND OBSLT_UTC IS NULL;
INSERT INTO CD_REF_TERM_ASSOC_TBL (REF_TERM_ID, CD_ID, EFFT_VRSN_SEQ_ID, REL_TYP_ID) SELECT x'48417D18D8D90F4AB642CE17DBD9B8A4', x'32A39F2E9193C6489FC8920A750B25D3', VRSN_SEQ_ID, x'C2AF4D2C6A56AE419EBC3097D7D22F4A' FROM CD_VRSN_TBL WHERE CD_ID = x'32A39F2E9193C6489FC8920A750B25D3' AND OBSLT_UTC IS NULL;
INSERT INTO CD_REF_TERM_ASSOC_TBL (REF_TERM_ID, CD_ID, EFFT_VRSN_SEQ_ID, REL_TYP_ID) SELECT x'C026B0C05FE6C8478E052812A54516AF', x'C29CA0E5E55AC2408E32687DBA06715D', VRSN_SEQ_ID, x'C2AF4D2C6A56AE419EBC3097D7D22F4A' FROM CD_VRSN_TBL WHERE CD_ID = x'C29CA0E5E55AC2408E32687DBA06715D' AND OBSLT_UTC IS NULL;
INSERT INTO CD_REF_TERM_ASSOC_TBL (REF_TERM_ID, CD_ID, EFFT_VRSN_SEQ_ID, REL_TYP_ID) SELECT x'124CACE103891F4AB712052371F7C26B', x'86C2FEFAD5890B429085054ACA9D1EEF', VRSN_SEQ_ID, x'C2AF4D2C6A56AE419EBC3097D7D22F4A' FROM CD_VRSN_TBL WHERE CD_ID = x'86C2FEFAD5890B429085054ACA9D1EEF' AND OBSLT_UTC IS NULL;
INSERT INTO CD_REF_TERM_ASSOC_TBL (REF_TERM_ID, CD_ID, EFFT_VRSN_SEQ_ID, REL_TYP_ID) SELECT x'04F7D6A1546FCF4CA189385B9014B4A9', x'91B6522422F12141B9DF76D990B43F35', VRSN_SEQ_ID, x'C2AF4D2C6A56AE419EBC3097D7D22F4A' FROM CD_VRSN_TBL WHERE CD_ID = x'91B6522422F12141B9DF76D990B43F35' AND OBSLT_UTC IS NULL;
INSERT INTO CD_REF_TERM_ASSOC_TBL (REF_TERM_ID, CD_ID, EFFT_VRSN_SEQ_ID, REL_TYP_ID) SELECT x'AC653F7635973D4088262D974AC0B371', x'BC43702ACA6C7D44B2308414F790CDB6', VRSN_SEQ_ID, x'C2AF4D2C6A56AE419EBC3097D7D22F4A' FROM CD_VRSN_TBL WHERE CD_ID = x'BC43702ACA6C7D44B2308414F790CDB6' AND OBSLT_UTC IS NULL;
INSERT INTO CD_REF_TERM_ASSOC_TBL (REF_TERM_ID, CD_ID, EFFT_VRSN_SEQ_ID, REL_TYP_ID) SELECT x'CC72BF6983D3C3458335EB8D709E8E58', x'D69CFAA1E71C7E4FA0C17A503F9F1255', VRSN_SEQ_ID, x'C2AF4D2C6A56AE419EBC3097D7D22F4A' FROM CD_VRSN_TBL WHERE CD_ID = x'D69CFAA1E71C7E4FA0C17A503F9F1255' AND OBSLT_UTC IS NULL;
INSERT INTO CD_REF_TERM_ASSOC_TBL (REF_TERM_ID, CD_ID, EFFT_VRSN_SEQ_ID, REL_TYP_ID) SELECT x'76FDF7CA2DD93F4EA17C9B35CB8A1CB6', x'55BD087C424DCD4992F86388D6C4183F', VRSN_SEQ_ID, x'C2AF4D2C6A56AE419EBC3097D7D22F4A' FROM CD_VRSN_TBL WHERE CD_ID = x'55BD087C424DCD4992F86388D6C4183F' AND OBSLT_UTC IS NULL;
INSERT INTO CD_REF_TERM_ASSOC_TBL (REF_TERM_ID, CD_ID, EFFT_VRSN_SEQ_ID, REL_TYP_ID) SELECT x'C11258A07B139C44AD42EC079CD353DA', x'F4643C0B0D22E544BDC64BFAD6120963', VRSN_SEQ_ID, x'C2AF4D2C6A56AE419EBC3097D7D22F4A' FROM CD_VRSN_TBL WHERE CD_ID = x'F4643C0B0D22E544BDC64BFAD6120963' AND OBSLT_UTC IS NULL;
INSERT INTO CD_REF_TERM_ASSOC_TBL (REF_TERM_ID, CD_ID, EFFT_VRSN_SEQ_ID, REL_TYP_ID) SELECT x'0E580A9C9603234EA2BF12006E95E006', x'B0B0F48CE584224185FE6AFA8240C218', VRSN_SEQ_ID, x'C2AF4D2C6A56AE419EBC3097D7D22F4A' FROM CD_VRSN_TBL WHERE CD_ID = x'B0B0F48CE584224185FE6AFA8240C218' AND OBSLT_UTC IS NULL;
INSERT INTO CD_REF_TERM_ASSOC_TBL (REF_TERM_ID, CD_ID, EFFT_VRSN_SEQ_ID, REL_TYP_ID) SELECT x'529AD75369FD104E8A907244299CA595', x'28E5ACC77D27FB4E94EEBFD1278F40F7', VRSN_SEQ_ID, x'C2AF4D2C6A56AE419EBC3097D7D22F4A' FROM CD_VRSN_TBL WHERE CD_ID = x'28E5ACC77D27FB4E94EEBFD1278F40F7' AND OBSLT_UTC IS NULL;
INSERT INTO CD_REF_TERM_ASSOC_TBL (REF_TERM_ID, CD_ID, EFFT_VRSN_SEQ_ID, REL_TYP_ID) SELECT x'E54DA9F1E855354FBDE6F043887B2ED7', x'7378AB21F38E784D9C194582B3C40631', VRSN_SEQ_ID, x'C2AF4D2C6A56AE419EBC3097D7D22F4A' FROM CD_VRSN_TBL WHERE CD_ID = x'7378AB21F38E784D9C194582B3C40631' AND OBSLT_UTC IS NULL;
INSERT INTO CD_REF_TERM_ASSOC_TBL (REF_TERM_ID, CD_ID, EFFT_VRSN_SEQ_ID, REL_TYP_ID) SELECT x'2DF6C9B7DB546E4B8E55DEC103D4AA75', x'754FDD79E8682247A7F58BC2E08F5CD6', VRSN_SEQ_ID, x'C2AF4D2C6A56AE419EBC3097D7D22F4A' FROM CD_VRSN_TBL WHERE CD_ID = x'754FDD79E8682247A7F58BC2E08F5CD6' AND OBSLT_UTC IS NULL;
INSERT INTO CD_REF_TERM_ASSOC_TBL (REF_TERM_ID, CD_ID, EFFT_VRSN_SEQ_ID, REL_TYP_ID) SELECT x'C2EBE33FE2D0EA49BD2E28B4BC4982B1', x'B3FFB248DB07BA47AD73FC8FB8502471', VRSN_SEQ_ID, x'C2AF4D2C6A56AE419EBC3097D7D22F4A' FROM CD_VRSN_TBL WHERE CD_ID = x'B3FFB248DB07BA47AD73FC8FB8502471' AND OBSLT_UTC IS NULL;
INSERT INTO CD_REF_TERM_ASSOC_TBL (REF_TERM_ID, CD_ID, EFFT_VRSN_SEQ_ID, REL_TYP_ID) SELECT x'F6D9A978C3B9A74E8C742D689FCA8F2A', x'7DEEEF6EF5DFD346A6A7171EF93879C7', VRSN_SEQ_ID, x'C2AF4D2C6A56AE419EBC3097D7D22F4A' FROM CD_VRSN_TBL WHERE CD_ID = x'7DEEEF6EF5DFD346A6A7171EF93879C7' AND OBSLT_UTC IS NULL;
INSERT INTO CD_REF_TERM_ASSOC_TBL (REF_TERM_ID, CD_ID, EFFT_VRSN_SEQ_ID, REL_TYP_ID) SELECT x'0EF1D0E9796A0441B5FCE9D21EF1F9FD', x'285C1A4DB7DE1E41B75FD524F90DFA63', VRSN_SEQ_ID, x'C2AF4D2C6A56AE419EBC3097D7D22F4A' FROM CD_VRSN_TBL WHERE CD_ID = x'285C1A4DB7DE1E41B75FD524F90DFA63' AND OBSLT_UTC IS NULL;
INSERT INTO CD_REF_TERM_ASSOC_TBL (REF_TERM_ID, CD_ID, EFFT_VRSN_SEQ_ID, REL_TYP_ID) SELECT x'741EC0B8B1198944BD969E8C2AD44913', x'F6AA351987D4824CAC17FB917B5B6D71', VRSN_SEQ_ID, x'C2AF4D2C6A56AE419EBC3097D7D22F4A' FROM CD_VRSN_TBL WHERE CD_ID = x'F6AA351987D4824CAC17FB917B5B6D71' AND OBSLT_UTC IS NULL;
INSERT INTO CD_REF_TERM_ASSOC_TBL (REF_TERM_ID, CD_ID, EFFT_VRSN_SEQ_ID, REL_TYP_ID) SELECT x'CD4A20D5F53BB3469CA2F4FE64034311', x'DE089FF2A7785E4AAEAF7B545BA19A09', VRSN_SEQ_ID, x'C2AF4D2C6A56AE419EBC3097D7D22F4A' FROM CD_VRSN_TBL WHERE CD_ID = x'DE089FF2A7785E4AAEAF7B545BA19A09' AND OBSLT_UTC IS NULL;
INSERT INTO CD_REF_TERM_ASSOC_TBL (REF_TERM_ID, CD_ID, EFFT_VRSN_SEQ_ID, REL_TYP_ID) SELECT x'A774BC25B17A4447AEDDA08962D40021', x'ACA728AD6BA6C44291B4DE40A2B11980', VRSN_SEQ_ID, x'C2AF4D2C6A56AE419EBC3097D7D22F4A' FROM CD_VRSN_TBL WHERE CD_ID = x'ACA728AD6BA6C44291B4DE40A2B11980' AND OBSLT_UTC IS NULL;
INSERT INTO CD_REF_TERM_ASSOC_TBL (REF_TERM_ID, CD_ID, EFFT_VRSN_SEQ_ID, REL_TYP_ID) SELECT x'2D93E322F52D1343A6F59A47C65075B1', x'B7F14C609188FB49B95F3E4E875691BC', VRSN_SEQ_ID, x'C2AF4D2C6A56AE419EBC3097D7D22F4A' FROM CD_VRSN_TBL WHERE CD_ID = x'B7F14C609188FB49B95F3E4E875691BC' AND OBSLT_UTC IS NULL;
INSERT INTO CD_REF_TERM_ASSOC_TBL (REF_TERM_ID, CD_ID, EFFT_VRSN_SEQ_ID, REL_TYP_ID) SELECT x'A774BC25B17A4447AEDDA08962D40021', x'ACA728AD6BA6C44291B4DE40A2B11980', VRSN_SEQ_ID, x'C2AF4D2C6A56AE419EBC3097D7D22F4A' FROM CD_VRSN_TBL WHERE CD_ID = x'ACA728AD6BA6C44291B4DE40A2B11980' AND OBSLT_UTC IS NULL;
INSERT INTO CD_REF_TERM_ASSOC_TBL (REF_TERM_ID, CD_ID, EFFT_VRSN_SEQ_ID, REL_TYP_ID) SELECT x'2D93E322F52D1343A6F59A47C65075B1', x'B7F14C609188FB49B95F3E4E875691BC', VRSN_SEQ_ID, x'C2AF4D2C6A56AE419EBC3097D7D22F4A' FROM CD_VRSN_TBL WHERE CD_ID = x'B7F14C609188FB49B95F3E4E875691BC' AND OBSLT_UTC IS NULL;
INSERT INTO CD_REF_TERM_ASSOC_TBL (REF_TERM_ID, CD_ID, EFFT_VRSN_SEQ_ID, REL_TYP_ID) SELECT x'CD4A20D5F53BB3469CA2F4FE64034311', x'DE089FF2A7785E4AAEAF7B545BA19A09', VRSN_SEQ_ID, x'C2AF4D2C6A56AE419EBC3097D7D22F4A' FROM CD_VRSN_TBL WHERE CD_ID = x'DE089FF2A7785E4AAEAF7B545BA19A09' AND OBSLT_UTC IS NULL;
INSERT INTO CD_REF_TERM_ASSOC_TBL (REF_TERM_ID, CD_ID, EFFT_VRSN_SEQ_ID, REL_TYP_ID) SELECT x'F18722F4A6C88645A463548E0E3AC3CC', x'D81E6571918C3948B76E9BFDD2EDBA43', VRSN_SEQ_ID, x'C2AF4D2C6A56AE419EBC3097D7D22F4A' FROM CD_VRSN_TBL WHERE CD_ID = x'D81E6571918C3948B76E9BFDD2EDBA43' AND OBSLT_UTC IS NULL;
INSERT INTO CD_REF_TERM_ASSOC_TBL (REF_TERM_ID, CD_ID, EFFT_VRSN_SEQ_ID, REL_TYP_ID) SELECT x'218A35C7CCD2D8468FE987C794F72571', x'AF3FCBF05D4304479217B884F757BC14', VRSN_SEQ_ID, x'C2AF4D2C6A56AE419EBC3097D7D22F4A' FROM CD_VRSN_TBL WHERE CD_ID = x'AF3FCBF05D4304479217B884F757BC14' AND OBSLT_UTC IS NULL;
INSERT INTO CD_REF_TERM_ASSOC_TBL (REF_TERM_ID, CD_ID, EFFT_VRSN_SEQ_ID, REL_TYP_ID) SELECT x'66A679A8E3D73A428592DBE1FFE1ACE3', x'2AAF58F105D41646A45950E8494A9A56', VRSN_SEQ_ID, x'C2AF4D2C6A56AE419EBC3097D7D22F4A' FROM CD_VRSN_TBL WHERE CD_ID = x'2AAF58F105D41646A45950E8494A9A56' AND OBSLT_UTC IS NULL;
INSERT INTO CD_REF_TERM_ASSOC_TBL (REF_TERM_ID, CD_ID, EFFT_VRSN_SEQ_ID, REL_TYP_ID) SELECT x'1F025152E2389F4BBF1368460A24FC8F', x'2BAD35CC99664649AE3876AB08193F41', VRSN_SEQ_ID, x'C2AF4D2C6A56AE419EBC3097D7D22F4A' FROM CD_VRSN_TBL WHERE CD_ID = x'2BAD35CC99664649AE3876AB08193F41' AND OBSLT_UTC IS NULL;
INSERT INTO CD_REF_TERM_ASSOC_TBL (REF_TERM_ID, CD_ID, EFFT_VRSN_SEQ_ID, REL_TYP_ID) SELECT x'C722029AA70234479991F3FF7DD6A47E', x'D2660DC5DAE5344AB2B74CD4FE4EF2C4', VRSN_SEQ_ID, x'C2AF4D2C6A56AE419EBC3097D7D22F4A' FROM CD_VRSN_TBL WHERE CD_ID = x'D2660DC5DAE5344AB2B74CD4FE4EF2C4' AND OBSLT_UTC IS NULL;
INSERT INTO CD_REF_TERM_ASSOC_TBL (REF_TERM_ID, CD_ID, EFFT_VRSN_SEQ_ID, REL_TYP_ID) SELECT x'829DB911C7953445B22B2201848E128B', x'484260391278604BBC548CC1FFFB1DE6', VRSN_SEQ_ID, x'C2AF4D2C6A56AE419EBC3097D7D22F4A' FROM CD_VRSN_TBL WHERE CD_ID = x'484260391278604BBC548CC1FFFB1DE6' AND OBSLT_UTC IS NULL;
INSERT INTO CD_REF_TERM_ASSOC_TBL (REF_TERM_ID, CD_ID, EFFT_VRSN_SEQ_ID, REL_TYP_ID) SELECT x'2D5A2ECA674C4942A95ADB8C8BE67523', x'82548AEC5920FC43A4CE04F71F64E3D8', VRSN_SEQ_ID, x'C2AF4D2C6A56AE419EBC3097D7D22F4A' FROM CD_VRSN_TBL WHERE CD_ID = x'82548AEC5920FC43A4CE04F71F64E3D8' AND OBSLT_UTC IS NULL;
INSERT INTO CD_REF_TERM_ASSOC_TBL (REF_TERM_ID, CD_ID, EFFT_VRSN_SEQ_ID, REL_TYP_ID) SELECT x'4AAE07187E7DB54F91D449E7841483F7', x'4FD94ED6A4E4A249A0D81E6F393AAB36', VRSN_SEQ_ID, x'C2AF4D2C6A56AE419EBC3097D7D22F4A' FROM CD_VRSN_TBL WHERE CD_ID = x'4FD94ED6A4E4A249A0D81E6F393AAB36' AND OBSLT_UTC IS NULL;
INSERT INTO CD_REF_TERM_ASSOC_TBL (REF_TERM_ID, CD_ID, EFFT_VRSN_SEQ_ID, REL_TYP_ID) SELECT x'662546A70FC39B4B83062244C2CE737F', x'F10564197EE04E49A56EB4B563CD85FC', VRSN_SEQ_ID, x'C2AF4D2C6A56AE419EBC3097D7D22F4A' FROM CD_VRSN_TBL WHERE CD_ID = x'F10564197EE04E49A56EB4B563CD85FC' AND OBSLT_UTC IS NULL;
INSERT INTO CD_REF_TERM_ASSOC_TBL (REF_TERM_ID, CD_ID, EFFT_VRSN_SEQ_ID, REL_TYP_ID) SELECT x'DD0FB2E8C76AAA4C9DE59C93BF2AB33F', x'1D6AAD9771688C44A504CB82CABC0452', VRSN_SEQ_ID, x'C2AF4D2C6A56AE419EBC3097D7D22F4A' FROM CD_VRSN_TBL WHERE CD_ID = x'1D6AAD9771688C44A504CB82CABC0452' AND OBSLT_UTC IS NULL;
INSERT INTO CD_REF_TERM_ASSOC_TBL (REF_TERM_ID, CD_ID, EFFT_VRSN_SEQ_ID, REL_TYP_ID) SELECT x'F5C73BD3414A9C42BEFACDB79452095B', x'2139504C6E1D4941A3C433F6BE4646CE', VRSN_SEQ_ID, x'C2AF4D2C6A56AE419EBC3097D7D22F4A' FROM CD_VRSN_TBL WHERE CD_ID = x'2139504C6E1D4941A3C433F6BE4646CE' AND OBSLT_UTC IS NULL;
INSERT INTO CD_REF_TERM_ASSOC_TBL (REF_TERM_ID, CD_ID, EFFT_VRSN_SEQ_ID, REL_TYP_ID) SELECT x'4E87B61CC95161439747C688F14475FF', x'870A8B4B2E7D6D40AEB01041C3841B57', VRSN_SEQ_ID, x'C2AF4D2C6A56AE419EBC3097D7D22F4A' FROM CD_VRSN_TBL WHERE CD_ID = x'870A8B4B2E7D6D40AEB01041C3841B57' AND OBSLT_UTC IS NULL;
INSERT INTO CD_REF_TERM_ASSOC_TBL (REF_TERM_ID, CD_ID, EFFT_VRSN_SEQ_ID, REL_TYP_ID) SELECT x'03E7AAE4A294E149B923C637E698C983', x'578584618DD7E540954F0B9C97307A04', VRSN_SEQ_ID, x'C2AF4D2C6A56AE419EBC3097D7D22F4A' FROM CD_VRSN_TBL WHERE CD_ID = x'578584618DD7E540954F0B9C97307A04' AND OBSLT_UTC IS NULL;
INSERT INTO CD_REF_TERM_ASSOC_TBL (REF_TERM_ID, CD_ID, EFFT_VRSN_SEQ_ID, REL_TYP_ID) SELECT x'74B5F942A6A7C84BAE71C208A70365A6', x'F8AD5D4575C1A145A85934283A8210F8', VRSN_SEQ_ID, x'C2AF4D2C6A56AE419EBC3097D7D22F4A' FROM CD_VRSN_TBL WHERE CD_ID = x'F8AD5D4575C1A145A85934283A8210F8' AND OBSLT_UTC IS NULL;
INSERT INTO CD_REF_TERM_ASSOC_TBL (REF_TERM_ID, CD_ID, EFFT_VRSN_SEQ_ID, REL_TYP_ID) SELECT x'10C5182F93146447B1027881671586ED', x'164217A0396451439483A241A48029B7', VRSN_SEQ_ID, x'C2AF4D2C6A56AE419EBC3097D7D22F4A' FROM CD_VRSN_TBL WHERE CD_ID = x'164217A0396451439483A241A48029B7' AND OBSLT_UTC IS NULL;
INSERT INTO CD_REF_TERM_ASSOC_TBL (REF_TERM_ID, CD_ID, EFFT_VRSN_SEQ_ID, REL_TYP_ID) SELECT x'B4682F3320AB3D44A37DF7D0EC5E44F5', x'AD29BF6C51ACC948885ACFE3026ECF6E', VRSN_SEQ_ID, x'C2AF4D2C6A56AE419EBC3097D7D22F4A' FROM CD_VRSN_TBL WHERE CD_ID = x'AD29BF6C51ACC948885ACFE3026ECF6E' AND OBSLT_UTC IS NULL;
INSERT INTO CD_REF_TERM_ASSOC_TBL (REF_TERM_ID, CD_ID, EFFT_VRSN_SEQ_ID, REL_TYP_ID) SELECT x'218A35C7CCD2D8468FE987C794F72571', x'AF3FCBF05D4304479217B884F757BC14', VRSN_SEQ_ID, x'C2AF4D2C6A56AE419EBC3097D7D22F4A' FROM CD_VRSN_TBL WHERE CD_ID = x'AF3FCBF05D4304479217B884F757BC14' AND OBSLT_UTC IS NULL;
INSERT INTO CD_REF_TERM_ASSOC_TBL (REF_TERM_ID, CD_ID, EFFT_VRSN_SEQ_ID, REL_TYP_ID) SELECT x'7D602718B080A14E9CF5A4E4D57EE02A', x'AE404C9C152C8145A496BE1ABFE4EB66', VRSN_SEQ_ID, x'C2AF4D2C6A56AE419EBC3097D7D22F4A' FROM CD_VRSN_TBL WHERE CD_ID = x'AE404C9C152C8145A496BE1ABFE4EB66' AND OBSLT_UTC IS NULL;
INSERT INTO CD_REF_TERM_ASSOC_TBL (REF_TERM_ID, CD_ID, EFFT_VRSN_SEQ_ID, REL_TYP_ID) SELECT x'3372D53319B125498235170E30060ED7', x'D74A360A61F98A4D93F01FD4176548B3', VRSN_SEQ_ID, x'C2AF4D2C6A56AE419EBC3097D7D22F4A' FROM CD_VRSN_TBL WHERE CD_ID = x'D74A360A61F98A4D93F01FD4176548B3' AND OBSLT_UTC IS NULL;
INSERT INTO CD_REF_TERM_ASSOC_TBL (REF_TERM_ID, CD_ID, EFFT_VRSN_SEQ_ID, REL_TYP_ID) SELECT x'E25B1B5FF7BCA840BD4E20CA20091C42', x'04FF7313EFA60A42B1D04A07465FE8E8', VRSN_SEQ_ID, x'C2AF4D2C6A56AE419EBC3097D7D22F4A' FROM CD_VRSN_TBL WHERE CD_ID = x'04FF7313EFA60A42B1D04A07465FE8E8' AND OBSLT_UTC IS NULL;
INSERT INTO CD_REF_TERM_ASSOC_TBL (REF_TERM_ID, CD_ID, EFFT_VRSN_SEQ_ID, REL_TYP_ID) SELECT x'CE77527E4C7D5845AA90E0D7E00857E4', x'2334F6D99BBAD948BA38C404B784B670', VRSN_SEQ_ID, x'C2AF4D2C6A56AE419EBC3097D7D22F4A' FROM CD_VRSN_TBL WHERE CD_ID = x'2334F6D99BBAD948BA38C404B784B670' AND OBSLT_UTC IS NULL;
INSERT INTO CD_REF_TERM_ASSOC_TBL (REF_TERM_ID, CD_ID, EFFT_VRSN_SEQ_ID, REL_TYP_ID) SELECT x'0813728599DA464DAAA3054F4576F15E', x'6E4E59A2FEE8684C82A5D3A46DBEC87D', VRSN_SEQ_ID, x'C2AF4D2C6A56AE419EBC3097D7D22F4A' FROM CD_VRSN_TBL WHERE CD_ID = x'6E4E59A2FEE8684C82A5D3A46DBEC87D' AND OBSLT_UTC IS NULL;
INSERT INTO CD_REF_TERM_ASSOC_TBL (REF_TERM_ID, CD_ID, EFFT_VRSN_SEQ_ID, REL_TYP_ID) SELECT x'C722029AA70234479991F3FF7DD6A47E', x'D2660DC5DAE5344AB2B74CD4FE4EF2C4', VRSN_SEQ_ID, x'C2AF4D2C6A56AE419EBC3097D7D22F4A' FROM CD_VRSN_TBL WHERE CD_ID = x'D2660DC5DAE5344AB2B74CD4FE4EF2C4' AND OBSLT_UTC IS NULL;
INSERT INTO CD_REF_TERM_ASSOC_TBL (REF_TERM_ID, CD_ID, EFFT_VRSN_SEQ_ID, REL_TYP_ID) SELECT x'F431BAEA72F77D448E67082E64CDC64F', x'ED617A72352F094E8BB66D09E2BA8FEC', VRSN_SEQ_ID, x'C2AF4D2C6A56AE419EBC3097D7D22F4A' FROM CD_VRSN_TBL WHERE CD_ID = x'ED617A72352F094E8BB66D09E2BA8FEC' AND OBSLT_UTC IS NULL;
INSERT INTO CD_REF_TERM_ASSOC_TBL (REF_TERM_ID, CD_ID, EFFT_VRSN_SEQ_ID, REL_TYP_ID) SELECT x'F971448536DC544AB880497348E8825A', x'66676A5A1D8E364DAE509B7D82D8A182', VRSN_SEQ_ID, x'C2AF4D2C6A56AE419EBC3097D7D22F4A' FROM CD_VRSN_TBL WHERE CD_ID = x'66676A5A1D8E364DAE509B7D82D8A182' AND OBSLT_UTC IS NULL;
INSERT INTO CD_REF_TERM_ASSOC_TBL (REF_TERM_ID, CD_ID, EFFT_VRSN_SEQ_ID, REL_TYP_ID) SELECT x'703FCBDE2FB3944288E0E51C597083E4', x'2F0C9F3A22E33946A8E70DF67CAC761B', VRSN_SEQ_ID, x'C2AF4D2C6A56AE419EBC3097D7D22F4A' FROM CD_VRSN_TBL WHERE CD_ID = x'2F0C9F3A22E33946A8E70DF67CAC761B' AND OBSLT_UTC IS NULL;
INSERT INTO CD_REF_TERM_ASSOC_TBL (REF_TERM_ID, CD_ID, EFFT_VRSN_SEQ_ID, REL_TYP_ID) SELECT x'829DB911C7953445B22B2201848E128B', x'484260391278604BBC548CC1FFFB1DE6', VRSN_SEQ_ID, x'C2AF4D2C6A56AE419EBC3097D7D22F4A' FROM CD_VRSN_TBL WHERE CD_ID = x'484260391278604BBC548CC1FFFB1DE6' AND OBSLT_UTC IS NULL;
INSERT INTO CD_REF_TERM_ASSOC_TBL (REF_TERM_ID, CD_ID, EFFT_VRSN_SEQ_ID, REL_TYP_ID) SELECT x'2FC91079F8E9E546BC2F3E3737F840ED', x'91B29097A3B8854CA240C2C38885AD5D', VRSN_SEQ_ID, x'C2AF4D2C6A56AE419EBC3097D7D22F4A' FROM CD_VRSN_TBL WHERE CD_ID = x'91B29097A3B8854CA240C2C38885AD5D' AND OBSLT_UTC IS NULL;
INSERT INTO CD_REF_TERM_ASSOC_TBL (REF_TERM_ID, CD_ID, EFFT_VRSN_SEQ_ID, REL_TYP_ID) SELECT x'03E7AAE4A294E149B923C637E698C983', x'578584618DD7E540954F0B9C97307A04', VRSN_SEQ_ID, x'C2AF4D2C6A56AE419EBC3097D7D22F4A' FROM CD_VRSN_TBL WHERE CD_ID = x'578584618DD7E540954F0B9C97307A04' AND OBSLT_UTC IS NULL;
INSERT INTO CD_REF_TERM_ASSOC_TBL (REF_TERM_ID, CD_ID, EFFT_VRSN_SEQ_ID, REL_TYP_ID) SELECT x'A84516EE361D6A4AA0B0F262A4B1DFF3', x'3DA204C7EF86114E9050F8AA10919FF2', VRSN_SEQ_ID, x'C2AF4D2C6A56AE419EBC3097D7D22F4A' FROM CD_VRSN_TBL WHERE CD_ID = x'3DA204C7EF86114E9050F8AA10919FF2' AND OBSLT_UTC IS NULL;
INSERT INTO CD_REF_TERM_ASSOC_TBL (REF_TERM_ID, CD_ID, EFFT_VRSN_SEQ_ID, REL_TYP_ID) SELECT x'D77D97D5E56C1943843D870B83497029', x'8B0F8E5E23BC474882AB49B8DD79981E', VRSN_SEQ_ID, x'C2AF4D2C6A56AE419EBC3097D7D22F4A' FROM CD_VRSN_TBL WHERE CD_ID = x'8B0F8E5E23BC474882AB49B8DD79981E' AND OBSLT_UTC IS NULL;
INSERT INTO CD_REF_TERM_ASSOC_TBL (REF_TERM_ID, CD_ID, EFFT_VRSN_SEQ_ID, REL_TYP_ID) SELECT x'AC92636D7BCCCF4BAF2F49534DBD4D63', x'27753FDEC9E3EF45857400CA4495F767', VRSN_SEQ_ID, x'C2AF4D2C6A56AE419EBC3097D7D22F4A' FROM CD_VRSN_TBL WHERE CD_ID = x'27753FDEC9E3EF45857400CA4495F767' AND OBSLT_UTC IS NULL;
INSERT INTO CD_REF_TERM_ASSOC_TBL (REF_TERM_ID, CD_ID, EFFT_VRSN_SEQ_ID, REL_TYP_ID) SELECT x'7C794242A519AD4E898754891B80ED26', x'7F35820BE05A4345AB8EA33E9B315BAB', VRSN_SEQ_ID, x'C2AF4D2C6A56AE419EBC3097D7D22F4A' FROM CD_VRSN_TBL WHERE CD_ID = x'7F35820BE05A4345AB8EA33E9B315BAB' AND OBSLT_UTC IS NULL;
INSERT INTO CD_REF_TERM_ASSOC_TBL (REF_TERM_ID, CD_ID, EFFT_VRSN_SEQ_ID, REL_TYP_ID) SELECT x'1F025152E2389F4BBF1368460A24FC8F', x'696D9D649C130640AE45AFF4649D6079', VRSN_SEQ_ID, x'C2AF4D2C6A56AE419EBC3097D7D22F4A' FROM CD_VRSN_TBL WHERE CD_ID = x'696D9D649C130640AE45AFF4649D6079' AND OBSLT_UTC IS NULL;
INSERT INTO CD_REF_TERM_ASSOC_TBL (REF_TERM_ID, CD_ID, EFFT_VRSN_SEQ_ID, REL_TYP_ID) SELECT x'5B8ECEF768AA5844A8EC25D2B7CB26FB', x'B0969847D535424881095FDBEE14E8A4', VRSN_SEQ_ID, x'C2AF4D2C6A56AE419EBC3097D7D22F4A' FROM CD_VRSN_TBL WHERE CD_ID = x'B0969847D535424881095FDBEE14E8A4' AND OBSLT_UTC IS NULL;
INSERT INTO CD_REF_TERM_ASSOC_TBL (REF_TERM_ID, CD_ID, EFFT_VRSN_SEQ_ID, REL_TYP_ID) SELECT x'66A679A8E3D73A428592DBE1FFE1ACE3', x'F7C7CAA5B7E3D84D872CDB0E7FCC2D84', VRSN_SEQ_ID, x'C2AF4D2C6A56AE419EBC3097D7D22F4A' FROM CD_VRSN_TBL WHERE CD_ID = x'F7C7CAA5B7E3D84D872CDB0E7FCC2D84' AND OBSLT_UTC IS NULL;
INSERT INTO CD_REF_TERM_ASSOC_TBL (REF_TERM_ID, CD_ID, EFFT_VRSN_SEQ_ID, REL_TYP_ID) SELECT x'88DA71E27B76794785344416029FAED6', x'6CDB92675CFDB84A96F5ACE5665BDCB9', VRSN_SEQ_ID, x'C2AF4D2C6A56AE419EBC3097D7D22F4A' FROM CD_VRSN_TBL WHERE CD_ID = x'6CDB92675CFDB84A96F5ACE5665BDCB9' AND OBSLT_UTC IS NULL;
INSERT INTO CD_REF_TERM_ASSOC_TBL (REF_TERM_ID, CD_ID, EFFT_VRSN_SEQ_ID, REL_TYP_ID) SELECT x'32FBEC950B09F840B7D8231525B4214F', x'3D0D9976273F394B836BBA87EEBA3328', VRSN_SEQ_ID, x'C2AF4D2C6A56AE419EBC3097D7D22F4A' FROM CD_VRSN_TBL WHERE CD_ID = x'3D0D9976273F394B836BBA87EEBA3328' AND OBSLT_UTC IS NULL;
INSERT INTO CD_REF_TERM_ASSOC_TBL (REF_TERM_ID, CD_ID, EFFT_VRSN_SEQ_ID, REL_TYP_ID) SELECT x'2A04E941E0F8C94B89CC64FA7CB0DB7D', x'EE3512BE0A71324788FD6E895DE7C56D', VRSN_SEQ_ID, x'C2AF4D2C6A56AE419EBC3097D7D22F4A' FROM CD_VRSN_TBL WHERE CD_ID = x'EE3512BE0A71324788FD6E895DE7C56D' AND OBSLT_UTC IS NULL;
INSERT INTO CD_REF_TERM_ASSOC_TBL (REF_TERM_ID, CD_ID, EFFT_VRSN_SEQ_ID, REL_TYP_ID) SELECT x'C2888927C3BED14A98A9F66A3A38F6C9', x'A9A560EA71E90D4FBB5DDC7A0C74A2C9', VRSN_SEQ_ID, x'C2AF4D2C6A56AE419EBC3097D7D22F4A' FROM CD_VRSN_TBL WHERE CD_ID = x'A9A560EA71E90D4FBB5DDC7A0C74A2C9' AND OBSLT_UTC IS NULL;
INSERT INTO CD_REF_TERM_ASSOC_TBL (REF_TERM_ID, CD_ID, EFFT_VRSN_SEQ_ID, REL_TYP_ID) SELECT x'510BD0CD2332F849B8E231F213ADDC87', x'5C1B40EC334C29429C72428FC5DB37FF', VRSN_SEQ_ID, x'C2AF4D2C6A56AE419EBC3097D7D22F4A' FROM CD_VRSN_TBL WHERE CD_ID = x'5C1B40EC334C29429C72428FC5DB37FF' AND OBSLT_UTC IS NULL;
INSERT INTO CD_REF_TERM_ASSOC_TBL (REF_TERM_ID, CD_ID, EFFT_VRSN_SEQ_ID, REL_TYP_ID) SELECT x'F1B17967454EAB4AA5DCCC746E953D73', x'7B29B6CB3C743C458476BA4C10A1C965', VRSN_SEQ_ID, x'C2AF4D2C6A56AE419EBC3097D7D22F4A' FROM CD_VRSN_TBL WHERE CD_ID = x'7B29B6CB3C743C458476BA4C10A1C965' AND OBSLT_UTC IS NULL;
INSERT INTO CD_REF_TERM_ASSOC_TBL (REF_TERM_ID, CD_ID, EFFT_VRSN_SEQ_ID, REL_TYP_ID) SELECT x'662546A70FC39B4B83062244C2CE737F', x'8872E79909CB5040A8CF385513F32F0A', VRSN_SEQ_ID, x'C2AF4D2C6A56AE419EBC3097D7D22F4A' FROM CD_VRSN_TBL WHERE CD_ID = x'8872E79909CB5040A8CF385513F32F0A' AND OBSLT_UTC IS NULL;
INSERT INTO CD_REF_TERM_ASSOC_TBL (REF_TERM_ID, CD_ID, EFFT_VRSN_SEQ_ID, REL_TYP_ID) SELECT x'74B5F942A6A7C84BAE71C208A70365A6', x'0077060337CE5F408ED3E4965BA2F601', VRSN_SEQ_ID, x'C2AF4D2C6A56AE419EBC3097D7D22F4A' FROM CD_VRSN_TBL WHERE CD_ID = x'0077060337CE5F408ED3E4965BA2F601' AND OBSLT_UTC IS NULL;
INSERT INTO CD_REF_TERM_ASSOC_TBL (REF_TERM_ID, CD_ID, EFFT_VRSN_SEQ_ID, REL_TYP_ID) SELECT x'4E87B61CC95161439747C688F14475FF', x'217BE1BCB205024FBF7AC6D3561AA948', VRSN_SEQ_ID, x'C2AF4D2C6A56AE419EBC3097D7D22F4A' FROM CD_VRSN_TBL WHERE CD_ID = x'217BE1BCB205024FBF7AC6D3561AA948' AND OBSLT_UTC IS NULL;
INSERT INTO CD_REF_TERM_ASSOC_TBL (REF_TERM_ID, CD_ID, EFFT_VRSN_SEQ_ID, REL_TYP_ID) SELECT x'589FF10CD85B544EA6EDC261A3E0D322', x'DF44C72889D8444ABC1A2E9E9D64AF13', VRSN_SEQ_ID, x'C2AF4D2C6A56AE419EBC3097D7D22F4A' FROM CD_VRSN_TBL WHERE CD_ID = x'DF44C72889D8444ABC1A2E9E9D64AF13' AND OBSLT_UTC IS NULL;
INSERT INTO CD_REF_TERM_ASSOC_TBL (REF_TERM_ID, CD_ID, EFFT_VRSN_SEQ_ID, REL_TYP_ID) SELECT x'F9FDAA5E210D744093236EC92718DD84', x'3EB8817F780D85468BA4224EB315CE54', VRSN_SEQ_ID, x'C2AF4D2C6A56AE419EBC3097D7D22F4A' FROM CD_VRSN_TBL WHERE CD_ID = x'3EB8817F780D85468BA4224EB315CE54' AND OBSLT_UTC IS NULL;
INSERT INTO CD_REF_TERM_ASSOC_TBL (REF_TERM_ID, CD_ID, EFFT_VRSN_SEQ_ID, REL_TYP_ID) SELECT x'2006491830C2E44AA0B3B680C1984FF3', x'D471544BFEE3F74585A2AE2B4F224757', VRSN_SEQ_ID, x'C2AF4D2C6A56AE419EBC3097D7D22F4A' FROM CD_VRSN_TBL WHERE CD_ID = x'D471544BFEE3F74585A2AE2B4F224757' AND OBSLT_UTC IS NULL;
INSERT INTO CD_REF_TERM_ASSOC_TBL (REF_TERM_ID, CD_ID, EFFT_VRSN_SEQ_ID, REL_TYP_ID) SELECT x'9ECC824C92B2A44891C7DAC3DF5E547C', x'1E79FB289E171A46B16CCAC13A04BD0A', VRSN_SEQ_ID, x'C2AF4D2C6A56AE419EBC3097D7D22F4A' FROM CD_VRSN_TBL WHERE CD_ID = x'1E79FB289E171A46B16CCAC13A04BD0A' AND OBSLT_UTC IS NULL;
INSERT INTO CD_REF_TERM_ASSOC_TBL (REF_TERM_ID, CD_ID, EFFT_VRSN_SEQ_ID, REL_TYP_ID) SELECT x'E42401CAD5DB5647A0BFF7D84002570E', x'91B6522422F12141B9DF76D990B43F35', VRSN_SEQ_ID, x'C2AF4D2C6A56AE419EBC3097D7D22F4A' FROM CD_VRSN_TBL WHERE CD_ID = x'91B6522422F12141B9DF76D990B43F35' AND OBSLT_UTC IS NULL;
INSERT INTO CD_REF_TERM_ASSOC_TBL (REF_TERM_ID, CD_ID, EFFT_VRSN_SEQ_ID, REL_TYP_ID) SELECT x'DD0FB2E8C76AAA4C9DE59C93BF2AB33F', x'EEDB923F5EA64F4398CE841FEEB02E3F', VRSN_SEQ_ID, x'C2AF4D2C6A56AE419EBC3097D7D22F4A' FROM CD_VRSN_TBL WHERE CD_ID = x'EEDB923F5EA64F4398CE841FEEB02E3F' AND OBSLT_UTC IS NULL;
INSERT INTO CD_REF_TERM_ASSOC_TBL (REF_TERM_ID, CD_ID, EFFT_VRSN_SEQ_ID, REL_TYP_ID) SELECT x'E7FEF6BDD1EF5B44BFBCBA192BE966D3', x'B894C653D827DD4395A4BB318431D17C', VRSN_SEQ_ID, x'C2AF4D2C6A56AE419EBC3097D7D22F4A' FROM CD_VRSN_TBL WHERE CD_ID = x'B894C653D827DD4395A4BB318431D17C' AND OBSLT_UTC IS NULL;
INSERT INTO CD_REF_TERM_ASSOC_TBL (REF_TERM_ID, CD_ID, EFFT_VRSN_SEQ_ID, REL_TYP_ID) SELECT x'67E3DF1ED1B99C4EBB9583DF6E2C20BC', x'9979B801A7855C4F9B7E892F1195CFE3', VRSN_SEQ_ID, x'C2AF4D2C6A56AE419EBC3097D7D22F4A' FROM CD_VRSN_TBL WHERE CD_ID = x'9979B801A7855C4F9B7E892F1195CFE3' AND OBSLT_UTC IS NULL;
INSERT INTO CD_REF_TERM_ASSOC_TBL (REF_TERM_ID, CD_ID, EFFT_VRSN_SEQ_ID, REL_TYP_ID) SELECT x'DAAF56888603D34782A85C3F2CEF89C7', x'3479BB02B576C54CBD4258570F15EB4D', VRSN_SEQ_ID, x'C2AF4D2C6A56AE419EBC3097D7D22F4A' FROM CD_VRSN_TBL WHERE CD_ID = x'3479BB02B576C54CBD4258570F15EB4D' AND OBSLT_UTC IS NULL;
INSERT INTO CD_REF_TERM_ASSOC_TBL (REF_TERM_ID, CD_ID, EFFT_VRSN_SEQ_ID, REL_TYP_ID) SELECT x'69E13447E1334D4881A4125ACBB701D3', x'CAA6A36DB02A324D9588E094F277F06D', VRSN_SEQ_ID, x'C2AF4D2C6A56AE419EBC3097D7D22F4A' FROM CD_VRSN_TBL WHERE CD_ID = x'CAA6A36DB02A324D9588E094F277F06D' AND OBSLT_UTC IS NULL;
INSERT INTO CD_REF_TERM_ASSOC_TBL (REF_TERM_ID, CD_ID, EFFT_VRSN_SEQ_ID, REL_TYP_ID) SELECT x'47FC22D9041CDF4995BDEB13305C315B', x'55923F355E76364380071D61AB09AAD6', VRSN_SEQ_ID, x'C2AF4D2C6A56AE419EBC3097D7D22F4A' FROM CD_VRSN_TBL WHERE CD_ID = x'55923F355E76364380071D61AB09AAD6' AND OBSLT_UTC IS NULL;
INSERT INTO CD_REF_TERM_ASSOC_TBL (REF_TERM_ID, CD_ID, EFFT_VRSN_SEQ_ID, REL_TYP_ID) SELECT x'D0AAFBD8FEEFE64FA47B30DAA4B40AE4', x'3A01BEC3C520204C840CD9DBB15D040E', VRSN_SEQ_ID, x'C2AF4D2C6A56AE419EBC3097D7D22F4A' FROM CD_VRSN_TBL WHERE CD_ID = x'3A01BEC3C520204C840CD9DBB15D040E' AND OBSLT_UTC IS NULL;
INSERT INTO CD_REF_TERM_ASSOC_TBL (REF_TERM_ID, CD_ID, EFFT_VRSN_SEQ_ID, REL_TYP_ID) SELECT x'5629853E73AE12478E2EC69735297AC1', x'24367B7262EABB46A68BB9E49E302ECA', VRSN_SEQ_ID, x'C2AF4D2C6A56AE419EBC3097D7D22F4A' FROM CD_VRSN_TBL WHERE CD_ID = x'24367B7262EABB46A68BB9E49E302ECA' AND OBSLT_UTC IS NULL;
INSERT INTO CD_REF_TERM_ASSOC_TBL (REF_TERM_ID, CD_ID, EFFT_VRSN_SEQ_ID, REL_TYP_ID) SELECT x'E1B730723D153947B8E630C9DAFB3514', x'5B1805AC805AA847B924060DEB6D0EB2', VRSN_SEQ_ID, x'C2AF4D2C6A56AE419EBC3097D7D22F4A' FROM CD_VRSN_TBL WHERE CD_ID = x'5B1805AC805AA847B924060DEB6D0EB2' AND OBSLT_UTC IS NULL;
INSERT INTO CD_REF_TERM_ASSOC_TBL (REF_TERM_ID, CD_ID, EFFT_VRSN_SEQ_ID, REL_TYP_ID) SELECT x'4D67A3FB751ABF42AC4FA1D8E4591482', x'215F175D63198945A400B5EF5F64842C', VRSN_SEQ_ID, x'C2AF4D2C6A56AE419EBC3097D7D22F4A' FROM CD_VRSN_TBL WHERE CD_ID = x'215F175D63198945A400B5EF5F64842C' AND OBSLT_UTC IS NULL;
INSERT INTO CD_REF_TERM_ASSOC_TBL (REF_TERM_ID, CD_ID, EFFT_VRSN_SEQ_ID, REL_TYP_ID) SELECT x'6AA8404B6F353C4888D50EB6F5029930', x'DE25123C4E19CE49A41A0F9376B04C11', VRSN_SEQ_ID, x'C2AF4D2C6A56AE419EBC3097D7D22F4A' FROM CD_VRSN_TBL WHERE CD_ID = x'DE25123C4E19CE49A41A0F9376B04C11' AND OBSLT_UTC IS NULL;
INSERT INTO CD_REF_TERM_ASSOC_TBL (REF_TERM_ID, CD_ID, EFFT_VRSN_SEQ_ID, REL_TYP_ID) SELECT x'BEC54EFB2D1EAA44BAA6171DBEC94FC3', x'74AC0F5BC65AE64499A46813C0E2F4A9', VRSN_SEQ_ID, x'C2AF4D2C6A56AE419EBC3097D7D22F4A' FROM CD_VRSN_TBL WHERE CD_ID = x'74AC0F5BC65AE64499A46813C0E2F4A9' AND OBSLT_UTC IS NULL;
INSERT INTO CD_REF_TERM_ASSOC_TBL (REF_TERM_ID, CD_ID, EFFT_VRSN_SEQ_ID, REL_TYP_ID) SELECT x'4AAE07187E7DB54F91D449E7841483F7', x'A4705EFA6EA465468A2094D4D7B86FC8', VRSN_SEQ_ID, x'C2AF4D2C6A56AE419EBC3097D7D22F4A' FROM CD_VRSN_TBL WHERE CD_ID = x'A4705EFA6EA465468A2094D4D7B86FC8' AND OBSLT_UTC IS NULL;
INSERT INTO CD_REF_TERM_ASSOC_TBL (REF_TERM_ID, CD_ID, EFFT_VRSN_SEQ_ID, REL_TYP_ID) SELECT x'B3684E8643C1874BB40856A258289DEC', x'FA083F695A62D240B9286856099C0349', VRSN_SEQ_ID, x'C2AF4D2C6A56AE419EBC3097D7D22F4A' FROM CD_VRSN_TBL WHERE CD_ID = x'FA083F695A62D240B9286856099C0349' AND OBSLT_UTC IS NULL;
INSERT INTO CD_REF_TERM_ASSOC_TBL (REF_TERM_ID, CD_ID, EFFT_VRSN_SEQ_ID, REL_TYP_ID) SELECT x'E5C20CADB0A1004F8A06933B1960D333', x'6C13F6796514E845917EE7832BC8E3B2', VRSN_SEQ_ID, x'C2AF4D2C6A56AE419EBC3097D7D22F4A' FROM CD_VRSN_TBL WHERE CD_ID = x'6C13F6796514E845917EE7832BC8E3B2' AND OBSLT_UTC IS NULL;
INSERT INTO CD_REF_TERM_ASSOC_TBL (REF_TERM_ID, CD_ID, EFFT_VRSN_SEQ_ID, REL_TYP_ID) SELECT x'73B05D2A2E202144920760608DA4C859', x'061EF94F392EE3449FBE0D828FE318FE', VRSN_SEQ_ID, x'C2AF4D2C6A56AE419EBC3097D7D22F4A' FROM CD_VRSN_TBL WHERE CD_ID = x'061EF94F392EE3449FBE0D828FE318FE' AND OBSLT_UTC IS NULL;
INSERT INTO CD_REF_TERM_ASSOC_TBL (REF_TERM_ID, CD_ID, EFFT_VRSN_SEQ_ID, REL_TYP_ID) SELECT x'F5C73BD3414A9C42BEFACDB79452095B', x'124C476478B9B64BA58446DADEC2D952', VRSN_SEQ_ID, x'C2AF4D2C6A56AE419EBC3097D7D22F4A' FROM CD_VRSN_TBL WHERE CD_ID = x'124C476478B9B64BA58446DADEC2D952' AND OBSLT_UTC IS NULL;
INSERT INTO CD_REF_TERM_ASSOC_TBL (REF_TERM_ID, CD_ID, EFFT_VRSN_SEQ_ID, REL_TYP_ID) SELECT x'65EFC067F83FF24AB8F16EA961B67906', x'8757DCF94DDDC642A082AC7D11956FDA', VRSN_SEQ_ID, x'C2AF4D2C6A56AE419EBC3097D7D22F4A' FROM CD_VRSN_TBL WHERE CD_ID = x'8757DCF94DDDC642A082AC7D11956FDA' AND OBSLT_UTC IS NULL;
INSERT INTO CD_REF_TERM_ASSOC_TBL (REF_TERM_ID, CD_ID, EFFT_VRSN_SEQ_ID, REL_TYP_ID) SELECT x'F18722F4A6C88645A463548E0E3AC3CC', x'82BF2D1B03A5F44C9ECBA8E111B4674E', VRSN_SEQ_ID, x'C2AF4D2C6A56AE419EBC3097D7D22F4A' FROM CD_VRSN_TBL WHERE CD_ID = x'82BF2D1B03A5F44C9ECBA8E111B4674E' AND OBSLT_UTC IS NULL;
INSERT INTO CD_REF_TERM_ASSOC_TBL (REF_TERM_ID, CD_ID, EFFT_VRSN_SEQ_ID, REL_TYP_ID) SELECT x'2D5A2ECA674C4942A95ADB8C8BE67523', x'33A3160746CD9D43BFD6BF788F3885FA', VRSN_SEQ_ID, x'C2AF4D2C6A56AE419EBC3097D7D22F4A' FROM CD_VRSN_TBL WHERE CD_ID = x'33A3160746CD9D43BFD6BF788F3885FA' AND OBSLT_UTC IS NULL;
INSERT INTO CD_REF_TERM_ASSOC_TBL (REF_TERM_ID, CD_ID, EFFT_VRSN_SEQ_ID, REL_TYP_ID) SELECT x'0AF643E66789D847894E44B231DBEE8E', x'3571088E6F8C1442BDD2448387D3F24C', VRSN_SEQ_ID, x'C2AF4D2C6A56AE419EBC3097D7D22F4A' FROM CD_VRSN_TBL WHERE CD_ID = x'3571088E6F8C1442BDD2448387D3F24C' AND OBSLT_UTC IS NULL;
INSERT INTO CD_REF_TERM_ASSOC_TBL (REF_TERM_ID, CD_ID, EFFT_VRSN_SEQ_ID, REL_TYP_ID) SELECT x'8920773D7A58934CB7EEAA43C4FC0985', x'70CCD7CEBC12BB45AC46DDF41141E64B', VRSN_SEQ_ID, x'C2AF4D2C6A56AE419EBC3097D7D22F4A' FROM CD_VRSN_TBL WHERE CD_ID = x'70CCD7CEBC12BB45AC46DDF41141E64B' AND OBSLT_UTC IS NULL;
INSERT INTO CD_REF_TERM_ASSOC_TBL (REF_TERM_ID, CD_ID, EFFT_VRSN_SEQ_ID, REL_TYP_ID) SELECT x'689A378681FD6745B2CD8B57D4035C03', x'6E5DF36A7C5534409518E87BC6CFF808', VRSN_SEQ_ID, x'C2AF4D2C6A56AE419EBC3097D7D22F4A' FROM CD_VRSN_TBL WHERE CD_ID = x'6E5DF36A7C5534409518E87BC6CFF808' AND OBSLT_UTC IS NULL;
INSERT INTO CD_REF_TERM_ASSOC_TBL (REF_TERM_ID, CD_ID, EFFT_VRSN_SEQ_ID, REL_TYP_ID) SELECT x'BEF9181371954C468EB796177B4E7FB9', x'D93BDAFDEEA39C479B2D89BA49F09B85', VRSN_SEQ_ID, x'C2AF4D2C6A56AE419EBC3097D7D22F4A' FROM CD_VRSN_TBL WHERE CD_ID = x'D93BDAFDEEA39C479B2D89BA49F09B85' AND OBSLT_UTC IS NULL;
INSERT INTO CD_REF_TERM_ASSOC_TBL (REF_TERM_ID, CD_ID, EFFT_VRSN_SEQ_ID, REL_TYP_ID) SELECT x'5A573B8BA2EB4B45A087805F5083B048', x'216D7AA8A62CEA4A88F36135CCEB58D1', VRSN_SEQ_ID, x'C2AF4D2C6A56AE419EBC3097D7D22F4A' FROM CD_VRSN_TBL WHERE CD_ID = x'216D7AA8A62CEA4A88F36135CCEB58D1' AND OBSLT_UTC IS NULL;
INSERT INTO CD_REF_TERM_ASSOC_TBL (REF_TERM_ID, CD_ID, EFFT_VRSN_SEQ_ID, REL_TYP_ID) SELECT x'76FD3689BD58E8429BF221FE275531B8', x'8DB98236144B2B4E92F5AA7ABF522E28', VRSN_SEQ_ID, x'C2AF4D2C6A56AE419EBC3097D7D22F4A' FROM CD_VRSN_TBL WHERE CD_ID = x'8DB98236144B2B4E92F5AA7ABF522E28' AND OBSLT_UTC IS NULL;
INSERT INTO CD_REF_TERM_ASSOC_TBL (REF_TERM_ID, CD_ID, EFFT_VRSN_SEQ_ID, REL_TYP_ID) SELECT x'47F6C9E248EB7042A7B877C1AE858BB0', x'E7B5E78D41C9BD42B73552D750EFC5E6', VRSN_SEQ_ID, x'C2AF4D2C6A56AE419EBC3097D7D22F4A' FROM CD_VRSN_TBL WHERE CD_ID = x'E7B5E78D41C9BD42B73552D750EFC5E6' AND OBSLT_UTC IS NULL;
INSERT INTO CD_REF_TERM_ASSOC_TBL (REF_TERM_ID, CD_ID, EFFT_VRSN_SEQ_ID, REL_TYP_ID) SELECT x'A0DBCA1E65364C41856654E5EA9DE11C', x'45D47F8690D41946804E75C04B8A0E57', VRSN_SEQ_ID, x'C2AF4D2C6A56AE419EBC3097D7D22F4A' FROM CD_VRSN_TBL WHERE CD_ID = x'45D47F8690D41946804E75C04B8A0E57' AND OBSLT_UTC IS NULL;
INSERT INTO CD_REF_TERM_ASSOC_TBL (REF_TERM_ID, CD_ID, EFFT_VRSN_SEQ_ID, REL_TYP_ID) SELECT x'5A573B8BA2EB4B45A087805F5083B048', x'4BA0B77765C0AF4F8EC02CDAD4AE372B', VRSN_SEQ_ID, x'C2AF4D2C6A56AE419EBC3097D7D22F4A' FROM CD_VRSN_TBL WHERE CD_ID = x'4BA0B77765C0AF4F8EC02CDAD4AE372B' AND OBSLT_UTC IS NULL;
INSERT INTO CD_REF_TERM_ASSOC_TBL (REF_TERM_ID, CD_ID, EFFT_VRSN_SEQ_ID, REL_TYP_ID) SELECT x'583C6B9A87E3874DBC10545EAE914484', x'0114BD33DBDFE740A9140A695AD5186E', VRSN_SEQ_ID, x'C2AF4D2C6A56AE419EBC3097D7D22F4A' FROM CD_VRSN_TBL WHERE CD_ID = x'0114BD33DBDFE740A9140A695AD5186E' AND OBSLT_UTC IS NULL;
INSERT INTO CD_REF_TERM_ASSOC_TBL (REF_TERM_ID, CD_ID, EFFT_VRSN_SEQ_ID, REL_TYP_ID) SELECT x'8DA97DC52AD29B44B0FA315E52676275', x'DF987F75E0146A44BD50BB0AFFB34F09', VRSN_SEQ_ID, x'C2AF4D2C6A56AE419EBC3097D7D22F4A' FROM CD_VRSN_TBL WHERE CD_ID = x'DF987F75E0146A44BD50BB0AFFB34F09' AND OBSLT_UTC IS NULL;
INSERT INTO CD_REF_TERM_ASSOC_TBL (REF_TERM_ID, CD_ID, EFFT_VRSN_SEQ_ID, REL_TYP_ID) SELECT x'76FD3689BD58E8429BF221FE275531B8', x'8D14D2B135BB37438FE6021F5A3AC8A3', VRSN_SEQ_ID, x'C2AF4D2C6A56AE419EBC3097D7D22F4A' FROM CD_VRSN_TBL WHERE CD_ID = x'8D14D2B135BB37438FE6021F5A3AC8A3' AND OBSLT_UTC IS NULL;
INSERT INTO CD_REF_TERM_ASSOC_TBL (REF_TERM_ID, CD_ID, EFFT_VRSN_SEQ_ID, REL_TYP_ID) SELECT x'9A818B3F20591543A8DDD6AE323999AC', x'425F98256A475544A9774E97A554D710', VRSN_SEQ_ID, x'C2AF4D2C6A56AE419EBC3097D7D22F4A' FROM CD_VRSN_TBL WHERE CD_ID = x'425F98256A475544A9774E97A554D710' AND OBSLT_UTC IS NULL;
INSERT INTO CD_REF_TERM_ASSOC_TBL (REF_TERM_ID, CD_ID, EFFT_VRSN_SEQ_ID, REL_TYP_ID) SELECT x'4AE8D2F037E60C499ED7D65D411D7C86', x'4FE7E41E2D54444596F6266A6247F274', VRSN_SEQ_ID, x'C2AF4D2C6A56AE419EBC3097D7D22F4A' FROM CD_VRSN_TBL WHERE CD_ID = x'4FE7E41E2D54444596F6266A6247F274' AND OBSLT_UTC IS NULL;
INSERT INTO CD_REF_TERM_ASSOC_TBL (REF_TERM_ID, CD_ID, EFFT_VRSN_SEQ_ID, REL_TYP_ID) SELECT x'467E06FAB3551E4B909EA8464DC77C64', x'34238E3BCC4C244F8AAE37341EA03D3E', VRSN_SEQ_ID, x'C2AF4D2C6A56AE419EBC3097D7D22F4A' FROM CD_VRSN_TBL WHERE CD_ID = x'34238E3BCC4C244F8AAE37341EA03D3E' AND OBSLT_UTC IS NULL;
INSERT INTO CD_REF_TERM_ASSOC_TBL (REF_TERM_ID, CD_ID, EFFT_VRSN_SEQ_ID, REL_TYP_ID) SELECT x'E09506110AF627439ECDE2462ABAAE67', x'5231B1353CE4CB4B8649A9E83BEE33A2', VRSN_SEQ_ID, x'C2AF4D2C6A56AE419EBC3097D7D22F4A' FROM CD_VRSN_TBL WHERE CD_ID = x'5231B1353CE4CB4B8649A9E83BEE33A2' AND OBSLT_UTC IS NULL;
INSERT INTO CD_REF_TERM_ASSOC_TBL (REF_TERM_ID, CD_ID, EFFT_VRSN_SEQ_ID, REL_TYP_ID) SELECT x'4833A06C5FFBBA42A6CFD453B36FCC94', x'724684D4D7C04C4383776DD0655B0532', VRSN_SEQ_ID, x'C2AF4D2C6A56AE419EBC3097D7D22F4A' FROM CD_VRSN_TBL WHERE CD_ID = x'724684D4D7C04C4383776DD0655B0532' AND OBSLT_UTC IS NULL;
INSERT INTO CD_REF_TERM_ASSOC_TBL (REF_TERM_ID, CD_ID, EFFT_VRSN_SEQ_ID, REL_TYP_ID) SELECT x'6C83FFE0EEEB084C9BAFFDA73E900F4E', x'7962259DACF1B346A974DD13E2AD4F72', VRSN_SEQ_ID, x'C2AF4D2C6A56AE419EBC3097D7D22F4A' FROM CD_VRSN_TBL WHERE CD_ID = x'7962259DACF1B346A974DD13E2AD4F72' AND OBSLT_UTC IS NULL;
INSERT INTO CD_REF_TERM_ASSOC_TBL (REF_TERM_ID, CD_ID, EFFT_VRSN_SEQ_ID, REL_TYP_ID) SELECT x'A5DDA0FC32F12A4B8B051FECA58272C9', x'377F903D5C08264CB59B62E40621DAFD', VRSN_SEQ_ID, x'C2AF4D2C6A56AE419EBC3097D7D22F4A' FROM CD_VRSN_TBL WHERE CD_ID = x'377F903D5C08264CB59B62E40621DAFD' AND OBSLT_UTC IS NULL;
INSERT INTO CD_REF_TERM_ASSOC_TBL (REF_TERM_ID, CD_ID, EFFT_VRSN_SEQ_ID, REL_TYP_ID) SELECT x'12214E0A7E0DA0408B77B3B5DFAC6C87', x'8FD78EF2AB85A147BA08B5051E62D6C3', VRSN_SEQ_ID, x'C2AF4D2C6A56AE419EBC3097D7D22F4A' FROM CD_VRSN_TBL WHERE CD_ID = x'8FD78EF2AB85A147BA08B5051E62D6C3' AND OBSLT_UTC IS NULL;
INSERT INTO CD_REF_TERM_ASSOC_TBL (REF_TERM_ID, CD_ID, EFFT_VRSN_SEQ_ID, REL_TYP_ID) SELECT x'BC572D34DF875D4785E304690E9901A0', x'0F9B044789F1194E9AA87C38ADB2491A', VRSN_SEQ_ID, x'C2AF4D2C6A56AE419EBC3097D7D22F4A' FROM CD_VRSN_TBL WHERE CD_ID = x'0F9B044789F1194E9AA87C38ADB2491A' AND OBSLT_UTC IS NULL;
INSERT INTO CD_REF_TERM_ASSOC_TBL (REF_TERM_ID, CD_ID, EFFT_VRSN_SEQ_ID, REL_TYP_ID) SELECT x'BEA42A6671A6AB4386FB9EC88D87B07F', x'5B2A1AF313CEE147A0FBD704F31547DB', VRSN_SEQ_ID, x'C2AF4D2C6A56AE419EBC3097D7D22F4A' FROM CD_VRSN_TBL WHERE CD_ID = x'5B2A1AF313CEE147A0FBD704F31547DB' AND OBSLT_UTC IS NULL;
INSERT INTO CD_REF_TERM_ASSOC_TBL (REF_TERM_ID, CD_ID, EFFT_VRSN_SEQ_ID, REL_TYP_ID) SELECT x'7548ED8BF5700143B65E55BB54EA6B93', x'0CA0E2CBD5E1E944AAE3D7D03E3C2EFA', VRSN_SEQ_ID, x'C2AF4D2C6A56AE419EBC3097D7D22F4A' FROM CD_VRSN_TBL WHERE CD_ID = x'0CA0E2CBD5E1E944AAE3D7D03E3C2EFA' AND OBSLT_UTC IS NULL;
INSERT INTO CD_REF_TERM_ASSOC_TBL (REF_TERM_ID, CD_ID, EFFT_VRSN_SEQ_ID, REL_TYP_ID) SELECT x'DA33EF90BF422A40803C5D8D366FE3A7', x'C07BAD43D82E274B97E5B3DB00A07D17', VRSN_SEQ_ID, x'C2AF4D2C6A56AE419EBC3097D7D22F4A' FROM CD_VRSN_TBL WHERE CD_ID = x'C07BAD43D82E274B97E5B3DB00A07D17' AND OBSLT_UTC IS NULL;
INSERT INTO CD_REF_TERM_ASSOC_TBL (REF_TERM_ID, CD_ID, EFFT_VRSN_SEQ_ID, REL_TYP_ID) SELECT x'D295F8C188EFCC4291C54AB2C80E0700', x'E66AC966C4C5664D9BD0A00C56E831DA', VRSN_SEQ_ID, x'C2AF4D2C6A56AE419EBC3097D7D22F4A' FROM CD_VRSN_TBL WHERE CD_ID = x'E66AC966C4C5664D9BD0A00C56E831DA' AND OBSLT_UTC IS NULL;
INSERT INTO CD_REF_TERM_ASSOC_TBL (REF_TERM_ID, CD_ID, EFFT_VRSN_SEQ_ID, REL_TYP_ID) SELECT x'485521EEC6B8634BB47BDA29C4E23B5E', x'13953CB41C1CD04E92DB55A904C122E6', VRSN_SEQ_ID, x'C2AF4D2C6A56AE419EBC3097D7D22F4A' FROM CD_VRSN_TBL WHERE CD_ID = x'13953CB41C1CD04E92DB55A904C122E6' AND OBSLT_UTC IS NULL;
INSERT INTO CD_REF_TERM_ASSOC_TBL (REF_TERM_ID, CD_ID, EFFT_VRSN_SEQ_ID, REL_TYP_ID) SELECT x'95A649EBB772364AA64A9A2560068F14', x'8DB0CF1BFAC6DD4198BF06336A33A3B7', VRSN_SEQ_ID, x'C2AF4D2C6A56AE419EBC3097D7D22F4A' FROM CD_VRSN_TBL WHERE CD_ID = x'8DB0CF1BFAC6DD4198BF06336A33A3B7' AND OBSLT_UTC IS NULL;
INSERT INTO CD_REF_TERM_ASSOC_TBL (REF_TERM_ID, CD_ID, EFFT_VRSN_SEQ_ID, REL_TYP_ID) SELECT x'7D2CC1CC2B9F0E45A29B441C6262B1A2', x'570CB1F5E13AEA4186491CF8D9848AE1', VRSN_SEQ_ID, x'C2AF4D2C6A56AE419EBC3097D7D22F4A' FROM CD_VRSN_TBL WHERE CD_ID = x'570CB1F5E13AEA4186491CF8D9848AE1' AND OBSLT_UTC IS NULL;
INSERT INTO CD_REF_TERM_ASSOC_TBL (REF_TERM_ID, CD_ID, EFFT_VRSN_SEQ_ID, REL_TYP_ID) SELECT x'05339ED3B5F14043A6113A50423D3FE0', x'D12B520CA2DFCB43A98EF6FF137968AE', VRSN_SEQ_ID, x'C2AF4D2C6A56AE419EBC3097D7D22F4A' FROM CD_VRSN_TBL WHERE CD_ID = x'D12B520CA2DFCB43A98EF6FF137968AE' AND OBSLT_UTC IS NULL;
INSERT INTO CD_REF_TERM_ASSOC_TBL (REF_TERM_ID, CD_ID, EFFT_VRSN_SEQ_ID, REL_TYP_ID) SELECT x'01F2FBCC03DEEE4087394F0F32B2B7C1', x'C048ADD79D88E24199E9BE5E6C5327B2', VRSN_SEQ_ID, x'C2AF4D2C6A56AE419EBC3097D7D22F4A' FROM CD_VRSN_TBL WHERE CD_ID = x'C048ADD79D88E24199E9BE5E6C5327B2' AND OBSLT_UTC IS NULL;
INSERT INTO CD_REF_TERM_ASSOC_TBL (REF_TERM_ID, CD_ID, EFFT_VRSN_SEQ_ID, REL_TYP_ID) SELECT x'2D09C32E90001E42B01F37FEA0805F7E', x'FE7F59EF65D99843B55A650530EBB997', VRSN_SEQ_ID, x'C2AF4D2C6A56AE419EBC3097D7D22F4A' FROM CD_VRSN_TBL WHERE CD_ID = x'FE7F59EF65D99843B55A650530EBB997' AND OBSLT_UTC IS NULL;
INSERT INTO CD_REF_TERM_ASSOC_TBL (REF_TERM_ID, CD_ID, EFFT_VRSN_SEQ_ID, REL_TYP_ID) SELECT x'6399B714F8AFA84698F3065BD572B4D2', x'7E05FEB9577FEB4289D767C69646C0C4', VRSN_SEQ_ID, x'C2AF4D2C6A56AE419EBC3097D7D22F4A' FROM CD_VRSN_TBL WHERE CD_ID = x'7E05FEB9577FEB4289D767C69646C0C4' AND OBSLT_UTC IS NULL;
INSERT INTO CD_REF_TERM_ASSOC_TBL (REF_TERM_ID, CD_ID, EFFT_VRSN_SEQ_ID, REL_TYP_ID) SELECT x'14B2F63835ED3342A26271DD30E4A826', x'466CEFF1EB058244BAEBEAF0A8E5FFEF', VRSN_SEQ_ID, x'C2AF4D2C6A56AE419EBC3097D7D22F4A' FROM CD_VRSN_TBL WHERE CD_ID = x'466CEFF1EB058244BAEBEAF0A8E5FFEF' AND OBSLT_UTC IS NULL;
INSERT INTO CD_REF_TERM_ASSOC_TBL (REF_TERM_ID, CD_ID, EFFT_VRSN_SEQ_ID, REL_TYP_ID) SELECT x'C286486DA886B640AC0A46AEEAD4D060', x'D8FE046B64C19C46910BF824C2BDA4F0', VRSN_SEQ_ID, x'C2AF4D2C6A56AE419EBC3097D7D22F4A' FROM CD_VRSN_TBL WHERE CD_ID = x'D8FE046B64C19C46910BF824C2BDA4F0' AND OBSLT_UTC IS NULL;
INSERT INTO CD_REF_TERM_ASSOC_TBL (REF_TERM_ID, CD_ID, EFFT_VRSN_SEQ_ID, REL_TYP_ID) SELECT x'72DD6C265756F8448109432A43E368F4', x'6F9CCDBAA93F1E48963637457962804D', VRSN_SEQ_ID, x'C2AF4D2C6A56AE419EBC3097D7D22F4A' FROM CD_VRSN_TBL WHERE CD_ID = x'6F9CCDBAA93F1E48963637457962804D' AND OBSLT_UTC IS NULL;
INSERT INTO CD_REF_TERM_ASSOC_TBL (REF_TERM_ID, CD_ID, EFFT_VRSN_SEQ_ID, REL_TYP_ID) SELECT x'CC8B78853CC0294A8847954F0C5988F2', x'E15145736029684A93A2B277DB072A43', VRSN_SEQ_ID, x'C2AF4D2C6A56AE419EBC3097D7D22F4A' FROM CD_VRSN_TBL WHERE CD_ID = x'E15145736029684A93A2B277DB072A43' AND OBSLT_UTC IS NULL;
INSERT INTO CD_REF_TERM_ASSOC_TBL (REF_TERM_ID, CD_ID, EFFT_VRSN_SEQ_ID, REL_TYP_ID) SELECT x'C5A1370A65027945A252B040601905C0', x'D222C907C9125A4195D49B3FED4959D6', VRSN_SEQ_ID, x'C2AF4D2C6A56AE419EBC3097D7D22F4A' FROM CD_VRSN_TBL WHERE CD_ID = x'D222C907C9125A4195D49B3FED4959D6' AND OBSLT_UTC IS NULL;
INSERT INTO CD_REF_TERM_ASSOC_TBL (REF_TERM_ID, CD_ID, EFFT_VRSN_SEQ_ID, REL_TYP_ID) SELECT x'9FA999922DF9F84AAAC9F1F14868A31A', x'EF17C0CE494EAF418596ABAD1A91C9D0', VRSN_SEQ_ID, x'C2AF4D2C6A56AE419EBC3097D7D22F4A' FROM CD_VRSN_TBL WHERE CD_ID = x'EF17C0CE494EAF418596ABAD1A91C9D0' AND OBSLT_UTC IS NULL;
INSERT INTO CD_REF_TERM_ASSOC_TBL (REF_TERM_ID, CD_ID, EFFT_VRSN_SEQ_ID, REL_TYP_ID) SELECT x'2EF4D04FAE45B949BF0EB8F1817AAAC4', x'09DD21654B33BF4F9C891AD5A804326C', VRSN_SEQ_ID, x'C2AF4D2C6A56AE419EBC3097D7D22F4A' FROM CD_VRSN_TBL WHERE CD_ID = x'09DD21654B33BF4F9C891AD5A804326C' AND OBSLT_UTC IS NULL;
INSERT INTO CD_REF_TERM_ASSOC_TBL (REF_TERM_ID, CD_ID, EFFT_VRSN_SEQ_ID, REL_TYP_ID) SELECT x'3E6CAF0D0158D3458792EB8B1D172889', x'A5D9F98F06A2664582CD67B770D7CE8A', VRSN_SEQ_ID, x'C2AF4D2C6A56AE419EBC3097D7D22F4A' FROM CD_VRSN_TBL WHERE CD_ID = x'A5D9F98F06A2664582CD67B770D7CE8A' AND OBSLT_UTC IS NULL;
INSERT INTO CD_REF_TERM_ASSOC_TBL (REF_TERM_ID, CD_ID, EFFT_VRSN_SEQ_ID, REL_TYP_ID) SELECT x'062E83FBFCE02C48A063BC238F20802D', x'6675150CE9D176498542473CAA9BA2A4', VRSN_SEQ_ID, x'C2AF4D2C6A56AE419EBC3097D7D22F4A' FROM CD_VRSN_TBL WHERE CD_ID = x'6675150CE9D176498542473CAA9BA2A4' AND OBSLT_UTC IS NULL;
INSERT INTO CD_REF_TERM_ASSOC_TBL (REF_TERM_ID, CD_ID, EFFT_VRSN_SEQ_ID, REL_TYP_ID) SELECT x'FC754D2879779F438D7A27A2537D688F', x'3FD8FCA88B804B498A1CEC2C6DBC3DFA', VRSN_SEQ_ID, x'C2AF4D2C6A56AE419EBC3097D7D22F4A' FROM CD_VRSN_TBL WHERE CD_ID = x'3FD8FCA88B804B498A1CEC2C6DBC3DFA' AND OBSLT_UTC IS NULL;
INSERT INTO CD_REF_TERM_ASSOC_TBL (REF_TERM_ID, CD_ID, EFFT_VRSN_SEQ_ID, REL_TYP_ID) SELECT x'77B60EB3D21DD44D8D9303104C814C44', x'05B7C1DD68C77A4C8F6976AD4B167B40', VRSN_SEQ_ID, x'C2AF4D2C6A56AE419EBC3097D7D22F4A' FROM CD_VRSN_TBL WHERE CD_ID = x'05B7C1DD68C77A4C8F6976AD4B167B40' AND OBSLT_UTC IS NULL;
INSERT INTO CD_REF_TERM_ASSOC_TBL (REF_TERM_ID, CD_ID, EFFT_VRSN_SEQ_ID, REL_TYP_ID) SELECT x'07F225BA39255847826F94E18CD982AD', x'957E2CB5B8884C4C836A934277AFDB92', VRSN_SEQ_ID, x'C2AF4D2C6A56AE419EBC3097D7D22F4A' FROM CD_VRSN_TBL WHERE CD_ID = x'957E2CB5B8884C4C836A934277AFDB92' AND OBSLT_UTC IS NULL;
INSERT INTO CD_REF_TERM_ASSOC_TBL (REF_TERM_ID, CD_ID, EFFT_VRSN_SEQ_ID, REL_TYP_ID) SELECT x'FB38D45AEA96B6498C2BE4F8B19AE895', x'487EEFF3B7D83040B431AFF7E0E1CB76', VRSN_SEQ_ID, x'C2AF4D2C6A56AE419EBC3097D7D22F4A' FROM CD_VRSN_TBL WHERE CD_ID = x'487EEFF3B7D83040B431AFF7E0E1CB76' AND OBSLT_UTC IS NULL;
INSERT INTO CD_REF_TERM_ASSOC_TBL (REF_TERM_ID, CD_ID, EFFT_VRSN_SEQ_ID, REL_TYP_ID) SELECT x'8CCDF19E7C1CF3418F9136BDE9313507', x'CBDFB031BAD72A4598B945EBCCD30732', VRSN_SEQ_ID, x'C2AF4D2C6A56AE419EBC3097D7D22F4A' FROM CD_VRSN_TBL WHERE CD_ID = x'CBDFB031BAD72A4598B945EBCCD30732' AND OBSLT_UTC IS NULL;
INSERT INTO CD_REF_TERM_ASSOC_TBL (REF_TERM_ID, CD_ID, EFFT_VRSN_SEQ_ID, REL_TYP_ID) SELECT x'1E74027ACDA1784A8E2CD77BE33BA8F0', x'FE0CBE9BABFAC94DA28FC001E3E95E6E', VRSN_SEQ_ID, x'C2AF4D2C6A56AE419EBC3097D7D22F4A' FROM CD_VRSN_TBL WHERE CD_ID = x'FE0CBE9BABFAC94DA28FC001E3E95E6E' AND OBSLT_UTC IS NULL;
INSERT INTO CD_REF_TERM_ASSOC_TBL (REF_TERM_ID, CD_ID, EFFT_VRSN_SEQ_ID, REL_TYP_ID) SELECT x'81ADE44BC10A8B47B6D4BCFB9AB822C0', x'DA7A54F5B91EBB40B163081567D869E7', VRSN_SEQ_ID, x'C2AF4D2C6A56AE419EBC3097D7D22F4A' FROM CD_VRSN_TBL WHERE CD_ID = x'DA7A54F5B91EBB40B163081567D869E7' AND OBSLT_UTC IS NULL;
INSERT INTO CD_REF_TERM_ASSOC_TBL (REF_TERM_ID, CD_ID, EFFT_VRSN_SEQ_ID, REL_TYP_ID) SELECT x'5E7D78C168F1BF489589894B7813AA07', x'F4F83D7024B1C54495061AB74DDFD91D', VRSN_SEQ_ID, x'C2AF4D2C6A56AE419EBC3097D7D22F4A' FROM CD_VRSN_TBL WHERE CD_ID = x'F4F83D7024B1C54495061AB74DDFD91D' AND OBSLT_UTC IS NULL;
INSERT INTO CD_REF_TERM_ASSOC_TBL (REF_TERM_ID, CD_ID, EFFT_VRSN_SEQ_ID, REL_TYP_ID) SELECT x'A3CEAABB8392904D9F2C6A6F32976858', x'7C0839ABD3171A42A1E32DE4E0AB9FAF', VRSN_SEQ_ID, x'C2AF4D2C6A56AE419EBC3097D7D22F4A' FROM CD_VRSN_TBL WHERE CD_ID = x'7C0839ABD3171A42A1E32DE4E0AB9FAF' AND OBSLT_UTC IS NULL;
INSERT INTO CD_REF_TERM_ASSOC_TBL (REF_TERM_ID, CD_ID, EFFT_VRSN_SEQ_ID, REL_TYP_ID) SELECT x'6F0970C011605E499887377221165DC7', x'21A6029C6585B44694FFA2BD210989B1', VRSN_SEQ_ID, x'C2AF4D2C6A56AE419EBC3097D7D22F4A' FROM CD_VRSN_TBL WHERE CD_ID = x'21A6029C6585B44694FFA2BD210989B1' AND OBSLT_UTC IS NULL;
INSERT INTO CD_REF_TERM_ASSOC_TBL (REF_TERM_ID, CD_ID, EFFT_VRSN_SEQ_ID, REL_TYP_ID) SELECT x'A7E28563698A2044BB4B5B8AD3243E8B', x'938C0F5BC957FF4DB59A9564739EF445', VRSN_SEQ_ID, x'C2AF4D2C6A56AE419EBC3097D7D22F4A' FROM CD_VRSN_TBL WHERE CD_ID = x'938C0F5BC957FF4DB59A9564739EF445' AND OBSLT_UTC IS NULL;
INSERT INTO CD_REF_TERM_ASSOC_TBL (REF_TERM_ID, CD_ID, EFFT_VRSN_SEQ_ID, REL_TYP_ID) SELECT x'8D328A7787CE9748B46BD563C968B944', x'35B9C8C54F29904C9D81CBF914BF5808', VRSN_SEQ_ID, x'C2AF4D2C6A56AE419EBC3097D7D22F4A' FROM CD_VRSN_TBL WHERE CD_ID = x'35B9C8C54F29904C9D81CBF914BF5808' AND OBSLT_UTC IS NULL;
INSERT INTO CD_REF_TERM_ASSOC_TBL (REF_TERM_ID, CD_ID, EFFT_VRSN_SEQ_ID, REL_TYP_ID) SELECT x'AD1F8A54D5F5624194A4641D1885BB0E', x'3BDF8067BDAFA3448627CBB3DC2F02F6', VRSN_SEQ_ID, x'C2AF4D2C6A56AE419EBC3097D7D22F4A' FROM CD_VRSN_TBL WHERE CD_ID = x'3BDF8067BDAFA3448627CBB3DC2F02F6' AND OBSLT_UTC IS NULL;
INSERT INTO CD_REF_TERM_ASSOC_TBL (REF_TERM_ID, CD_ID, EFFT_VRSN_SEQ_ID, REL_TYP_ID) SELECT x'7566B85CE9AD224C8FF7071A8550A957', x'DB7F65D6F34E3141AF7914E01A21FACA', VRSN_SEQ_ID, x'C2AF4D2C6A56AE419EBC3097D7D22F4A' FROM CD_VRSN_TBL WHERE CD_ID = x'DB7F65D6F34E3141AF7914E01A21FACA' AND OBSLT_UTC IS NULL;
INSERT INTO CD_REF_TERM_ASSOC_TBL (REF_TERM_ID, CD_ID, EFFT_VRSN_SEQ_ID, REL_TYP_ID) SELECT x'BF6A79C937F5074BAB02476C1948F2B8', x'CDD8B677A0051F4B9E14B895203BF40C', VRSN_SEQ_ID, x'C2AF4D2C6A56AE419EBC3097D7D22F4A' FROM CD_VRSN_TBL WHERE CD_ID = x'CDD8B677A0051F4B9E14B895203BF40C' AND OBSLT_UTC IS NULL;
INSERT INTO CD_REF_TERM_ASSOC_TBL (REF_TERM_ID, CD_ID, EFFT_VRSN_SEQ_ID, REL_TYP_ID) SELECT x'B4D98652774B5441A3EBCF40CD51F26C', x'5CA17D116408004FA9879B9854CBA44E', VRSN_SEQ_ID, x'C2AF4D2C6A56AE419EBC3097D7D22F4A' FROM CD_VRSN_TBL WHERE CD_ID = x'5CA17D116408004FA9879B9854CBA44E' AND OBSLT_UTC IS NULL;
INSERT INTO CD_REF_TERM_ASSOC_TBL (REF_TERM_ID, CD_ID, EFFT_VRSN_SEQ_ID, REL_TYP_ID) SELECT x'4FBA48AEACA99B4FBFA678D7921012FE', x'E83FFDAB2695FB48B36635BACA9BD170', VRSN_SEQ_ID, x'C2AF4D2C6A56AE419EBC3097D7D22F4A' FROM CD_VRSN_TBL WHERE CD_ID = x'E83FFDAB2695FB48B36635BACA9BD170' AND OBSLT_UTC IS NULL;
INSERT INTO CD_REF_TERM_ASSOC_TBL (REF_TERM_ID, CD_ID, EFFT_VRSN_SEQ_ID, REL_TYP_ID) SELECT x'1C757E9D6971C54D9D907C1D9B2643FA', x'178DE9204DE2644CB09E521A177CCD05', VRSN_SEQ_ID, x'C2AF4D2C6A56AE419EBC3097D7D22F4A' FROM CD_VRSN_TBL WHERE CD_ID = x'178DE9204DE2644CB09E521A177CCD05' AND OBSLT_UTC IS NULL;
INSERT INTO CD_REF_TERM_ASSOC_TBL (REF_TERM_ID, CD_ID, EFFT_VRSN_SEQ_ID, REL_TYP_ID) SELECT x'04DD7A4E21ADE74ABCCC0A6424BD4701', x'A7DF34FFD3C68B4FBC9F14BCDC13BA6C', VRSN_SEQ_ID, x'C2AF4D2C6A56AE419EBC3097D7D22F4A' FROM CD_VRSN_TBL WHERE CD_ID = x'A7DF34FFD3C68B4FBC9F14BCDC13BA6C' AND OBSLT_UTC IS NULL;
INSERT INTO CD_REF_TERM_ASSOC_TBL (REF_TERM_ID, CD_ID, EFFT_VRSN_SEQ_ID, REL_TYP_ID) SELECT x'1937869348F0004092D04D9FCB3A32F7', x'72175F4580F5E84786BDB5CE25D351F9', VRSN_SEQ_ID, x'C2AF4D2C6A56AE419EBC3097D7D22F4A' FROM CD_VRSN_TBL WHERE CD_ID = x'72175F4580F5E84786BDB5CE25D351F9' AND OBSLT_UTC IS NULL;
INSERT INTO CD_REF_TERM_ASSOC_TBL (REF_TERM_ID, CD_ID, EFFT_VRSN_SEQ_ID, REL_TYP_ID) SELECT x'05272C877DA1C44EB2AE039B76A292A2', x'AAF7BA41FD5F2144831F42D4AB3DE38A', VRSN_SEQ_ID, x'C2AF4D2C6A56AE419EBC3097D7D22F4A' FROM CD_VRSN_TBL WHERE CD_ID = x'AAF7BA41FD5F2144831F42D4AB3DE38A' AND OBSLT_UTC IS NULL;
INSERT INTO CD_REF_TERM_ASSOC_TBL (REF_TERM_ID, CD_ID, EFFT_VRSN_SEQ_ID, REL_TYP_ID) SELECT x'D0DD52EDE398354B91368BBAD2E4DAB1', x'7625B9C6621D964887996F931F8AB607', VRSN_SEQ_ID, x'C2AF4D2C6A56AE419EBC3097D7D22F4A' FROM CD_VRSN_TBL WHERE CD_ID = x'7625B9C6621D964887996F931F8AB607' AND OBSLT_UTC IS NULL;
INSERT INTO CD_REF_TERM_ASSOC_TBL (REF_TERM_ID, CD_ID, EFFT_VRSN_SEQ_ID, REL_TYP_ID) SELECT x'ABD84903EAD5B8439D0492C24CFA04D4', x'D9F7FF08C7BA7B41B026C9BEE52F4A37', VRSN_SEQ_ID, x'C2AF4D2C6A56AE419EBC3097D7D22F4A' FROM CD_VRSN_TBL WHERE CD_ID = x'D9F7FF08C7BA7B41B026C9BEE52F4A37' AND OBSLT_UTC IS NULL;
INSERT INTO CD_REF_TERM_ASSOC_TBL (REF_TERM_ID, CD_ID, EFFT_VRSN_SEQ_ID, REL_TYP_ID) SELECT x'2BF660812F734F43BE24DD5FF96C4ED3', x'8F4B9B63D3AF63499E79EF0D3928796A', VRSN_SEQ_ID, x'C2AF4D2C6A56AE419EBC3097D7D22F4A' FROM CD_VRSN_TBL WHERE CD_ID = x'8F4B9B63D3AF63499E79EF0D3928796A' AND OBSLT_UTC IS NULL;
INSERT INTO CD_REF_TERM_ASSOC_TBL (REF_TERM_ID, CD_ID, EFFT_VRSN_SEQ_ID, REL_TYP_ID) SELECT x'FB38D45AEA96B6498C2BE4F8B19AE895', x'487EEFF3B7D83040B431AFF7E0E1CB76', VRSN_SEQ_ID, x'C2AF4D2C6A56AE419EBC3097D7D22F4A' FROM CD_VRSN_TBL WHERE CD_ID = x'487EEFF3B7D83040B431AFF7E0E1CB76' AND OBSLT_UTC IS NULL;
INSERT INTO CD_REF_TERM_ASSOC_TBL (REF_TERM_ID, CD_ID, EFFT_VRSN_SEQ_ID, REL_TYP_ID) SELECT x'467E06FAB3551E4B909EA8464DC77C64', x'DE205184F7E6EC4C94AAE6E943C91367', VRSN_SEQ_ID, x'C2AF4D2C6A56AE419EBC3097D7D22F4A' FROM CD_VRSN_TBL WHERE CD_ID = x'DE205184F7E6EC4C94AAE6E943C91367' AND OBSLT_UTC IS NULL;
INSERT INTO CD_REF_TERM_ASSOC_TBL (REF_TERM_ID, CD_ID, EFFT_VRSN_SEQ_ID, REL_TYP_ID) SELECT x'BF6A79C937F5074BAB02476C1948F2B8', x'CDD8B677A0051F4B9E14B895203BF40C', VRSN_SEQ_ID, x'C2AF4D2C6A56AE419EBC3097D7D22F4A' FROM CD_VRSN_TBL WHERE CD_ID = x'CDD8B677A0051F4B9E14B895203BF40C' AND OBSLT_UTC IS NULL;
INSERT INTO CD_REF_TERM_ASSOC_TBL (REF_TERM_ID, CD_ID, EFFT_VRSN_SEQ_ID, REL_TYP_ID) SELECT x'AD1F8A54D5F5624194A4641D1885BB0E', x'3BDF8067BDAFA3448627CBB3DC2F02F6', VRSN_SEQ_ID, x'C2AF4D2C6A56AE419EBC3097D7D22F4A' FROM CD_VRSN_TBL WHERE CD_ID = x'3BDF8067BDAFA3448627CBB3DC2F02F6' AND OBSLT_UTC IS NULL;
INSERT INTO CD_REF_TERM_ASSOC_TBL (REF_TERM_ID, CD_ID, EFFT_VRSN_SEQ_ID, REL_TYP_ID) SELECT x'7566B85CE9AD224C8FF7071A8550A957', x'DB7F65D6F34E3141AF7914E01A21FACA', VRSN_SEQ_ID, x'C2AF4D2C6A56AE419EBC3097D7D22F4A' FROM CD_VRSN_TBL WHERE CD_ID = x'DB7F65D6F34E3141AF7914E01A21FACA' AND OBSLT_UTC IS NULL;
INSERT INTO CD_REF_TERM_ASSOC_TBL (REF_TERM_ID, CD_ID, EFFT_VRSN_SEQ_ID, REL_TYP_ID) SELECT x'47F6C9E248EB7042A7B877C1AE858BB0', x'E7B5E78D41C9BD42B73552D750EFC5E6', VRSN_SEQ_ID, x'C2AF4D2C6A56AE419EBC3097D7D22F4A' FROM CD_VRSN_TBL WHERE CD_ID = x'E7B5E78D41C9BD42B73552D750EFC5E6' AND OBSLT_UTC IS NULL;
INSERT INTO CD_REF_TERM_ASSOC_TBL (REF_TERM_ID, CD_ID, EFFT_VRSN_SEQ_ID, REL_TYP_ID) SELECT x'A0DBCA1E65364C41856654E5EA9DE11C', x'45D47F8690D41946804E75C04B8A0E57', VRSN_SEQ_ID, x'C2AF4D2C6A56AE419EBC3097D7D22F4A' FROM CD_VRSN_TBL WHERE CD_ID = x'45D47F8690D41946804E75C04B8A0E57' AND OBSLT_UTC IS NULL;
INSERT INTO CD_REF_TERM_ASSOC_TBL (REF_TERM_ID, CD_ID, EFFT_VRSN_SEQ_ID, REL_TYP_ID) SELECT x'5A573B8BA2EB4B45A087805F5083B048', x'4BA0B77765C0AF4F8EC02CDAD4AE372B', VRSN_SEQ_ID, x'C2AF4D2C6A56AE419EBC3097D7D22F4A' FROM CD_VRSN_TBL WHERE CD_ID = x'4BA0B77765C0AF4F8EC02CDAD4AE372B' AND OBSLT_UTC IS NULL;
INSERT INTO CD_REF_TERM_ASSOC_TBL (REF_TERM_ID, CD_ID, EFFT_VRSN_SEQ_ID, REL_TYP_ID) SELECT x'583C6B9A87E3874DBC10545EAE914484', x'0114BD33DBDFE740A9140A695AD5186E', VRSN_SEQ_ID, x'C2AF4D2C6A56AE419EBC3097D7D22F4A' FROM CD_VRSN_TBL WHERE CD_ID = x'0114BD33DBDFE740A9140A695AD5186E' AND OBSLT_UTC IS NULL;
INSERT INTO CD_REF_TERM_ASSOC_TBL (REF_TERM_ID, CD_ID, EFFT_VRSN_SEQ_ID, REL_TYP_ID) SELECT x'8DA97DC52AD29B44B0FA315E52676275', x'DF987F75E0146A44BD50BB0AFFB34F09', VRSN_SEQ_ID, x'C2AF4D2C6A56AE419EBC3097D7D22F4A' FROM CD_VRSN_TBL WHERE CD_ID = x'DF987F75E0146A44BD50BB0AFFB34F09' AND OBSLT_UTC IS NULL;
INSERT INTO CD_REF_TERM_ASSOC_TBL (REF_TERM_ID, CD_ID, EFFT_VRSN_SEQ_ID, REL_TYP_ID) SELECT x'76FD3689BD58E8429BF221FE275531B8', x'8D14D2B135BB37438FE6021F5A3AC8A3', VRSN_SEQ_ID, x'C2AF4D2C6A56AE419EBC3097D7D22F4A' FROM CD_VRSN_TBL WHERE CD_ID = x'8D14D2B135BB37438FE6021F5A3AC8A3' AND OBSLT_UTC IS NULL;
INSERT INTO CD_REF_TERM_ASSOC_TBL (REF_TERM_ID, CD_ID, EFFT_VRSN_SEQ_ID, REL_TYP_ID) SELECT x'9A818B3F20591543A8DDD6AE323999AC', x'425F98256A475544A9774E97A554D710', VRSN_SEQ_ID, x'C2AF4D2C6A56AE419EBC3097D7D22F4A' FROM CD_VRSN_TBL WHERE CD_ID = x'425F98256A475544A9774E97A554D710' AND OBSLT_UTC IS NULL;
INSERT INTO CD_REF_TERM_ASSOC_TBL (REF_TERM_ID, CD_ID, EFFT_VRSN_SEQ_ID, REL_TYP_ID) SELECT x'4AE8D2F037E60C499ED7D65D411D7C86', x'4FE7E41E2D54444596F6266A6247F274', VRSN_SEQ_ID, x'C2AF4D2C6A56AE419EBC3097D7D22F4A' FROM CD_VRSN_TBL WHERE CD_ID = x'4FE7E41E2D54444596F6266A6247F274' AND OBSLT_UTC IS NULL;
INSERT INTO CD_REF_TERM_ASSOC_TBL (REF_TERM_ID, CD_ID, EFFT_VRSN_SEQ_ID, REL_TYP_ID) SELECT x'467E06FAB3551E4B909EA8464DC77C64', x'34238E3BCC4C244F8AAE37341EA03D3E', VRSN_SEQ_ID, x'C2AF4D2C6A56AE419EBC3097D7D22F4A' FROM CD_VRSN_TBL WHERE CD_ID = x'34238E3BCC4C244F8AAE37341EA03D3E' AND OBSLT_UTC IS NULL;
INSERT INTO CD_REF_TERM_ASSOC_TBL (REF_TERM_ID, CD_ID, EFFT_VRSN_SEQ_ID, REL_TYP_ID) SELECT x'E09506110AF627439ECDE2462ABAAE67', x'5231B1353CE4CB4B8649A9E83BEE33A2', VRSN_SEQ_ID, x'C2AF4D2C6A56AE419EBC3097D7D22F4A' FROM CD_VRSN_TBL WHERE CD_ID = x'5231B1353CE4CB4B8649A9E83BEE33A2' AND OBSLT_UTC IS NULL;
INSERT INTO CD_REF_TERM_ASSOC_TBL (REF_TERM_ID, CD_ID, EFFT_VRSN_SEQ_ID, REL_TYP_ID) SELECT x'4833A06C5FFBBA42A6CFD453B36FCC94', x'724684D4D7C04C4383776DD0655B0532', VRSN_SEQ_ID, x'C2AF4D2C6A56AE419EBC3097D7D22F4A' FROM CD_VRSN_TBL WHERE CD_ID = x'724684D4D7C04C4383776DD0655B0532' AND OBSLT_UTC IS NULL;
INSERT INTO CD_REF_TERM_ASSOC_TBL (REF_TERM_ID, CD_ID, EFFT_VRSN_SEQ_ID, REL_TYP_ID) SELECT x'6C83FFE0EEEB084C9BAFFDA73E900F4E', x'7962259DACF1B346A974DD13E2AD4F72', VRSN_SEQ_ID, x'C2AF4D2C6A56AE419EBC3097D7D22F4A' FROM CD_VRSN_TBL WHERE CD_ID = x'7962259DACF1B346A974DD13E2AD4F72' AND OBSLT_UTC IS NULL;
INSERT INTO CD_REF_TERM_ASSOC_TBL (REF_TERM_ID, CD_ID, EFFT_VRSN_SEQ_ID, REL_TYP_ID) SELECT x'A5DDA0FC32F12A4B8B051FECA58272C9', x'377F903D5C08264CB59B62E40621DAFD', VRSN_SEQ_ID, x'C2AF4D2C6A56AE419EBC3097D7D22F4A' FROM CD_VRSN_TBL WHERE CD_ID = x'377F903D5C08264CB59B62E40621DAFD' AND OBSLT_UTC IS NULL;
INSERT INTO CD_REF_TERM_ASSOC_TBL (REF_TERM_ID, CD_ID, EFFT_VRSN_SEQ_ID, REL_TYP_ID) SELECT x'12214E0A7E0DA0408B77B3B5DFAC6C87', x'8FD78EF2AB85A147BA08B5051E62D6C3', VRSN_SEQ_ID, x'C2AF4D2C6A56AE419EBC3097D7D22F4A' FROM CD_VRSN_TBL WHERE CD_ID = x'8FD78EF2AB85A147BA08B5051E62D6C3' AND OBSLT_UTC IS NULL;
INSERT INTO CD_REF_TERM_ASSOC_TBL (REF_TERM_ID, CD_ID, EFFT_VRSN_SEQ_ID, REL_TYP_ID) SELECT x'BC572D34DF875D4785E304690E9901A0', x'0F9B044789F1194E9AA87C38ADB2491A', VRSN_SEQ_ID, x'C2AF4D2C6A56AE419EBC3097D7D22F4A' FROM CD_VRSN_TBL WHERE CD_ID = x'0F9B044789F1194E9AA87C38ADB2491A' AND OBSLT_UTC IS NULL;
INSERT INTO CD_REF_TERM_ASSOC_TBL (REF_TERM_ID, CD_ID, EFFT_VRSN_SEQ_ID, REL_TYP_ID) SELECT x'BEA42A6671A6AB4386FB9EC88D87B07F', x'5B2A1AF313CEE147A0FBD704F31547DB', VRSN_SEQ_ID, x'C2AF4D2C6A56AE419EBC3097D7D22F4A' FROM CD_VRSN_TBL WHERE CD_ID = x'5B2A1AF313CEE147A0FBD704F31547DB' AND OBSLT_UTC IS NULL;
INSERT INTO CD_REF_TERM_ASSOC_TBL (REF_TERM_ID, CD_ID, EFFT_VRSN_SEQ_ID, REL_TYP_ID) SELECT x'7548ED8BF5700143B65E55BB54EA6B93', x'0CA0E2CBD5E1E944AAE3D7D03E3C2EFA', VRSN_SEQ_ID, x'C2AF4D2C6A56AE419EBC3097D7D22F4A' FROM CD_VRSN_TBL WHERE CD_ID = x'0CA0E2CBD5E1E944AAE3D7D03E3C2EFA' AND OBSLT_UTC IS NULL;
INSERT INTO CD_REF_TERM_ASSOC_TBL (REF_TERM_ID, CD_ID, EFFT_VRSN_SEQ_ID, REL_TYP_ID) SELECT x'DA33EF90BF422A40803C5D8D366FE3A7', x'C07BAD43D82E274B97E5B3DB00A07D17', VRSN_SEQ_ID, x'C2AF4D2C6A56AE419EBC3097D7D22F4A' FROM CD_VRSN_TBL WHERE CD_ID = x'C07BAD43D82E274B97E5B3DB00A07D17' AND OBSLT_UTC IS NULL;
INSERT INTO CD_REF_TERM_ASSOC_TBL (REF_TERM_ID, CD_ID, EFFT_VRSN_SEQ_ID, REL_TYP_ID) SELECT x'D295F8C188EFCC4291C54AB2C80E0700', x'E66AC966C4C5664D9BD0A00C56E831DA', VRSN_SEQ_ID, x'C2AF4D2C6A56AE419EBC3097D7D22F4A' FROM CD_VRSN_TBL WHERE CD_ID = x'E66AC966C4C5664D9BD0A00C56E831DA' AND OBSLT_UTC IS NULL;
INSERT INTO CD_REF_TERM_ASSOC_TBL (REF_TERM_ID, CD_ID, EFFT_VRSN_SEQ_ID, REL_TYP_ID) SELECT x'485521EEC6B8634BB47BDA29C4E23B5E', x'13953CB41C1CD04E92DB55A904C122E6', VRSN_SEQ_ID, x'C2AF4D2C6A56AE419EBC3097D7D22F4A' FROM CD_VRSN_TBL WHERE CD_ID = x'13953CB41C1CD04E92DB55A904C122E6' AND OBSLT_UTC IS NULL;
INSERT INTO CD_REF_TERM_ASSOC_TBL (REF_TERM_ID, CD_ID, EFFT_VRSN_SEQ_ID, REL_TYP_ID) SELECT x'95A649EBB772364AA64A9A2560068F14', x'8DB0CF1BFAC6DD4198BF06336A33A3B7', VRSN_SEQ_ID, x'C2AF4D2C6A56AE419EBC3097D7D22F4A' FROM CD_VRSN_TBL WHERE CD_ID = x'8DB0CF1BFAC6DD4198BF06336A33A3B7' AND OBSLT_UTC IS NULL;
INSERT INTO CD_REF_TERM_ASSOC_TBL (REF_TERM_ID, CD_ID, EFFT_VRSN_SEQ_ID, REL_TYP_ID) SELECT x'7D2CC1CC2B9F0E45A29B441C6262B1A2', x'570CB1F5E13AEA4186491CF8D9848AE1', VRSN_SEQ_ID, x'C2AF4D2C6A56AE419EBC3097D7D22F4A' FROM CD_VRSN_TBL WHERE CD_ID = x'570CB1F5E13AEA4186491CF8D9848AE1' AND OBSLT_UTC IS NULL;
INSERT INTO CD_REF_TERM_ASSOC_TBL (REF_TERM_ID, CD_ID, EFFT_VRSN_SEQ_ID, REL_TYP_ID) SELECT x'05339ED3B5F14043A6113A50423D3FE0', x'D12B520CA2DFCB43A98EF6FF137968AE', VRSN_SEQ_ID, x'C2AF4D2C6A56AE419EBC3097D7D22F4A' FROM CD_VRSN_TBL WHERE CD_ID = x'D12B520CA2DFCB43A98EF6FF137968AE' AND OBSLT_UTC IS NULL;
INSERT INTO CD_REF_TERM_ASSOC_TBL (REF_TERM_ID, CD_ID, EFFT_VRSN_SEQ_ID, REL_TYP_ID) SELECT x'01F2FBCC03DEEE4087394F0F32B2B7C1', x'C048ADD79D88E24199E9BE5E6C5327B2', VRSN_SEQ_ID, x'C2AF4D2C6A56AE419EBC3097D7D22F4A' FROM CD_VRSN_TBL WHERE CD_ID = x'C048ADD79D88E24199E9BE5E6C5327B2' AND OBSLT_UTC IS NULL;
INSERT INTO CD_REF_TERM_ASSOC_TBL (REF_TERM_ID, CD_ID, EFFT_VRSN_SEQ_ID, REL_TYP_ID) SELECT x'2D09C32E90001E42B01F37FEA0805F7E', x'FE7F59EF65D99843B55A650530EBB997', VRSN_SEQ_ID, x'C2AF4D2C6A56AE419EBC3097D7D22F4A' FROM CD_VRSN_TBL WHERE CD_ID = x'FE7F59EF65D99843B55A650530EBB997' AND OBSLT_UTC IS NULL;
INSERT INTO CD_REF_TERM_ASSOC_TBL (REF_TERM_ID, CD_ID, EFFT_VRSN_SEQ_ID, REL_TYP_ID) SELECT x'6399B714F8AFA84698F3065BD572B4D2', x'7E05FEB9577FEB4289D767C69646C0C4', VRSN_SEQ_ID, x'C2AF4D2C6A56AE419EBC3097D7D22F4A' FROM CD_VRSN_TBL WHERE CD_ID = x'7E05FEB9577FEB4289D767C69646C0C4' AND OBSLT_UTC IS NULL;
INSERT INTO CD_REF_TERM_ASSOC_TBL (REF_TERM_ID, CD_ID, EFFT_VRSN_SEQ_ID, REL_TYP_ID) SELECT x'14B2F63835ED3342A26271DD30E4A826', x'466CEFF1EB058244BAEBEAF0A8E5FFEF', VRSN_SEQ_ID, x'C2AF4D2C6A56AE419EBC3097D7D22F4A' FROM CD_VRSN_TBL WHERE CD_ID = x'466CEFF1EB058244BAEBEAF0A8E5FFEF' AND OBSLT_UTC IS NULL;
INSERT INTO CD_REF_TERM_ASSOC_TBL (REF_TERM_ID, CD_ID, EFFT_VRSN_SEQ_ID, REL_TYP_ID) SELECT x'C286486DA886B640AC0A46AEEAD4D060', x'D8FE046B64C19C46910BF824C2BDA4F0', VRSN_SEQ_ID, x'C2AF4D2C6A56AE419EBC3097D7D22F4A' FROM CD_VRSN_TBL WHERE CD_ID = x'D8FE046B64C19C46910BF824C2BDA4F0' AND OBSLT_UTC IS NULL;
INSERT INTO CD_REF_TERM_ASSOC_TBL (REF_TERM_ID, CD_ID, EFFT_VRSN_SEQ_ID, REL_TYP_ID) SELECT x'72DD6C265756F8448109432A43E368F4', x'6F9CCDBAA93F1E48963637457962804D', VRSN_SEQ_ID, x'C2AF4D2C6A56AE419EBC3097D7D22F4A' FROM CD_VRSN_TBL WHERE CD_ID = x'6F9CCDBAA93F1E48963637457962804D' AND OBSLT_UTC IS NULL;
INSERT INTO CD_REF_TERM_ASSOC_TBL (REF_TERM_ID, CD_ID, EFFT_VRSN_SEQ_ID, REL_TYP_ID) SELECT x'CC8B78853CC0294A8847954F0C5988F2', x'E15145736029684A93A2B277DB072A43', VRSN_SEQ_ID, x'C2AF4D2C6A56AE419EBC3097D7D22F4A' FROM CD_VRSN_TBL WHERE CD_ID = x'E15145736029684A93A2B277DB072A43' AND OBSLT_UTC IS NULL;
INSERT INTO CD_REF_TERM_ASSOC_TBL (REF_TERM_ID, CD_ID, EFFT_VRSN_SEQ_ID, REL_TYP_ID) SELECT x'C5A1370A65027945A252B040601905C0', x'D222C907C9125A4195D49B3FED4959D6', VRSN_SEQ_ID, x'C2AF4D2C6A56AE419EBC3097D7D22F4A' FROM CD_VRSN_TBL WHERE CD_ID = x'D222C907C9125A4195D49B3FED4959D6' AND OBSLT_UTC IS NULL;
INSERT INTO CD_REF_TERM_ASSOC_TBL (REF_TERM_ID, CD_ID, EFFT_VRSN_SEQ_ID, REL_TYP_ID) SELECT x'9FA999922DF9F84AAAC9F1F14868A31A', x'EF17C0CE494EAF418596ABAD1A91C9D0', VRSN_SEQ_ID, x'C2AF4D2C6A56AE419EBC3097D7D22F4A' FROM CD_VRSN_TBL WHERE CD_ID = x'EF17C0CE494EAF418596ABAD1A91C9D0' AND OBSLT_UTC IS NULL;
INSERT INTO CD_REF_TERM_ASSOC_TBL (REF_TERM_ID, CD_ID, EFFT_VRSN_SEQ_ID, REL_TYP_ID) SELECT x'2EF4D04FAE45B949BF0EB8F1817AAAC4', x'09DD21654B33BF4F9C891AD5A804326C', VRSN_SEQ_ID, x'C2AF4D2C6A56AE419EBC3097D7D22F4A' FROM CD_VRSN_TBL WHERE CD_ID = x'09DD21654B33BF4F9C891AD5A804326C' AND OBSLT_UTC IS NULL;
INSERT INTO CD_REF_TERM_ASSOC_TBL (REF_TERM_ID, CD_ID, EFFT_VRSN_SEQ_ID, REL_TYP_ID) SELECT x'3E6CAF0D0158D3458792EB8B1D172889', x'A5D9F98F06A2664582CD67B770D7CE8A', VRSN_SEQ_ID, x'C2AF4D2C6A56AE419EBC3097D7D22F4A' FROM CD_VRSN_TBL WHERE CD_ID = x'A5D9F98F06A2664582CD67B770D7CE8A' AND OBSLT_UTC IS NULL;
INSERT INTO CD_REF_TERM_ASSOC_TBL (REF_TERM_ID, CD_ID, EFFT_VRSN_SEQ_ID, REL_TYP_ID) SELECT x'062E83FBFCE02C48A063BC238F20802D', x'6675150CE9D176498542473CAA9BA2A4', VRSN_SEQ_ID, x'C2AF4D2C6A56AE419EBC3097D7D22F4A' FROM CD_VRSN_TBL WHERE CD_ID = x'6675150CE9D176498542473CAA9BA2A4' AND OBSLT_UTC IS NULL;
INSERT INTO CD_REF_TERM_ASSOC_TBL (REF_TERM_ID, CD_ID, EFFT_VRSN_SEQ_ID, REL_TYP_ID) SELECT x'FC754D2879779F438D7A27A2537D688F', x'3FD8FCA88B804B498A1CEC2C6DBC3DFA', VRSN_SEQ_ID, x'C2AF4D2C6A56AE419EBC3097D7D22F4A' FROM CD_VRSN_TBL WHERE CD_ID = x'3FD8FCA88B804B498A1CEC2C6DBC3DFA' AND OBSLT_UTC IS NULL;
INSERT INTO CD_REF_TERM_ASSOC_TBL (REF_TERM_ID, CD_ID, EFFT_VRSN_SEQ_ID, REL_TYP_ID) SELECT x'8CCDF19E7C1CF3418F9136BDE9313507', x'CBDFB031BAD72A4598B945EBCCD30732', VRSN_SEQ_ID, x'C2AF4D2C6A56AE419EBC3097D7D22F4A' FROM CD_VRSN_TBL WHERE CD_ID = x'CBDFB031BAD72A4598B945EBCCD30732' AND OBSLT_UTC IS NULL;
INSERT INTO CD_REF_TERM_ASSOC_TBL (REF_TERM_ID, CD_ID, EFFT_VRSN_SEQ_ID, REL_TYP_ID) SELECT x'4FBA48AEACA99B4FBFA678D7921012FE', x'E83FFDAB2695FB48B36635BACA9BD170', VRSN_SEQ_ID, x'C2AF4D2C6A56AE419EBC3097D7D22F4A' FROM CD_VRSN_TBL WHERE CD_ID = x'E83FFDAB2695FB48B36635BACA9BD170' AND OBSLT_UTC IS NULL;
INSERT INTO CD_REF_TERM_ASSOC_TBL (REF_TERM_ID, CD_ID, EFFT_VRSN_SEQ_ID, REL_TYP_ID) SELECT x'D00E29CA0C33E749A6443E52728CFC0F', x'52B5FEB2AF8EFE45A397F789D6F4728A', VRSN_SEQ_ID, x'C2AF4D2C6A56AE419EBC3097D7D22F4A' FROM CD_VRSN_TBL WHERE CD_ID = x'52B5FEB2AF8EFE45A397F789D6F4728A' AND OBSLT_UTC IS NULL;
INSERT INTO CD_REF_TERM_ASSOC_TBL (REF_TERM_ID, CD_ID, EFFT_VRSN_SEQ_ID, REL_TYP_ID) SELECT x'5D46C59C17869545AB40B3C2776451FD', x'6B1B2B2174B0754A862DE4E194252044', VRSN_SEQ_ID, x'C2AF4D2C6A56AE419EBC3097D7D22F4A' FROM CD_VRSN_TBL WHERE CD_ID = x'6B1B2B2174B0754A862DE4E194252044' AND OBSLT_UTC IS NULL;
INSERT INTO CD_REF_TERM_ASSOC_TBL (REF_TERM_ID, CD_ID, EFFT_VRSN_SEQ_ID, REL_TYP_ID) SELECT x'72DD6C265756F8448109432A43E368F4', x'6F9CCDBAA93F1E48963637457962804D', VRSN_SEQ_ID, x'C2AF4D2C6A56AE419EBC3097D7D22F4A' FROM CD_VRSN_TBL WHERE CD_ID = x'6F9CCDBAA93F1E48963637457962804D' AND OBSLT_UTC IS NULL;
INSERT INTO CD_REF_TERM_ASSOC_TBL (REF_TERM_ID, CD_ID, EFFT_VRSN_SEQ_ID, REL_TYP_ID) SELECT x'04DD7A4E21ADE74ABCCC0A6424BD4701', x'A7DF34FFD3C68B4FBC9F14BCDC13BA6C', VRSN_SEQ_ID, x'C2AF4D2C6A56AE419EBC3097D7D22F4A' FROM CD_VRSN_TBL WHERE CD_ID = x'A7DF34FFD3C68B4FBC9F14BCDC13BA6C' AND OBSLT_UTC IS NULL;
INSERT INTO CD_REF_TERM_ASSOC_TBL (REF_TERM_ID, CD_ID, EFFT_VRSN_SEQ_ID, REL_TYP_ID) SELECT x'1937869348F0004092D04D9FCB3A32F7', x'72175F4580F5E84786BDB5CE25D351F9', VRSN_SEQ_ID, x'C2AF4D2C6A56AE419EBC3097D7D22F4A' FROM CD_VRSN_TBL WHERE CD_ID = x'72175F4580F5E84786BDB5CE25D351F9' AND OBSLT_UTC IS NULL;
INSERT INTO CD_REF_TERM_ASSOC_TBL (REF_TERM_ID, CD_ID, EFFT_VRSN_SEQ_ID, REL_TYP_ID) SELECT x'05272C877DA1C44EB2AE039B76A292A2', x'AAF7BA41FD5F2144831F42D4AB3DE38A', VRSN_SEQ_ID, x'C2AF4D2C6A56AE419EBC3097D7D22F4A' FROM CD_VRSN_TBL WHERE CD_ID = x'AAF7BA41FD5F2144831F42D4AB3DE38A' AND OBSLT_UTC IS NULL;
INSERT INTO CD_REF_TERM_ASSOC_TBL (REF_TERM_ID, CD_ID, EFFT_VRSN_SEQ_ID, REL_TYP_ID) SELECT x'42F7145454080B4A838D772272FBBF1B', x'217BE1BCB205024FBF7AC6D3561AA948', VRSN_SEQ_ID, x'C2AF4D2C6A56AE419EBC3097D7D22F4A' FROM CD_VRSN_TBL WHERE CD_ID = x'217BE1BCB205024FBF7AC6D3561AA948' AND OBSLT_UTC IS NULL;
INSERT INTO CD_REF_TERM_ASSOC_TBL (REF_TERM_ID, CD_ID, EFFT_VRSN_SEQ_ID, REL_TYP_ID) SELECT x'E9FC92209693514681D6E3A8A28A60D3', x'E470F6CF5E968842B96647A44479D2AD', VRSN_SEQ_ID, x'C2AF4D2C6A56AE419EBC3097D7D22F4A' FROM CD_VRSN_TBL WHERE CD_ID = x'E470F6CF5E968842B96647A44479D2AD' AND OBSLT_UTC IS NULL;
INSERT INTO CD_REF_TERM_ASSOC_TBL (REF_TERM_ID, CD_ID, EFFT_VRSN_SEQ_ID, REL_TYP_ID) SELECT x'E489D8455C65F4469B9F697BED99A221', x'A0280C02527CF442A046DB9E329D5A42', VRSN_SEQ_ID, x'C2AF4D2C6A56AE419EBC3097D7D22F4A' FROM CD_VRSN_TBL WHERE CD_ID = x'A0280C02527CF442A046DB9E329D5A42' AND OBSLT_UTC IS NULL;
INSERT INTO CD_REF_TERM_ASSOC_TBL (REF_TERM_ID, CD_ID, EFFT_VRSN_SEQ_ID, REL_TYP_ID) SELECT x'3FB6ABF7582F3B4D834C0687FD07C401', x'69A444CAD78184449189CA1D55AFECBC', VRSN_SEQ_ID, x'C2AF4D2C6A56AE419EBC3097D7D22F4A' FROM CD_VRSN_TBL WHERE CD_ID = x'69A444CAD78184449189CA1D55AFECBC' AND OBSLT_UTC IS NULL;
INSERT INTO CD_REF_TERM_ASSOC_TBL (REF_TERM_ID, CD_ID, EFFT_VRSN_SEQ_ID, REL_TYP_ID) SELECT x'AE7A6081E1ECBA4B8CB3D2A9F5D35067', x'4E4274D892C6D84FB94E642E1CBF83E9', VRSN_SEQ_ID, x'C2AF4D2C6A56AE419EBC3097D7D22F4A' FROM CD_VRSN_TBL WHERE CD_ID = x'4E4274D892C6D84FB94E642E1CBF83E9' AND OBSLT_UTC IS NULL;
INSERT INTO CD_REF_TERM_ASSOC_TBL (REF_TERM_ID, CD_ID, EFFT_VRSN_SEQ_ID, REL_TYP_ID) SELECT x'741FEF34B1402C439C865B77D3CD23C0', x'CF2C6C84025B3F4BBEB43D69CE7830DD', VRSN_SEQ_ID, x'C2AF4D2C6A56AE419EBC3097D7D22F4A' FROM CD_VRSN_TBL WHERE CD_ID = x'CF2C6C84025B3F4BBEB43D69CE7830DD' AND OBSLT_UTC IS NULL;
INSERT INTO CD_REF_TERM_ASSOC_TBL (REF_TERM_ID, CD_ID, EFFT_VRSN_SEQ_ID, REL_TYP_ID) SELECT x'49A79B099D97A14EA6FB6B3253A25062', x'0878EB035108E249B773663B0AC2BD38', VRSN_SEQ_ID, x'C2AF4D2C6A56AE419EBC3097D7D22F4A' FROM CD_VRSN_TBL WHERE CD_ID = x'0878EB035108E249B773663B0AC2BD38' AND OBSLT_UTC IS NULL;
INSERT INTO CD_REF_TERM_ASSOC_TBL (REF_TERM_ID, CD_ID, EFFT_VRSN_SEQ_ID, REL_TYP_ID) SELECT x'81C32C7D6C30054D8644E5781E9BCC9E', x'7B297115ED8602408B4013403CBA68AB', VRSN_SEQ_ID, x'C2AF4D2C6A56AE419EBC3097D7D22F4A' FROM CD_VRSN_TBL WHERE CD_ID = x'7B297115ED8602408B4013403CBA68AB' AND OBSLT_UTC IS NULL;
INSERT INTO CD_REF_TERM_ASSOC_TBL (REF_TERM_ID, CD_ID, EFFT_VRSN_SEQ_ID, REL_TYP_ID) SELECT x'AA0DD160020FD947847DABBFD07742DF', x'68172F199ED39D4087BE5AFD0EE0D1FE', VRSN_SEQ_ID, x'C2AF4D2C6A56AE419EBC3097D7D22F4A' FROM CD_VRSN_TBL WHERE CD_ID = x'68172F199ED39D4087BE5AFD0EE0D1FE' AND OBSLT_UTC IS NULL;
INSERT INTO CD_REF_TERM_ASSOC_TBL (REF_TERM_ID, CD_ID, EFFT_VRSN_SEQ_ID, REL_TYP_ID) SELECT x'54EAB351547F0047A9CD69C2478D2E49', x'C093AF06FC08F44DB084190D680331E0', VRSN_SEQ_ID, x'C2AF4D2C6A56AE419EBC3097D7D22F4A' FROM CD_VRSN_TBL WHERE CD_ID = x'C093AF06FC08F44DB084190D680331E0' AND OBSLT_UTC IS NULL;
INSERT INTO CD_REF_TERM_ASSOC_TBL (REF_TERM_ID, CD_ID, EFFT_VRSN_SEQ_ID, REL_TYP_ID) SELECT x'552942E67D2C324FA8E54E824F7BEC4F', x'58D3E86B91F53A4A9A571889B0147C7E', VRSN_SEQ_ID, x'C2AF4D2C6A56AE419EBC3097D7D22F4A' FROM CD_VRSN_TBL WHERE CD_ID = x'58D3E86B91F53A4A9A571889B0147C7E' AND OBSLT_UTC IS NULL;
INSERT INTO CD_REF_TERM_ASSOC_TBL (REF_TERM_ID, CD_ID, EFFT_VRSN_SEQ_ID, REL_TYP_ID) SELECT x'B7D684778B21C942A767186F070BA1C6', x'B132AE7EAE27784E909B9F7D07E1C446', VRSN_SEQ_ID, x'C2AF4D2C6A56AE419EBC3097D7D22F4A' FROM CD_VRSN_TBL WHERE CD_ID = x'B132AE7EAE27784E909B9F7D07E1C446' AND OBSLT_UTC IS NULL;
INSERT INTO CD_REF_TERM_ASSOC_TBL (REF_TERM_ID, CD_ID, EFFT_VRSN_SEQ_ID, REL_TYP_ID) SELECT x'CC3F51A9F04C8C4987AB2C55D29FC01D', x'767F676105DC6D4691DE47EFC8E7A3E6', VRSN_SEQ_ID, x'C2AF4D2C6A56AE419EBC3097D7D22F4A' FROM CD_VRSN_TBL WHERE CD_ID = x'767F676105DC6D4691DE47EFC8E7A3E6' AND OBSLT_UTC IS NULL;
INSERT INTO CD_REF_TERM_ASSOC_TBL (REF_TERM_ID, CD_ID, EFFT_VRSN_SEQ_ID, REL_TYP_ID) SELECT x'9A2CE2794935A04FB1725C8B14F971A7', x'78E26D67AA64F2449B6960D61FC1F5F5', VRSN_SEQ_ID, x'C2AF4D2C6A56AE419EBC3097D7D22F4A' FROM CD_VRSN_TBL WHERE CD_ID = x'78E26D67AA64F2449B6960D61FC1F5F5' AND OBSLT_UTC IS NULL;
INSERT INTO CD_REF_TERM_ASSOC_TBL (REF_TERM_ID, CD_ID, EFFT_VRSN_SEQ_ID, REL_TYP_ID) SELECT x'DF5958E231E16347AB3630F8A9B2D792', x'B59180D3659021478A1FBFBB3B4BF447', VRSN_SEQ_ID, x'C2AF4D2C6A56AE419EBC3097D7D22F4A' FROM CD_VRSN_TBL WHERE CD_ID = x'B59180D3659021478A1FBFBB3B4BF447' AND OBSLT_UTC IS NULL;
INSERT INTO CD_REF_TERM_ASSOC_TBL (REF_TERM_ID, CD_ID, EFFT_VRSN_SEQ_ID, REL_TYP_ID) SELECT x'067720673C26714C958AE96B0A9AAA3D', x'26A4143B37632A4FB83BE6BE7DBCD5A5', VRSN_SEQ_ID, x'C2AF4D2C6A56AE419EBC3097D7D22F4A' FROM CD_VRSN_TBL WHERE CD_ID = x'26A4143B37632A4FB83BE6BE7DBCD5A5' AND OBSLT_UTC IS NULL;
INSERT INTO CD_REF_TERM_ASSOC_TBL (REF_TERM_ID, CD_ID, EFFT_VRSN_SEQ_ID, REL_TYP_ID) SELECT x'AFE893EB80E88446A5537651364CEE4F', x'1F5474ECC4872743A4B997F325501747', VRSN_SEQ_ID, x'C2AF4D2C6A56AE419EBC3097D7D22F4A' FROM CD_VRSN_TBL WHERE CD_ID = x'1F5474ECC4872743A4B997F325501747' AND OBSLT_UTC IS NULL;
INSERT INTO CD_REF_TERM_ASSOC_TBL (REF_TERM_ID, CD_ID, EFFT_VRSN_SEQ_ID, REL_TYP_ID) SELECT x'6B958B9CACCEA749BCD3EA8A8B111B72', x'6759921348E7D64DB5621E1DA3DDFB06', VRSN_SEQ_ID, x'C2AF4D2C6A56AE419EBC3097D7D22F4A' FROM CD_VRSN_TBL WHERE CD_ID = x'6759921348E7D64DB5621E1DA3DDFB06' AND OBSLT_UTC IS NULL;
INSERT INTO CD_REF_TERM_ASSOC_TBL (REF_TERM_ID, CD_ID, EFFT_VRSN_SEQ_ID, REL_TYP_ID) SELECT x'9843B1CC750BF440B3F3C7AF49EF1518', x'5ECC9B092F8E504DB5099F9D5BBEB58E', VRSN_SEQ_ID, x'C2AF4D2C6A56AE419EBC3097D7D22F4A' FROM CD_VRSN_TBL WHERE CD_ID = x'5ECC9B092F8E504DB5099F9D5BBEB58E' AND OBSLT_UTC IS NULL;
INSERT INTO CD_REF_TERM_ASSOC_TBL (REF_TERM_ID, CD_ID, EFFT_VRSN_SEQ_ID, REL_TYP_ID) SELECT x'2D2098BDA248294AB6AB2BF2BE5479F7', x'F2BAF7AC1F22C24B8116CEB5165BE079', VRSN_SEQ_ID, x'C2AF4D2C6A56AE419EBC3097D7D22F4A' FROM CD_VRSN_TBL WHERE CD_ID = x'F2BAF7AC1F22C24B8116CEB5165BE079' AND OBSLT_UTC IS NULL;
INSERT INTO CD_REF_TERM_ASSOC_TBL (REF_TERM_ID, CD_ID, EFFT_VRSN_SEQ_ID, REL_TYP_ID) SELECT x'3F965BEEAC6A2A45BD2EABA28630240F', x'05F23DDCEF185448AC0068C295C9C744', VRSN_SEQ_ID, x'C2AF4D2C6A56AE419EBC3097D7D22F4A' FROM CD_VRSN_TBL WHERE CD_ID = x'05F23DDCEF185448AC0068C295C9C744' AND OBSLT_UTC IS NULL;
INSERT INTO CD_REF_TERM_ASSOC_TBL (REF_TERM_ID, CD_ID, EFFT_VRSN_SEQ_ID, REL_TYP_ID) SELECT x'52691F22357666448276CD93B83159E7', x'378657D1CBE15E41B3194011DA033813', VRSN_SEQ_ID, x'C2AF4D2C6A56AE419EBC3097D7D22F4A' FROM CD_VRSN_TBL WHERE CD_ID = x'378657D1CBE15E41B3194011DA033813' AND OBSLT_UTC IS NULL;
INSERT INTO CD_REF_TERM_ASSOC_TBL (REF_TERM_ID, CD_ID, EFFT_VRSN_SEQ_ID, REL_TYP_ID) SELECT x'29812EC65DF1E84DB58E8BA1AE9126E9', x'2AE02ADB12FF1B4C9C5BECDD41AF8583', VRSN_SEQ_ID, x'C2AF4D2C6A56AE419EBC3097D7D22F4A' FROM CD_VRSN_TBL WHERE CD_ID = x'2AE02ADB12FF1B4C9C5BECDD41AF8583' AND OBSLT_UTC IS NULL;
INSERT INTO CD_REF_TERM_ASSOC_TBL (REF_TERM_ID, CD_ID, EFFT_VRSN_SEQ_ID, REL_TYP_ID) SELECT x'C4B2F1A63F0BFA4987B3CD9D3E2865E1', x'0F54B9788B436F4B8D83AAF4979DBC64', VRSN_SEQ_ID, x'C2AF4D2C6A56AE419EBC3097D7D22F4A' FROM CD_VRSN_TBL WHERE CD_ID = x'0F54B9788B436F4B8D83AAF4979DBC64' AND OBSLT_UTC IS NULL;
INSERT INTO CD_REF_TERM_ASSOC_TBL (REF_TERM_ID, CD_ID, EFFT_VRSN_SEQ_ID, REL_TYP_ID) SELECT x'4F0C251F4204B548AAEEDB711531536A', x'F8A0B6816AB85F499D5D8A4073FDD882', VRSN_SEQ_ID, x'C2AF4D2C6A56AE419EBC3097D7D22F4A' FROM CD_VRSN_TBL WHERE CD_ID = x'F8A0B6816AB85F499D5D8A4073FDD882' AND OBSLT_UTC IS NULL;
INSERT INTO CD_REF_TERM_ASSOC_TBL (REF_TERM_ID, CD_ID, EFFT_VRSN_SEQ_ID, REL_TYP_ID) SELECT x'BE31F0AB1D7CFC42872D0D6E37E91442', x'8516D85799E3BD4A874496454188A9FA', VRSN_SEQ_ID, x'C2AF4D2C6A56AE419EBC3097D7D22F4A' FROM CD_VRSN_TBL WHERE CD_ID = x'8516D85799E3BD4A874496454188A9FA' AND OBSLT_UTC IS NULL;
INSERT INTO CD_REF_TERM_ASSOC_TBL (REF_TERM_ID, CD_ID, EFFT_VRSN_SEQ_ID, REL_TYP_ID) SELECT x'C4B2F1A63F0BFA4987B3CD9D3E2865E1', x'0F54B9788B436F4B8D83AAF4979DBC64', VRSN_SEQ_ID, x'C2AF4D2C6A56AE419EBC3097D7D22F4A' FROM CD_VRSN_TBL WHERE CD_ID = x'0F54B9788B436F4B8D83AAF4979DBC64' AND OBSLT_UTC IS NULL;
INSERT INTO CD_REF_TERM_ASSOC_TBL (REF_TERM_ID, CD_ID, EFFT_VRSN_SEQ_ID, REL_TYP_ID) SELECT x'FD8470A852A5874AB756171654198D87', x'94ACBE8DCBCC1244A99009BAB26DD048', VRSN_SEQ_ID, x'C2AF4D2C6A56AE419EBC3097D7D22F4A' FROM CD_VRSN_TBL WHERE CD_ID = x'94ACBE8DCBCC1244A99009BAB26DD048' AND OBSLT_UTC IS NULL;
INSERT INTO CD_REF_TERM_ASSOC_TBL (REF_TERM_ID, CD_ID, EFFT_VRSN_SEQ_ID, REL_TYP_ID) SELECT x'701BEAC1D837714F98E7237AB0386B4F', x'178D9122DCD33541A0034C1C52E57E75', VRSN_SEQ_ID, x'C2AF4D2C6A56AE419EBC3097D7D22F4A' FROM CD_VRSN_TBL WHERE CD_ID = x'178D9122DCD33541A0034C1C52E57E75' AND OBSLT_UTC IS NULL;
INSERT INTO CD_REF_TERM_ASSOC_TBL (REF_TERM_ID, CD_ID, EFFT_VRSN_SEQ_ID, REL_TYP_ID) SELECT x'F42364DCA488914FB4FEE7843DCED168', x'9A25CE8F59B8E34A81600221F6AB1650', VRSN_SEQ_ID, x'C2AF4D2C6A56AE419EBC3097D7D22F4A' FROM CD_VRSN_TBL WHERE CD_ID = x'9A25CE8F59B8E34A81600221F6AB1650' AND OBSLT_UTC IS NULL;
INSERT INTO CD_REF_TERM_ASSOC_TBL (REF_TERM_ID, CD_ID, EFFT_VRSN_SEQ_ID, REL_TYP_ID) SELECT x'31793C6D73E8B7479DE72DEA769E08A2', x'A261DA55867BF3479B0BBA47DC99C950', VRSN_SEQ_ID, x'C2AF4D2C6A56AE419EBC3097D7D22F4A' FROM CD_VRSN_TBL WHERE CD_ID = x'A261DA55867BF3479B0BBA47DC99C950' AND OBSLT_UTC IS NULL;
INSERT INTO CD_REF_TERM_ASSOC_TBL (REF_TERM_ID, CD_ID, EFFT_VRSN_SEQ_ID, REL_TYP_ID) SELECT x'68D853F44E84654DAD770C6C15EA7291', x'A97C6DC6C2C6B1469276AD76BAF04B07', VRSN_SEQ_ID, x'C2AF4D2C6A56AE419EBC3097D7D22F4A' FROM CD_VRSN_TBL WHERE CD_ID = x'A97C6DC6C2C6B1469276AD76BAF04B07' AND OBSLT_UTC IS NULL;
INSERT INTO CD_REF_TERM_ASSOC_TBL (REF_TERM_ID, CD_ID, EFFT_VRSN_SEQ_ID, REL_TYP_ID) SELECT x'31C5658ADDB4CC439C55E064D07533CE', x'F1E309325822634B81822C888DA66CF0', VRSN_SEQ_ID, x'C2AF4D2C6A56AE419EBC3097D7D22F4A' FROM CD_VRSN_TBL WHERE CD_ID = x'F1E309325822634B81822C888DA66CF0' AND OBSLT_UTC IS NULL;
INSERT INTO CD_REF_TERM_ASSOC_TBL (REF_TERM_ID, CD_ID, EFFT_VRSN_SEQ_ID, REL_TYP_ID) SELECT x'74E8E79A645C67488C84C63EE5599B9C', x'BCC371987AB59D47A0317B56CB06FA84', VRSN_SEQ_ID, x'C2AF4D2C6A56AE419EBC3097D7D22F4A' FROM CD_VRSN_TBL WHERE CD_ID = x'BCC371987AB59D47A0317B56CB06FA84' AND OBSLT_UTC IS NULL;
INSERT INTO CD_REF_TERM_ASSOC_TBL (REF_TERM_ID, CD_ID, EFFT_VRSN_SEQ_ID, REL_TYP_ID) SELECT x'1F430D0654BA1243A5D8BB3BCEFA1DD1', x'05E9C6FF1D160B4C8CDEA04E9E9D0CD5', VRSN_SEQ_ID, x'C2AF4D2C6A56AE419EBC3097D7D22F4A' FROM CD_VRSN_TBL WHERE CD_ID = x'05E9C6FF1D160B4C8CDEA04E9E9D0CD5' AND OBSLT_UTC IS NULL;
INSERT INTO CD_REF_TERM_ASSOC_TBL (REF_TERM_ID, CD_ID, EFFT_VRSN_SEQ_ID, REL_TYP_ID) SELECT x'F2D766EE2E4F1D47A032142F8F6C08E4', x'10ACF9EBC9B57A4091A4360BFB7E0FB9', VRSN_SEQ_ID, x'C2AF4D2C6A56AE419EBC3097D7D22F4A' FROM CD_VRSN_TBL WHERE CD_ID = x'10ACF9EBC9B57A4091A4360BFB7E0FB9' AND OBSLT_UTC IS NULL;
INSERT INTO CD_REF_TERM_ASSOC_TBL (REF_TERM_ID, CD_ID, EFFT_VRSN_SEQ_ID, REL_TYP_ID) SELECT x'F42364DCA488914FB4FEE7843DCED168', x'9A25CE8F59B8E34A81600221F6AB1650', VRSN_SEQ_ID, x'C2AF4D2C6A56AE419EBC3097D7D22F4A' FROM CD_VRSN_TBL WHERE CD_ID = x'9A25CE8F59B8E34A81600221F6AB1650' AND OBSLT_UTC IS NULL;
INSERT INTO CD_REF_TERM_ASSOC_TBL (REF_TERM_ID, CD_ID, EFFT_VRSN_SEQ_ID, REL_TYP_ID) SELECT x'52691F22357666448276CD93B83159E7', x'378657D1CBE15E41B3194011DA033813', VRSN_SEQ_ID, x'C2AF4D2C6A56AE419EBC3097D7D22F4A' FROM CD_VRSN_TBL WHERE CD_ID = x'378657D1CBE15E41B3194011DA033813' AND OBSLT_UTC IS NULL;
INSERT INTO CD_REF_TERM_ASSOC_TBL (REF_TERM_ID, CD_ID, EFFT_VRSN_SEQ_ID, REL_TYP_ID) SELECT x'31C5658ADDB4CC439C55E064D07533CE', x'F1E309325822634B81822C888DA66CF0', VRSN_SEQ_ID, x'C2AF4D2C6A56AE419EBC3097D7D22F4A' FROM CD_VRSN_TBL WHERE CD_ID = x'F1E309325822634B81822C888DA66CF0' AND OBSLT_UTC IS NULL;
INSERT INTO CD_REF_TERM_ASSOC_TBL (REF_TERM_ID, CD_ID, EFFT_VRSN_SEQ_ID, REL_TYP_ID) SELECT x'74E8E79A645C67488C84C63EE5599B9C', x'BCC371987AB59D47A0317B56CB06FA84', VRSN_SEQ_ID, x'C2AF4D2C6A56AE419EBC3097D7D22F4A' FROM CD_VRSN_TBL WHERE CD_ID = x'BCC371987AB59D47A0317B56CB06FA84' AND OBSLT_UTC IS NULL;
INSERT INTO CD_REF_TERM_ASSOC_TBL (REF_TERM_ID, CD_ID, EFFT_VRSN_SEQ_ID, REL_TYP_ID) SELECT x'1F430D0654BA1243A5D8BB3BCEFA1DD1', x'05E9C6FF1D160B4C8CDEA04E9E9D0CD5', VRSN_SEQ_ID, x'C2AF4D2C6A56AE419EBC3097D7D22F4A' FROM CD_VRSN_TBL WHERE CD_ID = x'05E9C6FF1D160B4C8CDEA04E9E9D0CD5' AND OBSLT_UTC IS NULL;
INSERT INTO CD_REF_TERM_ASSOC_TBL (REF_TERM_ID, CD_ID, EFFT_VRSN_SEQ_ID, REL_TYP_ID) SELECT x'B97CFCA57DE7324A85D50089F5B87978', x'70EE6EC412563F478D24595EA15C9C39', VRSN_SEQ_ID, x'C2AF4D2C6A56AE419EBC3097D7D22F4A' FROM CD_VRSN_TBL WHERE CD_ID = x'70EE6EC412563F478D24595EA15C9C39' AND OBSLT_UTC IS NULL;
INSERT INTO CD_REF_TERM_ASSOC_TBL (REF_TERM_ID, CD_ID, EFFT_VRSN_SEQ_ID, REL_TYP_ID) SELECT x'57B1191485AF7F44A4900D5B95DBD6CC', x'57F3950321686245819249AC3C94F548', VRSN_SEQ_ID, x'C2AF4D2C6A56AE419EBC3097D7D22F4A' FROM CD_VRSN_TBL WHERE CD_ID = x'57F3950321686245819249AC3C94F548' AND OBSLT_UTC IS NULL;
INSERT INTO CD_REF_TERM_ASSOC_TBL (REF_TERM_ID, CD_ID, EFFT_VRSN_SEQ_ID, REL_TYP_ID) SELECT x'067720673C26714C958AE96B0A9AAA3D', x'26A4143B37632A4FB83BE6BE7DBCD5A5', VRSN_SEQ_ID, x'C2AF4D2C6A56AE419EBC3097D7D22F4A' FROM CD_VRSN_TBL WHERE CD_ID = x'26A4143B37632A4FB83BE6BE7DBCD5A5' AND OBSLT_UTC IS NULL;
INSERT INTO CD_REF_TERM_ASSOC_TBL (REF_TERM_ID, CD_ID, EFFT_VRSN_SEQ_ID, REL_TYP_ID) SELECT x'AFE893EB80E88446A5537651364CEE4F', x'1F5474ECC4872743A4B997F325501747', VRSN_SEQ_ID, x'C2AF4D2C6A56AE419EBC3097D7D22F4A' FROM CD_VRSN_TBL WHERE CD_ID = x'1F5474ECC4872743A4B997F325501747' AND OBSLT_UTC IS NULL;
INSERT INTO CD_REF_TERM_ASSOC_TBL (REF_TERM_ID, CD_ID, EFFT_VRSN_SEQ_ID, REL_TYP_ID) SELECT x'9843B1CC750BF440B3F3C7AF49EF1518', x'5ECC9B092F8E504DB5099F9D5BBEB58E', VRSN_SEQ_ID, x'C2AF4D2C6A56AE419EBC3097D7D22F4A' FROM CD_VRSN_TBL WHERE CD_ID = x'5ECC9B092F8E504DB5099F9D5BBEB58E' AND OBSLT_UTC IS NULL;
INSERT INTO CD_REF_TERM_ASSOC_TBL (REF_TERM_ID, CD_ID, EFFT_VRSN_SEQ_ID, REL_TYP_ID) SELECT x'2D2098BDA248294AB6AB2BF2BE5479F7', x'F2BAF7AC1F22C24B8116CEB5165BE079', VRSN_SEQ_ID, x'C2AF4D2C6A56AE419EBC3097D7D22F4A' FROM CD_VRSN_TBL WHERE CD_ID = x'F2BAF7AC1F22C24B8116CEB5165BE079' AND OBSLT_UTC IS NULL;
INSERT INTO CD_REF_TERM_ASSOC_TBL (REF_TERM_ID, CD_ID, EFFT_VRSN_SEQ_ID, REL_TYP_ID) SELECT x'B97CFCA57DE7324A85D50089F5B87978', x'70EE6EC412563F478D24595EA15C9C39', VRSN_SEQ_ID, x'C2AF4D2C6A56AE419EBC3097D7D22F4A' FROM CD_VRSN_TBL WHERE CD_ID = x'70EE6EC412563F478D24595EA15C9C39' AND OBSLT_UTC IS NULL;
INSERT INTO CD_REF_TERM_ASSOC_TBL (REF_TERM_ID, CD_ID, EFFT_VRSN_SEQ_ID, REL_TYP_ID) SELECT x'57B1191485AF7F44A4900D5B95DBD6CC', x'57F3950321686245819249AC3C94F548', VRSN_SEQ_ID, x'C2AF4D2C6A56AE419EBC3097D7D22F4A' FROM CD_VRSN_TBL WHERE CD_ID = x'57F3950321686245819249AC3C94F548' AND OBSLT_UTC IS NULL;
INSERT INTO CD_REF_TERM_ASSOC_TBL (REF_TERM_ID, CD_ID, EFFT_VRSN_SEQ_ID, REL_TYP_ID) SELECT x'AFE893EB80E88446A5537651364CEE4F', x'1F5474ECC4872743A4B997F325501747', VRSN_SEQ_ID, x'C2AF4D2C6A56AE419EBC3097D7D22F4A' FROM CD_VRSN_TBL WHERE CD_ID = x'1F5474ECC4872743A4B997F325501747' AND OBSLT_UTC IS NULL;
INSERT INTO CD_REF_TERM_ASSOC_TBL (REF_TERM_ID, CD_ID, EFFT_VRSN_SEQ_ID, REL_TYP_ID) SELECT x'9843B1CC750BF440B3F3C7AF49EF1518', x'5ECC9B092F8E504DB5099F9D5BBEB58E', VRSN_SEQ_ID, x'C2AF4D2C6A56AE419EBC3097D7D22F4A' FROM CD_VRSN_TBL WHERE CD_ID = x'5ECC9B092F8E504DB5099F9D5BBEB58E' AND OBSLT_UTC IS NULL;
INSERT INTO CD_REF_TERM_ASSOC_TBL (REF_TERM_ID, CD_ID, EFFT_VRSN_SEQ_ID, REL_TYP_ID) SELECT x'2D2098BDA248294AB6AB2BF2BE5479F7', x'F2BAF7AC1F22C24B8116CEB5165BE079', VRSN_SEQ_ID, x'C2AF4D2C6A56AE419EBC3097D7D22F4A' FROM CD_VRSN_TBL WHERE CD_ID = x'F2BAF7AC1F22C24B8116CEB5165BE079' AND OBSLT_UTC IS NULL;
INSERT INTO CD_REF_TERM_ASSOC_TBL (REF_TERM_ID, CD_ID, EFFT_VRSN_SEQ_ID, REL_TYP_ID) SELECT x'B97CFCA57DE7324A85D50089F5B87978', x'70EE6EC412563F478D24595EA15C9C39', VRSN_SEQ_ID, x'C2AF4D2C6A56AE419EBC3097D7D22F4A' FROM CD_VRSN_TBL WHERE CD_ID = x'70EE6EC412563F478D24595EA15C9C39' AND OBSLT_UTC IS NULL;
INSERT INTO CD_REF_TERM_ASSOC_TBL (REF_TERM_ID, CD_ID, EFFT_VRSN_SEQ_ID, REL_TYP_ID) SELECT x'57B1191485AF7F44A4900D5B95DBD6CC', x'57F3950321686245819249AC3C94F548', VRSN_SEQ_ID, x'C2AF4D2C6A56AE419EBC3097D7D22F4A' FROM CD_VRSN_TBL WHERE CD_ID = x'57F3950321686245819249AC3C94F548' AND OBSLT_UTC IS NULL;
INSERT INTO CD_REF_TERM_ASSOC_TBL (REF_TERM_ID, CD_ID, EFFT_VRSN_SEQ_ID, REL_TYP_ID) SELECT x'067720673C26714C958AE96B0A9AAA3D', x'26A4143B37632A4FB83BE6BE7DBCD5A5', VRSN_SEQ_ID, x'C2AF4D2C6A56AE419EBC3097D7D22F4A' FROM CD_VRSN_TBL WHERE CD_ID = x'26A4143B37632A4FB83BE6BE7DBCD5A5' AND OBSLT_UTC IS NULL;
INSERT INTO CD_REF_TERM_ASSOC_TBL (REF_TERM_ID, CD_ID, EFFT_VRSN_SEQ_ID, REL_TYP_ID) SELECT x'AFE893EB80E88446A5537651364CEE4F', x'1F5474ECC4872743A4B997F325501747', VRSN_SEQ_ID, x'C2AF4D2C6A56AE419EBC3097D7D22F4A' FROM CD_VRSN_TBL WHERE CD_ID = x'1F5474ECC4872743A4B997F325501747' AND OBSLT_UTC IS NULL;
INSERT INTO CD_REF_TERM_ASSOC_TBL (REF_TERM_ID, CD_ID, EFFT_VRSN_SEQ_ID, REL_TYP_ID) SELECT x'9843B1CC750BF440B3F3C7AF49EF1518', x'5ECC9B092F8E504DB5099F9D5BBEB58E', VRSN_SEQ_ID, x'C2AF4D2C6A56AE419EBC3097D7D22F4A' FROM CD_VRSN_TBL WHERE CD_ID = x'5ECC9B092F8E504DB5099F9D5BBEB58E' AND OBSLT_UTC IS NULL;
INSERT INTO CD_REF_TERM_ASSOC_TBL (REF_TERM_ID, CD_ID, EFFT_VRSN_SEQ_ID, REL_TYP_ID) SELECT x'2D2098BDA248294AB6AB2BF2BE5479F7', x'F2BAF7AC1F22C24B8116CEB5165BE079', VRSN_SEQ_ID, x'C2AF4D2C6A56AE419EBC3097D7D22F4A' FROM CD_VRSN_TBL WHERE CD_ID = x'F2BAF7AC1F22C24B8116CEB5165BE079' AND OBSLT_UTC IS NULL;
INSERT INTO CD_REF_TERM_ASSOC_TBL (REF_TERM_ID, CD_ID, EFFT_VRSN_SEQ_ID, REL_TYP_ID) SELECT x'72DD6C265756F8448109432A43E368F4', x'6F9CCDBAA93F1E48963637457962804D', VRSN_SEQ_ID, x'C2AF4D2C6A56AE419EBC3097D7D22F4A' FROM CD_VRSN_TBL WHERE CD_ID = x'6F9CCDBAA93F1E48963637457962804D' AND OBSLT_UTC IS NULL;
INSERT INTO CD_REF_TERM_ASSOC_TBL (REF_TERM_ID, CD_ID, EFFT_VRSN_SEQ_ID, REL_TYP_ID) SELECT x'4FBA48AEACA99B4FBFA678D7921012FE', x'E83FFDAB2695FB48B36635BACA9BD170', VRSN_SEQ_ID, x'C2AF4D2C6A56AE419EBC3097D7D22F4A' FROM CD_VRSN_TBL WHERE CD_ID = x'E83FFDAB2695FB48B36635BACA9BD170' AND OBSLT_UTC IS NULL;
INSERT INTO CD_REF_TERM_ASSOC_TBL (REF_TERM_ID, CD_ID, EFFT_VRSN_SEQ_ID, REL_TYP_ID) SELECT x'AFE893EB80E88446A5537651364CEE4F', x'1F5474ECC4872743A4B997F325501747', VRSN_SEQ_ID, x'C2AF4D2C6A56AE419EBC3097D7D22F4A' FROM CD_VRSN_TBL WHERE CD_ID = x'1F5474ECC4872743A4B997F325501747' AND OBSLT_UTC IS NULL;
INSERT INTO CD_REF_TERM_ASSOC_TBL (REF_TERM_ID, CD_ID, EFFT_VRSN_SEQ_ID, REL_TYP_ID) SELECT x'9843B1CC750BF440B3F3C7AF49EF1518', x'5ECC9B092F8E504DB5099F9D5BBEB58E', VRSN_SEQ_ID, x'C2AF4D2C6A56AE419EBC3097D7D22F4A' FROM CD_VRSN_TBL WHERE CD_ID = x'5ECC9B092F8E504DB5099F9D5BBEB58E' AND OBSLT_UTC IS NULL;
INSERT INTO CD_REF_TERM_ASSOC_TBL (REF_TERM_ID, CD_ID, EFFT_VRSN_SEQ_ID, REL_TYP_ID) SELECT x'2D2098BDA248294AB6AB2BF2BE5479F7', x'F2BAF7AC1F22C24B8116CEB5165BE079', VRSN_SEQ_ID, x'C2AF4D2C6A56AE419EBC3097D7D22F4A' FROM CD_VRSN_TBL WHERE CD_ID = x'F2BAF7AC1F22C24B8116CEB5165BE079' AND OBSLT_UTC IS NULL;
INSERT INTO CD_REF_TERM_ASSOC_TBL (REF_TERM_ID, CD_ID, EFFT_VRSN_SEQ_ID, REL_TYP_ID) SELECT x'10C5182F93146447B1027881671586ED', x'164217A0396451439483A241A48029B7', VRSN_SEQ_ID, x'C2AF4D2C6A56AE419EBC3097D7D22F4A' FROM CD_VRSN_TBL WHERE CD_ID = x'164217A0396451439483A241A48029B7' AND OBSLT_UTC IS NULL;
INSERT INTO CD_REF_TERM_ASSOC_TBL (REF_TERM_ID, CD_ID, EFFT_VRSN_SEQ_ID, REL_TYP_ID) SELECT x'B4682F3320AB3D44A37DF7D0EC5E44F5', x'AD29BF6C51ACC948885ACFE3026ECF6E', VRSN_SEQ_ID, x'C2AF4D2C6A56AE419EBC3097D7D22F4A' FROM CD_VRSN_TBL WHERE CD_ID = x'AD29BF6C51ACC948885ACFE3026ECF6E' AND OBSLT_UTC IS NULL;
INSERT INTO CD_REF_TERM_ASSOC_TBL (REF_TERM_ID, CD_ID, EFFT_VRSN_SEQ_ID, REL_TYP_ID) SELECT x'3372D53319B125498235170E30060ED7', x'D74A360A61F98A4D93F01FD4176548B3', VRSN_SEQ_ID, x'C2AF4D2C6A56AE419EBC3097D7D22F4A' FROM CD_VRSN_TBL WHERE CD_ID = x'D74A360A61F98A4D93F01FD4176548B3' AND OBSLT_UTC IS NULL;
INSERT INTO CD_REF_TERM_ASSOC_TBL (REF_TERM_ID, CD_ID, EFFT_VRSN_SEQ_ID, REL_TYP_ID) SELECT x'0813728599DA464DAAA3054F4576F15E', x'6E4E59A2FEE8684C82A5D3A46DBEC87D', VRSN_SEQ_ID, x'C2AF4D2C6A56AE419EBC3097D7D22F4A' FROM CD_VRSN_TBL WHERE CD_ID = x'6E4E59A2FEE8684C82A5D3A46DBEC87D' AND OBSLT_UTC IS NULL;
INSERT INTO CD_REF_TERM_ASSOC_TBL (REF_TERM_ID, CD_ID, EFFT_VRSN_SEQ_ID, REL_TYP_ID) SELECT x'D77D97D5E56C1943843D870B83497029', x'8B0F8E5E23BC474882AB49B8DD79981E', VRSN_SEQ_ID, x'C2AF4D2C6A56AE419EBC3097D7D22F4A' FROM CD_VRSN_TBL WHERE CD_ID = x'8B0F8E5E23BC474882AB49B8DD79981E' AND OBSLT_UTC IS NULL;
INSERT INTO CD_REF_TERM_ASSOC_TBL (REF_TERM_ID, CD_ID, EFFT_VRSN_SEQ_ID, REL_TYP_ID) SELECT x'DAAF56888603D34782A85C3F2CEF89C7', x'D67AFF12CD0ABA4BA624C7A03D3F8A6B', VRSN_SEQ_ID, x'C2AF4D2C6A56AE419EBC3097D7D22F4A' FROM CD_VRSN_TBL WHERE CD_ID = x'D67AFF12CD0ABA4BA624C7A03D3F8A6B' AND OBSLT_UTC IS NULL;
INSERT INTO CD_REF_TERM_ASSOC_TBL (REF_TERM_ID, CD_ID, EFFT_VRSN_SEQ_ID, REL_TYP_ID) SELECT x'D0AAFBD8FEEFE64FA47B30DAA4B40AE4', x'DF6F13E572CE5747A1CC24E1CC98F034', VRSN_SEQ_ID, x'C2AF4D2C6A56AE419EBC3097D7D22F4A' FROM CD_VRSN_TBL WHERE CD_ID = x'DF6F13E572CE5747A1CC24E1CC98F034' AND OBSLT_UTC IS NULL;
INSERT INTO CD_REF_TERM_ASSOC_TBL (REF_TERM_ID, CD_ID, EFFT_VRSN_SEQ_ID, REL_TYP_ID) SELECT x'5A573B8BA2EB4B45A087805F5083B048', x'216D7AA8A62CEA4A88F36135CCEB58D1', VRSN_SEQ_ID, x'C2AF4D2C6A56AE419EBC3097D7D22F4A' FROM CD_VRSN_TBL WHERE CD_ID = x'216D7AA8A62CEA4A88F36135CCEB58D1' AND OBSLT_UTC IS NULL;
INSERT INTO CD_REF_TERM_ASSOC_TBL (REF_TERM_ID, CD_ID, EFFT_VRSN_SEQ_ID, REL_TYP_ID) SELECT x'A7E28563698A2044BB4B5B8AD3243E8B', x'938C0F5BC957FF4DB59A9564739EF445', VRSN_SEQ_ID, x'C2AF4D2C6A56AE419EBC3097D7D22F4A' FROM CD_VRSN_TBL WHERE CD_ID = x'938C0F5BC957FF4DB59A9564739EF445' AND OBSLT_UTC IS NULL;
INSERT INTO CD_REF_TERM_ASSOC_TBL (REF_TERM_ID, CD_ID, EFFT_VRSN_SEQ_ID, REL_TYP_ID) SELECT x'4AAE07187E7DB54F91D449E7841483F7', x'4FD94ED6A4E4A249A0D81E6F393AAB36', VRSN_SEQ_ID, x'C2AF4D2C6A56AE419EBC3097D7D22F4A' FROM CD_VRSN_TBL WHERE CD_ID = x'4FD94ED6A4E4A249A0D81E6F393AAB36' AND OBSLT_UTC IS NULL;
INSERT INTO CD_REF_TERM_ASSOC_TBL (REF_TERM_ID, CD_ID, EFFT_VRSN_SEQ_ID, REL_TYP_ID) SELECT x'73B05D2A2E202144920760608DA4C859', x'3485A8BA79DC424990CDE047BA24F34F', VRSN_SEQ_ID, x'C2AF4D2C6A56AE419EBC3097D7D22F4A' FROM CD_VRSN_TBL WHERE CD_ID = x'3485A8BA79DC424990CDE047BA24F34F' AND OBSLT_UTC IS NULL;
INSERT INTO CD_REF_TERM_ASSOC_TBL (REF_TERM_ID, CD_ID, EFFT_VRSN_SEQ_ID, REL_TYP_ID) SELECT x'B0DB038DE069CC4382FDAD39E9154A2E', x'FC7B284ACA72B6469D34380EEAE9369A', VRSN_SEQ_ID, x'C2AF4D2C6A56AE419EBC3097D7D22F4A' FROM CD_VRSN_TBL WHERE CD_ID = x'FC7B284ACA72B6469D34380EEAE9369A' AND OBSLT_UTC IS NULL;
INSERT INTO CD_REF_TERM_ASSOC_TBL (REF_TERM_ID, CD_ID, EFFT_VRSN_SEQ_ID, REL_TYP_ID) SELECT x'9C29C2EB0C2EF249BACB56284E0086DD', x'651E757130CC804085DE5C19D5201772', VRSN_SEQ_ID, x'C2AF4D2C6A56AE419EBC3097D7D22F4A' FROM CD_VRSN_TBL WHERE CD_ID = x'651E757130CC804085DE5C19D5201772' AND OBSLT_UTC IS NULL;
INSERT INTO CD_REF_TERM_ASSOC_TBL (REF_TERM_ID, CD_ID, EFFT_VRSN_SEQ_ID, REL_TYP_ID) SELECT x'731C52FE744E5A4DA35D0C51D404B3AA', x'E801D07F5154484AB5B6DA5928DCE03F', VRSN_SEQ_ID, x'C2AF4D2C6A56AE419EBC3097D7D22F4A' FROM CD_VRSN_TBL WHERE CD_ID = x'E801D07F5154484AB5B6DA5928DCE03F' AND OBSLT_UTC IS NULL;
INSERT INTO CD_REF_TERM_ASSOC_TBL (REF_TERM_ID, CD_ID, EFFT_VRSN_SEQ_ID, REL_TYP_ID) SELECT x'2A67E0C672780B4AABCA12F6C512CEA5', x'E392E18B1A973C4CB795554B0B5AD672', VRSN_SEQ_ID, x'C2AF4D2C6A56AE419EBC3097D7D22F4A' FROM CD_VRSN_TBL WHERE CD_ID = x'E392E18B1A973C4CB795554B0B5AD672' AND OBSLT_UTC IS NULL;
INSERT INTO CD_REF_TERM_ASSOC_TBL (REF_TERM_ID, CD_ID, EFFT_VRSN_SEQ_ID, REL_TYP_ID) SELECT x'12A3D104AE46AB46AB2AD10998FD91CC', x'513FE159CA0C3E438A458EC24B332ECE', VRSN_SEQ_ID, x'C2AF4D2C6A56AE419EBC3097D7D22F4A' FROM CD_VRSN_TBL WHERE CD_ID = x'513FE159CA0C3E438A458EC24B332ECE' AND OBSLT_UTC IS NULL;
INSERT INTO CD_REF_TERM_ASSOC_TBL (REF_TERM_ID, CD_ID, EFFT_VRSN_SEQ_ID, REL_TYP_ID) SELECT x'0F31A329FBE0D94EA26206A7D60F14D4', x'8168E62BE1877341B9505534334EE08B', VRSN_SEQ_ID, x'C2AF4D2C6A56AE419EBC3097D7D22F4A' FROM CD_VRSN_TBL WHERE CD_ID = x'8168E62BE1877341B9505534334EE08B' AND OBSLT_UTC IS NULL;
INSERT INTO CD_REF_TERM_ASSOC_TBL (REF_TERM_ID, CD_ID, EFFT_VRSN_SEQ_ID, REL_TYP_ID) SELECT x'329F2DDDA1715B41BDE1ED38CD92DEC7', x'6365C7040B0EC44996646EB3CBD771D1', VRSN_SEQ_ID, x'C2AF4D2C6A56AE419EBC3097D7D22F4A' FROM CD_VRSN_TBL WHERE CD_ID = x'6365C7040B0EC44996646EB3CBD771D1' AND OBSLT_UTC IS NULL;
INSERT INTO CD_REF_TERM_ASSOC_TBL (REF_TERM_ID, CD_ID, EFFT_VRSN_SEQ_ID, REL_TYP_ID) SELECT x'D7C87A1996CE6D4DADF6514E5CE5C551', x'B8BF98BD21C6EC48919E65A65E334D37', VRSN_SEQ_ID, x'C2AF4D2C6A56AE419EBC3097D7D22F4A' FROM CD_VRSN_TBL WHERE CD_ID = x'B8BF98BD21C6EC48919E65A65E334D37' AND OBSLT_UTC IS NULL;
INSERT INTO CD_REF_TERM_ASSOC_TBL (REF_TERM_ID, CD_ID, EFFT_VRSN_SEQ_ID, REL_TYP_ID) SELECT x'E22B51AC9BEEE84BA77D81907FEFE6F8', x'337C0D2DA0C37A4992D8D27095F1E2E7', VRSN_SEQ_ID, x'C2AF4D2C6A56AE419EBC3097D7D22F4A' FROM CD_VRSN_TBL WHERE CD_ID = x'337C0D2DA0C37A4992D8D27095F1E2E7' AND OBSLT_UTC IS NULL;
INSERT INTO CD_REF_TERM_ASSOC_TBL (REF_TERM_ID, CD_ID, EFFT_VRSN_SEQ_ID, REL_TYP_ID) SELECT x'DCC32F6D1B40C94D92AAF2223ABD4EDE', x'7EC6E33F5AEB4045BDCD5AE2A5FFBBEF', VRSN_SEQ_ID, x'C2AF4D2C6A56AE419EBC3097D7D22F4A' FROM CD_VRSN_TBL WHERE CD_ID = x'7EC6E33F5AEB4045BDCD5AE2A5FFBBEF' AND OBSLT_UTC IS NULL;
INSERT INTO CD_REF_TERM_ASSOC_TBL (REF_TERM_ID, CD_ID, EFFT_VRSN_SEQ_ID, REL_TYP_ID) SELECT x'941AF753BCB2094BB9B96C0F5C006438', x'541FE7A56CCEF4488DA5F8C61B04B7CF', VRSN_SEQ_ID, x'C2AF4D2C6A56AE419EBC3097D7D22F4A' FROM CD_VRSN_TBL WHERE CD_ID = x'541FE7A56CCEF4488DA5F8C61B04B7CF' AND OBSLT_UTC IS NULL;
INSERT INTO CD_REF_TERM_ASSOC_TBL (REF_TERM_ID, CD_ID, EFFT_VRSN_SEQ_ID, REL_TYP_ID) SELECT x'10CD65F736ABAA4B92418FF9C54F8CC4', x'8D79130417407A489A8FDDF40A21F48C', VRSN_SEQ_ID, x'C2AF4D2C6A56AE419EBC3097D7D22F4A' FROM CD_VRSN_TBL WHERE CD_ID = x'8D79130417407A489A8FDDF40A21F48C' AND OBSLT_UTC IS NULL;
INSERT INTO CD_REF_TERM_ASSOC_TBL (REF_TERM_ID, CD_ID, EFFT_VRSN_SEQ_ID, REL_TYP_ID) SELECT x'8C64D818C1091E4681A582D1AEDFED8B', x'D8881C238929F9488AD7DF27ADCE9948', VRSN_SEQ_ID, x'C2AF4D2C6A56AE419EBC3097D7D22F4A' FROM CD_VRSN_TBL WHERE CD_ID = x'D8881C238929F9488AD7DF27ADCE9948' AND OBSLT_UTC IS NULL;
INSERT INTO CD_REF_TERM_ASSOC_TBL (REF_TERM_ID, CD_ID, EFFT_VRSN_SEQ_ID, REL_TYP_ID) SELECT x'D600A58D96A8E047801D9B25C0C021C7', x'F71F58C89976884784DDD6B28EDFA919', VRSN_SEQ_ID, x'C2AF4D2C6A56AE419EBC3097D7D22F4A' FROM CD_VRSN_TBL WHERE CD_ID = x'F71F58C89976884784DDD6B28EDFA919' AND OBSLT_UTC IS NULL;
INSERT INTO CD_REF_TERM_ASSOC_TBL (REF_TERM_ID, CD_ID, EFFT_VRSN_SEQ_ID, REL_TYP_ID) SELECT x'7A5C15F695B2944EB2B745C01F0DE1A6', x'F0F21A0C62615847B532ECECE14D5A24', VRSN_SEQ_ID, x'C2AF4D2C6A56AE419EBC3097D7D22F4A' FROM CD_VRSN_TBL WHERE CD_ID = x'F0F21A0C62615847B532ECECE14D5A24' AND OBSLT_UTC IS NULL;
INSERT INTO CD_REF_TERM_ASSOC_TBL (REF_TERM_ID, CD_ID, EFFT_VRSN_SEQ_ID, REL_TYP_ID) SELECT x'EC7C2A20C287714D8AD8E781B25E1504', x'8B793CB8671BD84793537A8687967A63', VRSN_SEQ_ID, x'C2AF4D2C6A56AE419EBC3097D7D22F4A' FROM CD_VRSN_TBL WHERE CD_ID = x'8B793CB8671BD84793537A8687967A63' AND OBSLT_UTC IS NULL;
INSERT INTO CD_REF_TERM_ASSOC_TBL (REF_TERM_ID, CD_ID, EFFT_VRSN_SEQ_ID, REL_TYP_ID) SELECT x'0DD9E242E8ABDE40BF900A2F6153A855', x'C597D4A88CC6DD4BB8331202735BA0AC', VRSN_SEQ_ID, x'C2AF4D2C6A56AE419EBC3097D7D22F4A' FROM CD_VRSN_TBL WHERE CD_ID = x'C597D4A88CC6DD4BB8331202735BA0AC' AND OBSLT_UTC IS NULL;
INSERT INTO CD_REF_TERM_ASSOC_TBL (REF_TERM_ID, CD_ID, EFFT_VRSN_SEQ_ID, REL_TYP_ID) SELECT x'4BC950A380591F4C83638664898C895D', x'C967AA528945434D99FC0E3DA3B116E9', VRSN_SEQ_ID, x'C2AF4D2C6A56AE419EBC3097D7D22F4A' FROM CD_VRSN_TBL WHERE CD_ID = x'C967AA528945434D99FC0E3DA3B116E9' AND OBSLT_UTC IS NULL;
INSERT INTO CD_REF_TERM_ASSOC_TBL (REF_TERM_ID, CD_ID, EFFT_VRSN_SEQ_ID, REL_TYP_ID) SELECT x'884C7F1790EA01448B96E3B66F3D45F9', x'37BCF4B2F5B7364886F5500D72A552D0', VRSN_SEQ_ID, x'C2AF4D2C6A56AE419EBC3097D7D22F4A' FROM CD_VRSN_TBL WHERE CD_ID = x'37BCF4B2F5B7364886F5500D72A552D0' AND OBSLT_UTC IS NULL;
INSERT INTO CD_REF_TERM_ASSOC_TBL (REF_TERM_ID, CD_ID, EFFT_VRSN_SEQ_ID, REL_TYP_ID) SELECT x'34E18FFBA5F42B469DC02D87589249CE', x'B3D9468F301A9240B3EDC1BC0C4189B7', VRSN_SEQ_ID, x'C2AF4D2C6A56AE419EBC3097D7D22F4A' FROM CD_VRSN_TBL WHERE CD_ID = x'B3D9468F301A9240B3EDC1BC0C4189B7' AND OBSLT_UTC IS NULL;
INSERT INTO CD_REF_TERM_ASSOC_TBL (REF_TERM_ID, CD_ID, EFFT_VRSN_SEQ_ID, REL_TYP_ID) SELECT x'2327B358A4E231458DF53800B653389C', x'6393A850593F714285FDF79E8AC11F41', VRSN_SEQ_ID, x'C2AF4D2C6A56AE419EBC3097D7D22F4A' FROM CD_VRSN_TBL WHERE CD_ID = x'6393A850593F714285FDF79E8AC11F41' AND OBSLT_UTC IS NULL;
INSERT INTO CD_REF_TERM_ASSOC_TBL (REF_TERM_ID, CD_ID, EFFT_VRSN_SEQ_ID, REL_TYP_ID) SELECT x'28EEB1771839FC43B3E928EC6A7F1D2F', x'F6115ADDF891D244AEF17AD8F5B690A2', VRSN_SEQ_ID, x'C2AF4D2C6A56AE419EBC3097D7D22F4A' FROM CD_VRSN_TBL WHERE CD_ID = x'F6115ADDF891D244AEF17AD8F5B690A2' AND OBSLT_UTC IS NULL;
INSERT INTO CD_REF_TERM_ASSOC_TBL (REF_TERM_ID, CD_ID, EFFT_VRSN_SEQ_ID, REL_TYP_ID) SELECT x'7763F07A5B1A37478E020C3855471086', x'7B2CC05DD9886741A0C73EBBE67EC625', VRSN_SEQ_ID, x'C2AF4D2C6A56AE419EBC3097D7D22F4A' FROM CD_VRSN_TBL WHERE CD_ID = x'7B2CC05DD9886741A0C73EBBE67EC625' AND OBSLT_UTC IS NULL;
INSERT INTO CD_REF_TERM_ASSOC_TBL (REF_TERM_ID, CD_ID, EFFT_VRSN_SEQ_ID, REL_TYP_ID) SELECT x'65BBC289CB45044F82A7AC16E2B3D547', x'D5A2AF0117EF414F83D4B166308E998F', VRSN_SEQ_ID, x'C2AF4D2C6A56AE419EBC3097D7D22F4A' FROM CD_VRSN_TBL WHERE CD_ID = x'D5A2AF0117EF414F83D4B166308E998F' AND OBSLT_UTC IS NULL;
INSERT INTO CD_REF_TERM_ASSOC_TBL (REF_TERM_ID, CD_ID, EFFT_VRSN_SEQ_ID, REL_TYP_ID) SELECT x'A7D8769A4E3A544B9242BD0456B95CBE', x'E9251B409660E04F8FEAD7EB40E37592', VRSN_SEQ_ID, x'C2AF4D2C6A56AE419EBC3097D7D22F4A' FROM CD_VRSN_TBL WHERE CD_ID = x'E9251B409660E04F8FEAD7EB40E37592' AND OBSLT_UTC IS NULL;
INSERT INTO CD_REF_TERM_ASSOC_TBL (REF_TERM_ID, CD_ID, EFFT_VRSN_SEQ_ID, REL_TYP_ID) SELECT x'5B15C0AFA7D25742ADE1BA2B2071C231', x'837B39EAAF597A4D93F871E615072AAE', VRSN_SEQ_ID, x'C2AF4D2C6A56AE419EBC3097D7D22F4A' FROM CD_VRSN_TBL WHERE CD_ID = x'837B39EAAF597A4D93F871E615072AAE' AND OBSLT_UTC IS NULL;
INSERT INTO CD_REF_TERM_ASSOC_TBL (REF_TERM_ID, CD_ID, EFFT_VRSN_SEQ_ID, REL_TYP_ID) SELECT x'60D403793913444C8017C3191F14F664', x'922791BE37F67343A48D6C9F838191E2', VRSN_SEQ_ID, x'C2AF4D2C6A56AE419EBC3097D7D22F4A' FROM CD_VRSN_TBL WHERE CD_ID = x'922791BE37F67343A48D6C9F838191E2' AND OBSLT_UTC IS NULL;
INSERT INTO CD_REF_TERM_ASSOC_TBL (REF_TERM_ID, CD_ID, EFFT_VRSN_SEQ_ID, REL_TYP_ID) SELECT x'C48E46A43A24D742AEBC4D4908ECE836', x'2B168AECF7818843B695E998369C2425', VRSN_SEQ_ID, x'C2AF4D2C6A56AE419EBC3097D7D22F4A' FROM CD_VRSN_TBL WHERE CD_ID = x'2B168AECF7818843B695E998369C2425' AND OBSLT_UTC IS NULL;
INSERT INTO CD_REF_TERM_ASSOC_TBL (REF_TERM_ID, CD_ID, EFFT_VRSN_SEQ_ID, REL_TYP_ID) SELECT x'DCB1E271F75254418836636818BD3EB5', x'8A3FC169E2290B41B5ADF616F7191B14', VRSN_SEQ_ID, x'C2AF4D2C6A56AE419EBC3097D7D22F4A' FROM CD_VRSN_TBL WHERE CD_ID = x'8A3FC169E2290B41B5ADF616F7191B14' AND OBSLT_UTC IS NULL;
INSERT INTO CD_REF_TERM_ASSOC_TBL (REF_TERM_ID, CD_ID, EFFT_VRSN_SEQ_ID, REL_TYP_ID) SELECT x'76A62F749D158A489398113D2FD4E5FD', x'B457AE415F5FE5498C774BA7969FF469', VRSN_SEQ_ID, x'C2AF4D2C6A56AE419EBC3097D7D22F4A' FROM CD_VRSN_TBL WHERE CD_ID = x'B457AE415F5FE5498C774BA7969FF469' AND OBSLT_UTC IS NULL;
INSERT INTO CD_REF_TERM_ASSOC_TBL (REF_TERM_ID, CD_ID, EFFT_VRSN_SEQ_ID, REL_TYP_ID) SELECT x'E38BE3089D6147498BDED79026CF0511', x'907979706D39424590A27F5F1ABF0AD1', VRSN_SEQ_ID, x'C2AF4D2C6A56AE419EBC3097D7D22F4A' FROM CD_VRSN_TBL WHERE CD_ID = x'907979706D39424590A27F5F1ABF0AD1' AND OBSLT_UTC IS NULL;
INSERT INTO CD_REF_TERM_ASSOC_TBL (REF_TERM_ID, CD_ID, EFFT_VRSN_SEQ_ID, REL_TYP_ID) SELECT x'5C3D00A7A4404A458FABB6884B8C0ABE', x'01A00E3E3E12A449B28C939E5D5EA488', VRSN_SEQ_ID, x'C2AF4D2C6A56AE419EBC3097D7D22F4A' FROM CD_VRSN_TBL WHERE CD_ID = x'01A00E3E3E12A449B28C939E5D5EA488' AND OBSLT_UTC IS NULL;
INSERT INTO CD_REF_TERM_ASSOC_TBL (REF_TERM_ID, CD_ID, EFFT_VRSN_SEQ_ID, REL_TYP_ID) SELECT x'AA35F75D67B4194A8AC952FEDBB964D1', x'9B3E228417324D40AD473EF9BDE43DCB', VRSN_SEQ_ID, x'C2AF4D2C6A56AE419EBC3097D7D22F4A' FROM CD_VRSN_TBL WHERE CD_ID = x'9B3E228417324D40AD473EF9BDE43DCB' AND OBSLT_UTC IS NULL;
INSERT INTO CD_REF_TERM_ASSOC_TBL (REF_TERM_ID, CD_ID, EFFT_VRSN_SEQ_ID, REL_TYP_ID) SELECT x'8AB68F0D6E56684CB893893ED8B4A737', x'B091C3EF744DE44691E6C03F315555E2', VRSN_SEQ_ID, x'C2AF4D2C6A56AE419EBC3097D7D22F4A' FROM CD_VRSN_TBL WHERE CD_ID = x'B091C3EF744DE44691E6C03F315555E2' AND OBSLT_UTC IS NULL;
INSERT INTO CD_REF_TERM_ASSOC_TBL (REF_TERM_ID, CD_ID, EFFT_VRSN_SEQ_ID, REL_TYP_ID) SELECT x'77C95A3030462041A558909ACF65E5D3', x'D2B4EA2FD56BA84D905782FF9BF6A1BC', VRSN_SEQ_ID, x'C2AF4D2C6A56AE419EBC3097D7D22F4A' FROM CD_VRSN_TBL WHERE CD_ID = x'D2B4EA2FD56BA84D905782FF9BF6A1BC' AND OBSLT_UTC IS NULL;
INSERT INTO CD_REF_TERM_ASSOC_TBL (REF_TERM_ID, CD_ID, EFFT_VRSN_SEQ_ID, REL_TYP_ID) SELECT x'27DAC33365F6F140B510667600259EFC', x'BCDFB42FDD646846B2E50D5C743C9A9F', VRSN_SEQ_ID, x'C2AF4D2C6A56AE419EBC3097D7D22F4A' FROM CD_VRSN_TBL WHERE CD_ID = x'BCDFB42FDD646846B2E50D5C743C9A9F' AND OBSLT_UTC IS NULL;
INSERT INTO CD_REF_TERM_ASSOC_TBL (REF_TERM_ID, CD_ID, EFFT_VRSN_SEQ_ID, REL_TYP_ID) SELECT x'CC1B4DB7D53D60419DBB5FA8D2CA0694', x'60BE9D4E4E3E7440A4320BB4E47EB62D', VRSN_SEQ_ID, x'C2AF4D2C6A56AE419EBC3097D7D22F4A' FROM CD_VRSN_TBL WHERE CD_ID = x'60BE9D4E4E3E7440A4320BB4E47EB62D' AND OBSLT_UTC IS NULL;
INSERT INTO CD_REF_TERM_ASSOC_TBL (REF_TERM_ID, CD_ID, EFFT_VRSN_SEQ_ID, REL_TYP_ID) SELECT x'55BD1DE5A721F44B80D89C5DBCC1D332', x'330B8A95D7C3EF47959659EEE434EB2D', VRSN_SEQ_ID, x'C2AF4D2C6A56AE419EBC3097D7D22F4A' FROM CD_VRSN_TBL WHERE CD_ID = x'330B8A95D7C3EF47959659EEE434EB2D' AND OBSLT_UTC IS NULL;
INSERT INTO CD_REF_TERM_ASSOC_TBL (REF_TERM_ID, CD_ID, EFFT_VRSN_SEQ_ID, REL_TYP_ID) SELECT x'0596541D11285A4AA0EBC8789910DD2F', x'6916CD17AF5A6049BD23988209EBA352', VRSN_SEQ_ID, x'C2AF4D2C6A56AE419EBC3097D7D22F4A' FROM CD_VRSN_TBL WHERE CD_ID = x'6916CD17AF5A6049BD23988209EBA352' AND OBSLT_UTC IS NULL;
INSERT INTO CD_REF_TERM_ASSOC_TBL (REF_TERM_ID, CD_ID, EFFT_VRSN_SEQ_ID, REL_TYP_ID) SELECT x'14EE0A9AB003A64290FA4347776349F6', x'97E7BDE7ACDE634C9F611DDBD38B98F3', VRSN_SEQ_ID, x'C2AF4D2C6A56AE419EBC3097D7D22F4A' FROM CD_VRSN_TBL WHERE CD_ID = x'97E7BDE7ACDE634C9F611DDBD38B98F3' AND OBSLT_UTC IS NULL;
INSERT INTO CD_REF_TERM_ASSOC_TBL (REF_TERM_ID, CD_ID, EFFT_VRSN_SEQ_ID, REL_TYP_ID) SELECT x'75662F5AA4710B46B3FCB868F06552D7', x'BA0B571D4282DB4FBD63C2E7601A64C6', VRSN_SEQ_ID, x'C2AF4D2C6A56AE419EBC3097D7D22F4A' FROM CD_VRSN_TBL WHERE CD_ID = x'BA0B571D4282DB4FBD63C2E7601A64C6' AND OBSLT_UTC IS NULL;
INSERT INTO CD_REF_TERM_ASSOC_TBL (REF_TERM_ID, CD_ID, EFFT_VRSN_SEQ_ID, REL_TYP_ID) SELECT x'475183EFC274AC408DFA32C7153A15A8', x'D780170981CD154CA082FD969B5BAF85', VRSN_SEQ_ID, x'C2AF4D2C6A56AE419EBC3097D7D22F4A' FROM CD_VRSN_TBL WHERE CD_ID = x'D780170981CD154CA082FD969B5BAF85' AND OBSLT_UTC IS NULL;
INSERT INTO CD_REF_TERM_ASSOC_TBL (REF_TERM_ID, CD_ID, EFFT_VRSN_SEQ_ID, REL_TYP_ID) SELECT x'403FA27970EFA148906886577B465C29', x'84DA15FFE664BE4795C23C5F4629913A', VRSN_SEQ_ID, x'C2AF4D2C6A56AE419EBC3097D7D22F4A' FROM CD_VRSN_TBL WHERE CD_ID = x'84DA15FFE664BE4795C23C5F4629913A' AND OBSLT_UTC IS NULL;
INSERT INTO CD_REF_TERM_ASSOC_TBL (REF_TERM_ID, CD_ID, EFFT_VRSN_SEQ_ID, REL_TYP_ID) SELECT x'433AF1E00817DE4A9EDD791B05397A53', x'30FDEE2BAF62E44083EC127F3FB6834A', VRSN_SEQ_ID, x'C2AF4D2C6A56AE419EBC3097D7D22F4A' FROM CD_VRSN_TBL WHERE CD_ID = x'30FDEE2BAF62E44083EC127F3FB6834A' AND OBSLT_UTC IS NULL;
INSERT INTO CD_REF_TERM_ASSOC_TBL (REF_TERM_ID, CD_ID, EFFT_VRSN_SEQ_ID, REL_TYP_ID) SELECT x'E4758AEB9230D94C9394805F8AA9D51D', x'C1CF92F2D1E43F48B67BB2367BB53451', VRSN_SEQ_ID, x'C2AF4D2C6A56AE419EBC3097D7D22F4A' FROM CD_VRSN_TBL WHERE CD_ID = x'C1CF92F2D1E43F48B67BB2367BB53451' AND OBSLT_UTC IS NULL;
INSERT INTO CD_REF_TERM_ASSOC_TBL (REF_TERM_ID, CD_ID, EFFT_VRSN_SEQ_ID, REL_TYP_ID) SELECT x'E7C7DDB74C514C4F90C96EDD65628612', x'0951AC0AAE30494BA780735CC77218EE', VRSN_SEQ_ID, x'C2AF4D2C6A56AE419EBC3097D7D22F4A' FROM CD_VRSN_TBL WHERE CD_ID = x'0951AC0AAE30494BA780735CC77218EE' AND OBSLT_UTC IS NULL;
INSERT INTO CD_REF_TERM_ASSOC_TBL (REF_TERM_ID, CD_ID, EFFT_VRSN_SEQ_ID, REL_TYP_ID) SELECT x'095E3F1CE9CCF84AACEF3F6AEBE6CF34', x'5C6769197E010F48B0A833A03D4B4068', VRSN_SEQ_ID, x'C2AF4D2C6A56AE419EBC3097D7D22F4A' FROM CD_VRSN_TBL WHERE CD_ID = x'5C6769197E010F48B0A833A03D4B4068' AND OBSLT_UTC IS NULL;
INSERT INTO CD_REF_TERM_ASSOC_TBL (REF_TERM_ID, CD_ID, EFFT_VRSN_SEQ_ID, REL_TYP_ID) SELECT x'DEB4E2A8FD576D48B808D4E4808BA20D', x'D3B05929A11572469D074ECE0497BDC5', VRSN_SEQ_ID, x'C2AF4D2C6A56AE419EBC3097D7D22F4A' FROM CD_VRSN_TBL WHERE CD_ID = x'D3B05929A11572469D074ECE0497BDC5' AND OBSLT_UTC IS NULL;
INSERT INTO CD_REF_TERM_ASSOC_TBL (REF_TERM_ID, CD_ID, EFFT_VRSN_SEQ_ID, REL_TYP_ID) SELECT x'EB7FD510C4DAAF4DBEAC08B86F8EE700', x'87EF045CA30CD94B9B7F4C2D41101535', VRSN_SEQ_ID, x'C2AF4D2C6A56AE419EBC3097D7D22F4A' FROM CD_VRSN_TBL WHERE CD_ID = x'87EF045CA30CD94B9B7F4C2D41101535' AND OBSLT_UTC IS NULL;
INSERT INTO CD_REF_TERM_ASSOC_TBL (REF_TERM_ID, CD_ID, EFFT_VRSN_SEQ_ID, REL_TYP_ID) SELECT x'6A75D471638CEA40858161DBA54AA484', x'21ABD5C80A0A194E9209D0B23E06C1B1', VRSN_SEQ_ID, x'C2AF4D2C6A56AE419EBC3097D7D22F4A' FROM CD_VRSN_TBL WHERE CD_ID = x'21ABD5C80A0A194E9209D0B23E06C1B1' AND OBSLT_UTC IS NULL;
INSERT INTO CD_REF_TERM_ASSOC_TBL (REF_TERM_ID, CD_ID, EFFT_VRSN_SEQ_ID, REL_TYP_ID) SELECT x'F9A41E8A10F7244B82101BCEA5815330', x'30611F4D60C08C4F8EB3C1DBA2B0DB81', VRSN_SEQ_ID, x'C2AF4D2C6A56AE419EBC3097D7D22F4A' FROM CD_VRSN_TBL WHERE CD_ID = x'30611F4D60C08C4F8EB3C1DBA2B0DB81' AND OBSLT_UTC IS NULL;
INSERT INTO CD_REF_TERM_ASSOC_TBL (REF_TERM_ID, CD_ID, EFFT_VRSN_SEQ_ID, REL_TYP_ID) SELECT x'DC84F2263520BB4EAED88D531054CAE9', x'620900C35E27CC4C9BC94DD9525BB9C7', VRSN_SEQ_ID, x'C2AF4D2C6A56AE419EBC3097D7D22F4A' FROM CD_VRSN_TBL WHERE CD_ID = x'620900C35E27CC4C9BC94DD9525BB9C7' AND OBSLT_UTC IS NULL;
INSERT INTO CD_REF_TERM_ASSOC_TBL (REF_TERM_ID, CD_ID, EFFT_VRSN_SEQ_ID, REL_TYP_ID) SELECT x'C46AB18558CD3A4A89E62017B18783DF', x'1632DCFE31FD8F49AE54D95296A73636', VRSN_SEQ_ID, x'C2AF4D2C6A56AE419EBC3097D7D22F4A' FROM CD_VRSN_TBL WHERE CD_ID = x'1632DCFE31FD8F49AE54D95296A73636' AND OBSLT_UTC IS NULL;
INSERT INTO CD_REF_TERM_ASSOC_TBL (REF_TERM_ID, CD_ID, EFFT_VRSN_SEQ_ID, REL_TYP_ID) SELECT x'6FE7E38E2CEC464BB8CE5C2D1BE58FBF', x'5B00342E7671BE4281E167B63F68B4CD', VRSN_SEQ_ID, x'C2AF4D2C6A56AE419EBC3097D7D22F4A' FROM CD_VRSN_TBL WHERE CD_ID = x'5B00342E7671BE4281E167B63F68B4CD' AND OBSLT_UTC IS NULL;
INSERT INTO CD_REF_TERM_ASSOC_TBL (REF_TERM_ID, CD_ID, EFFT_VRSN_SEQ_ID, REL_TYP_ID) SELECT x'4CFE240F7A1E914A95CE9BE09638C2A5', x'EB06F20E9A18D84F965C6044AC8854B8', VRSN_SEQ_ID, x'C2AF4D2C6A56AE419EBC3097D7D22F4A' FROM CD_VRSN_TBL WHERE CD_ID = x'EB06F20E9A18D84F965C6044AC8854B8' AND OBSLT_UTC IS NULL;
INSERT INTO CD_REF_TERM_ASSOC_TBL (REF_TERM_ID, CD_ID, EFFT_VRSN_SEQ_ID, REL_TYP_ID) SELECT x'D07FAB167D676642AB10B33C24F43E19', x'4CFAD2EB41A42944AAC668D46D8C96BF', VRSN_SEQ_ID, x'C2AF4D2C6A56AE419EBC3097D7D22F4A' FROM CD_VRSN_TBL WHERE CD_ID = x'4CFAD2EB41A42944AAC668D46D8C96BF' AND OBSLT_UTC IS NULL;
INSERT INTO CD_REF_TERM_ASSOC_TBL (REF_TERM_ID, CD_ID, EFFT_VRSN_SEQ_ID, REL_TYP_ID) SELECT x'2467FD0D1163BE4AB87653DAA2275AC1', x'15192D61AF8F5D47A1906902591EB6DC', VRSN_SEQ_ID, x'C2AF4D2C6A56AE419EBC3097D7D22F4A' FROM CD_VRSN_TBL WHERE CD_ID = x'15192D61AF8F5D47A1906902591EB6DC' AND OBSLT_UTC IS NULL;
INSERT INTO CD_REF_TERM_ASSOC_TBL (REF_TERM_ID, CD_ID, EFFT_VRSN_SEQ_ID, REL_TYP_ID) SELECT x'4A8C95EB4233FC4183DB1916AE8D870E', x'F1F0E9F821D33846A3A8043511EAECFC', VRSN_SEQ_ID, x'C2AF4D2C6A56AE419EBC3097D7D22F4A' FROM CD_VRSN_TBL WHERE CD_ID = x'F1F0E9F821D33846A3A8043511EAECFC' AND OBSLT_UTC IS NULL;
INSERT INTO CD_REF_TERM_ASSOC_TBL (REF_TERM_ID, CD_ID, EFFT_VRSN_SEQ_ID, REL_TYP_ID) SELECT x'8D506880BC9EBF45A5353D31952E0EE9', x'83FDBECE66E36442BA1370CFB2B4CDB2', VRSN_SEQ_ID, x'C2AF4D2C6A56AE419EBC3097D7D22F4A' FROM CD_VRSN_TBL WHERE CD_ID = x'83FDBECE66E36442BA1370CFB2B4CDB2' AND OBSLT_UTC IS NULL;
INSERT INTO CD_REF_TERM_ASSOC_TBL (REF_TERM_ID, CD_ID, EFFT_VRSN_SEQ_ID, REL_TYP_ID) SELECT x'E9E36922C7B96D439A6DC0EE4FE0A4FF', x'E890D1958222C84AA53A02B49D9D3A8C', VRSN_SEQ_ID, x'C2AF4D2C6A56AE419EBC3097D7D22F4A' FROM CD_VRSN_TBL WHERE CD_ID = x'E890D1958222C84AA53A02B49D9D3A8C' AND OBSLT_UTC IS NULL;
INSERT INTO CD_REF_TERM_ASSOC_TBL (REF_TERM_ID, CD_ID, EFFT_VRSN_SEQ_ID, REL_TYP_ID) SELECT x'9889A7183FBFEC43843712CFC3132972', x'F072A54E6DC83948BD45344285157C92', VRSN_SEQ_ID, x'C2AF4D2C6A56AE419EBC3097D7D22F4A' FROM CD_VRSN_TBL WHERE CD_ID = x'F072A54E6DC83948BD45344285157C92' AND OBSLT_UTC IS NULL;
INSERT INTO CD_REF_TERM_ASSOC_TBL (REF_TERM_ID, CD_ID, EFFT_VRSN_SEQ_ID, REL_TYP_ID) SELECT x'CBDCEA30DAE3394287E8CEE633CCAF61', x'C56FEC8652B94E4E8407AA3369AA5D51', VRSN_SEQ_ID, x'C2AF4D2C6A56AE419EBC3097D7D22F4A' FROM CD_VRSN_TBL WHERE CD_ID = x'C56FEC8652B94E4E8407AA3369AA5D51' AND OBSLT_UTC IS NULL;
INSERT INTO CD_REF_TERM_ASSOC_TBL (REF_TERM_ID, CD_ID, EFFT_VRSN_SEQ_ID, REL_TYP_ID) SELECT x'67A40CEE425D5D48995225A20DF854F4', x'72485D41D55C3040B4B8677959A2DD1A', VRSN_SEQ_ID, x'C2AF4D2C6A56AE419EBC3097D7D22F4A' FROM CD_VRSN_TBL WHERE CD_ID = x'72485D41D55C3040B4B8677959A2DD1A' AND OBSLT_UTC IS NULL;
INSERT INTO CD_REF_TERM_ASSOC_TBL (REF_TERM_ID, CD_ID, EFFT_VRSN_SEQ_ID, REL_TYP_ID) SELECT x'6845D3B14E5B744F9B4CF7463E229C47', x'D97CC7D4D8EE62449A442AB5AF40B711', VRSN_SEQ_ID, x'C2AF4D2C6A56AE419EBC3097D7D22F4A' FROM CD_VRSN_TBL WHERE CD_ID = x'D97CC7D4D8EE62449A442AB5AF40B711' AND OBSLT_UTC IS NULL;
INSERT INTO CD_REF_TERM_ASSOC_TBL (REF_TERM_ID, CD_ID, EFFT_VRSN_SEQ_ID, REL_TYP_ID) SELECT x'DC4BB22146ECB34BAAE544BE6E3A748C', x'BE6D7D3CD03DCC4D917DD932375C021E', VRSN_SEQ_ID, x'C2AF4D2C6A56AE419EBC3097D7D22F4A' FROM CD_VRSN_TBL WHERE CD_ID = x'BE6D7D3CD03DCC4D917DD932375C021E' AND OBSLT_UTC IS NULL;
INSERT INTO CD_REF_TERM_ASSOC_TBL (REF_TERM_ID, CD_ID, EFFT_VRSN_SEQ_ID, REL_TYP_ID) SELECT x'9FF21580B6A0C5439C78DFA4CF416CBB', x'9DD6D1652C896149837991C5AA70D16E', VRSN_SEQ_ID, x'C2AF4D2C6A56AE419EBC3097D7D22F4A' FROM CD_VRSN_TBL WHERE CD_ID = x'9DD6D1652C896149837991C5AA70D16E' AND OBSLT_UTC IS NULL;
INSERT INTO CD_REF_TERM_ASSOC_TBL (REF_TERM_ID, CD_ID, EFFT_VRSN_SEQ_ID, REL_TYP_ID) SELECT x'25D706633180FC408E140B5A01030B6D', x'437426EDFC265F4E96470C0AB3AD5696', VRSN_SEQ_ID, x'C2AF4D2C6A56AE419EBC3097D7D22F4A' FROM CD_VRSN_TBL WHERE CD_ID = x'437426EDFC265F4E96470C0AB3AD5696' AND OBSLT_UTC IS NULL;
INSERT INTO CD_REF_TERM_ASSOC_TBL (REF_TERM_ID, CD_ID, EFFT_VRSN_SEQ_ID, REL_TYP_ID) SELECT x'668912466BBE0B4782990E7CD67DCA06', x'B8EDF4719FFF3641BB66EFEE62CE4A74', VRSN_SEQ_ID, x'C2AF4D2C6A56AE419EBC3097D7D22F4A' FROM CD_VRSN_TBL WHERE CD_ID = x'B8EDF4719FFF3641BB66EFEE62CE4A74' AND OBSLT_UTC IS NULL;
INSERT INTO CD_REF_TERM_ASSOC_TBL (REF_TERM_ID, CD_ID, EFFT_VRSN_SEQ_ID, REL_TYP_ID) SELECT x'2AF06813F4C27541AA48A3806ECA662C', x'BC4C7C6C19553B46B23D31DC0238B172', VRSN_SEQ_ID, x'C2AF4D2C6A56AE419EBC3097D7D22F4A' FROM CD_VRSN_TBL WHERE CD_ID = x'BC4C7C6C19553B46B23D31DC0238B172' AND OBSLT_UTC IS NULL;
INSERT INTO CD_REF_TERM_ASSOC_TBL (REF_TERM_ID, CD_ID, EFFT_VRSN_SEQ_ID, REL_TYP_ID) SELECT x'81E918AE7A25A14481A46E15B240BD96', x'915DF1CAAFDC014288BB1F41D116D01C', VRSN_SEQ_ID, x'C2AF4D2C6A56AE419EBC3097D7D22F4A' FROM CD_VRSN_TBL WHERE CD_ID = x'915DF1CAAFDC014288BB1F41D116D01C' AND OBSLT_UTC IS NULL;
INSERT INTO CD_REF_TERM_ASSOC_TBL (REF_TERM_ID, CD_ID, EFFT_VRSN_SEQ_ID, REL_TYP_ID) SELECT x'4D3DB7B7E7606846B0E231B547A8E3FF', x'C2927BD409AE134DBC452D545706E731', VRSN_SEQ_ID, x'C2AF4D2C6A56AE419EBC3097D7D22F4A' FROM CD_VRSN_TBL WHERE CD_ID = x'C2927BD409AE134DBC452D545706E731' AND OBSLT_UTC IS NULL;
INSERT INTO CD_REF_TERM_ASSOC_TBL (REF_TERM_ID, CD_ID, EFFT_VRSN_SEQ_ID, REL_TYP_ID) SELECT x'87CBB6AC97E29A489F0A8E71DFA8E06B', x'AEA18D9255DB0F45812973E7D1218653', VRSN_SEQ_ID, x'C2AF4D2C6A56AE419EBC3097D7D22F4A' FROM CD_VRSN_TBL WHERE CD_ID = x'AEA18D9255DB0F45812973E7D1218653' AND OBSLT_UTC IS NULL;
INSERT INTO CD_REF_TERM_ASSOC_TBL (REF_TERM_ID, CD_ID, EFFT_VRSN_SEQ_ID, REL_TYP_ID) SELECT x'E40EB8A562DBDC45B61DFC56BBD66F85', x'E9E699EA42BA8F4FB0F7CFB46B5DF629', VRSN_SEQ_ID, x'C2AF4D2C6A56AE419EBC3097D7D22F4A' FROM CD_VRSN_TBL WHERE CD_ID = x'E9E699EA42BA8F4FB0F7CFB46B5DF629' AND OBSLT_UTC IS NULL;
INSERT INTO CD_REF_TERM_ASSOC_TBL (REF_TERM_ID, CD_ID, EFFT_VRSN_SEQ_ID, REL_TYP_ID) SELECT x'ADD1B3107BC72242BAE712C846AFC462', x'AABFB0AB82309442B8F65E9EC041B5A0', VRSN_SEQ_ID, x'C2AF4D2C6A56AE419EBC3097D7D22F4A' FROM CD_VRSN_TBL WHERE CD_ID = x'AABFB0AB82309442B8F65E9EC041B5A0' AND OBSLT_UTC IS NULL;
INSERT INTO CD_REF_TERM_ASSOC_TBL (REF_TERM_ID, CD_ID, EFFT_VRSN_SEQ_ID, REL_TYP_ID) SELECT x'846976ED5FB91248AFFA66BFD47CE023', x'1C2F8F0B0B199645891288D21D367EE1', VRSN_SEQ_ID, x'C2AF4D2C6A56AE419EBC3097D7D22F4A' FROM CD_VRSN_TBL WHERE CD_ID = x'1C2F8F0B0B199645891288D21D367EE1' AND OBSLT_UTC IS NULL;
INSERT INTO CD_REF_TERM_ASSOC_TBL (REF_TERM_ID, CD_ID, EFFT_VRSN_SEQ_ID, REL_TYP_ID) SELECT x'F88836E2B20E5C4E84A98DB838301574', x'820E4AA5FAA79C4AB36F39E976BBE29A', VRSN_SEQ_ID, x'C2AF4D2C6A56AE419EBC3097D7D22F4A' FROM CD_VRSN_TBL WHERE CD_ID = x'820E4AA5FAA79C4AB36F39E976BBE29A' AND OBSLT_UTC IS NULL;
INSERT INTO CD_REF_TERM_ASSOC_TBL (REF_TERM_ID, CD_ID, EFFT_VRSN_SEQ_ID, REL_TYP_ID) SELECT x'4AB9534E1292C54BA341914AD879C6EE', x'523A8164EC19E843AEA9E7527CDEA88A', VRSN_SEQ_ID, x'C2AF4D2C6A56AE419EBC3097D7D22F4A' FROM CD_VRSN_TBL WHERE CD_ID = x'523A8164EC19E843AEA9E7527CDEA88A' AND OBSLT_UTC IS NULL;
INSERT INTO CD_REF_TERM_ASSOC_TBL (REF_TERM_ID, CD_ID, EFFT_VRSN_SEQ_ID, REL_TYP_ID) SELECT x'8469F7F578B6164381F957CF7E857453', x'853402985FF851418330C4ADFDE0B579', VRSN_SEQ_ID, x'C2AF4D2C6A56AE419EBC3097D7D22F4A' FROM CD_VRSN_TBL WHERE CD_ID = x'853402985FF851418330C4ADFDE0B579' AND OBSLT_UTC IS NULL;
INSERT INTO CD_REF_TERM_ASSOC_TBL (REF_TERM_ID, CD_ID, EFFT_VRSN_SEQ_ID, REL_TYP_ID) SELECT x'A33F5693F2D148428B9E6362BF49F6DC', x'5626C3EE6AFADC4091452487F1E561EF', VRSN_SEQ_ID, x'C2AF4D2C6A56AE419EBC3097D7D22F4A' FROM CD_VRSN_TBL WHERE CD_ID = x'5626C3EE6AFADC4091452487F1E561EF' AND OBSLT_UTC IS NULL;
INSERT INTO CD_REF_TERM_ASSOC_TBL (REF_TERM_ID, CD_ID, EFFT_VRSN_SEQ_ID, REL_TYP_ID) SELECT x'3BDC085BE69E2F45BF934C6BFD17B1EA', x'32B72E192622A844A802FE694C581A41', VRSN_SEQ_ID, x'C2AF4D2C6A56AE419EBC3097D7D22F4A' FROM CD_VRSN_TBL WHERE CD_ID = x'32B72E192622A844A802FE694C581A41' AND OBSLT_UTC IS NULL;
INSERT INTO CD_REF_TERM_ASSOC_TBL (REF_TERM_ID, CD_ID, EFFT_VRSN_SEQ_ID, REL_TYP_ID) SELECT x'C95C0918629EB849B96AAF5A063935A6', x'A795B5B8179C124D958A8B098ABDC638', VRSN_SEQ_ID, x'C2AF4D2C6A56AE419EBC3097D7D22F4A' FROM CD_VRSN_TBL WHERE CD_ID = x'A795B5B8179C124D958A8B098ABDC638' AND OBSLT_UTC IS NULL;
INSERT INTO CD_REF_TERM_ASSOC_TBL (REF_TERM_ID, CD_ID, EFFT_VRSN_SEQ_ID, REL_TYP_ID) SELECT x'E2AED8E1D4626E41983F81E006198CD3', x'A32DE0BE99A5144D905338CE443BC2B8', VRSN_SEQ_ID, x'C2AF4D2C6A56AE419EBC3097D7D22F4A' FROM CD_VRSN_TBL WHERE CD_ID = x'A32DE0BE99A5144D905338CE443BC2B8' AND OBSLT_UTC IS NULL;
INSERT INTO CD_REF_TERM_ASSOC_TBL (REF_TERM_ID, CD_ID, EFFT_VRSN_SEQ_ID, REL_TYP_ID) SELECT x'545C7E93184B0B4EAAA906E97260B96C', x'4B85B0B68F94EE47B3C2688BD722AEAC', VRSN_SEQ_ID, x'C2AF4D2C6A56AE419EBC3097D7D22F4A' FROM CD_VRSN_TBL WHERE CD_ID = x'4B85B0B68F94EE47B3C2688BD722AEAC' AND OBSLT_UTC IS NULL;
INSERT INTO CD_REF_TERM_ASSOC_TBL (REF_TERM_ID, CD_ID, EFFT_VRSN_SEQ_ID, REL_TYP_ID) SELECT x'8FCDAAA3B63955448F1C5232DE05AB56', x'77ED8C31D6CCD048B16F6EA4BE00A586', VRSN_SEQ_ID, x'C2AF4D2C6A56AE419EBC3097D7D22F4A' FROM CD_VRSN_TBL WHERE CD_ID = x'77ED8C31D6CCD048B16F6EA4BE00A586' AND OBSLT_UTC IS NULL;
INSERT INTO CD_REF_TERM_ASSOC_TBL (REF_TERM_ID, CD_ID, EFFT_VRSN_SEQ_ID, REL_TYP_ID) SELECT x'71E166F70DAC294ABA7DD6B308E214DE', x'B3CA93F1FACF714699AF6BE949BA96AA', VRSN_SEQ_ID, x'C2AF4D2C6A56AE419EBC3097D7D22F4A' FROM CD_VRSN_TBL WHERE CD_ID = x'B3CA93F1FACF714699AF6BE949BA96AA' AND OBSLT_UTC IS NULL;
INSERT INTO CD_REF_TERM_ASSOC_TBL (REF_TERM_ID, CD_ID, EFFT_VRSN_SEQ_ID, REL_TYP_ID) SELECT x'8AF1B0BE37567549BF9CAECD89E7813D', x'10C8CB2BBC5337439C0C303C52356659', VRSN_SEQ_ID, x'C2AF4D2C6A56AE419EBC3097D7D22F4A' FROM CD_VRSN_TBL WHERE CD_ID = x'10C8CB2BBC5337439C0C303C52356659' AND OBSLT_UTC IS NULL;
INSERT INTO CD_REF_TERM_ASSOC_TBL (REF_TERM_ID, CD_ID, EFFT_VRSN_SEQ_ID, REL_TYP_ID) SELECT x'384B1B379F070E4ABC6E8239C84CADFC', x'543E76C8A64ED44FAE315644BA0CBE0C', VRSN_SEQ_ID, x'C2AF4D2C6A56AE419EBC3097D7D22F4A' FROM CD_VRSN_TBL WHERE CD_ID = x'543E76C8A64ED44FAE315644BA0CBE0C' AND OBSLT_UTC IS NULL;
INSERT INTO CD_REF_TERM_ASSOC_TBL (REF_TERM_ID, CD_ID, EFFT_VRSN_SEQ_ID, REL_TYP_ID) SELECT x'3C2BE8D51E845840A6135A04B111B3A1', x'590B18B2B279F54C9EA2FB36D9AD8C03', VRSN_SEQ_ID, x'C2AF4D2C6A56AE419EBC3097D7D22F4A' FROM CD_VRSN_TBL WHERE CD_ID = x'590B18B2B279F54C9EA2FB36D9AD8C03' AND OBSLT_UTC IS NULL;
INSERT INTO CD_REF_TERM_ASSOC_TBL (REF_TERM_ID, CD_ID, EFFT_VRSN_SEQ_ID, REL_TYP_ID) SELECT x'D55A9ABDEB5E3545B98B57529C53E9F3', x'778E57CAC2BC054395D5FFE559318AEA', VRSN_SEQ_ID, x'C2AF4D2C6A56AE419EBC3097D7D22F4A' FROM CD_VRSN_TBL WHERE CD_ID = x'778E57CAC2BC054395D5FFE559318AEA' AND OBSLT_UTC IS NULL;
INSERT INTO CD_REF_TERM_ASSOC_TBL (REF_TERM_ID, CD_ID, EFFT_VRSN_SEQ_ID, REL_TYP_ID) SELECT x'7779D80F71C39A4080293392ADF03AD0', x'910E8E7C4978054DA9E92663F3C738DB', VRSN_SEQ_ID, x'C2AF4D2C6A56AE419EBC3097D7D22F4A' FROM CD_VRSN_TBL WHERE CD_ID = x'910E8E7C4978054DA9E92663F3C738DB' AND OBSLT_UTC IS NULL;
INSERT INTO CD_REF_TERM_ASSOC_TBL (REF_TERM_ID, CD_ID, EFFT_VRSN_SEQ_ID, REL_TYP_ID) SELECT x'31B906AB7EB42B4BBD6B7D02C7D7C836', x'C16D3CF7F4DD8142A4CF2DAFB8996B19', VRSN_SEQ_ID, x'C2AF4D2C6A56AE419EBC3097D7D22F4A' FROM CD_VRSN_TBL WHERE CD_ID = x'C16D3CF7F4DD8142A4CF2DAFB8996B19' AND OBSLT_UTC IS NULL;
INSERT INTO CD_REF_TERM_ASSOC_TBL (REF_TERM_ID, CD_ID, EFFT_VRSN_SEQ_ID, REL_TYP_ID) SELECT x'231288614FB2654CBC766EC3D7EFDB78', x'FB3198439B27634CA2CAAA24A95BCECB', VRSN_SEQ_ID, x'C2AF4D2C6A56AE419EBC3097D7D22F4A' FROM CD_VRSN_TBL WHERE CD_ID = x'FB3198439B27634CA2CAAA24A95BCECB' AND OBSLT_UTC IS NULL;
INSERT INTO CD_REF_TERM_ASSOC_TBL (REF_TERM_ID, CD_ID, EFFT_VRSN_SEQ_ID, REL_TYP_ID) SELECT x'6BE8B9D2F1143B4AAAB7005F1E3A3392', x'5DC30C4B5CE0C446AFD82A03ECFE6DF1', VRSN_SEQ_ID, x'C2AF4D2C6A56AE419EBC3097D7D22F4A' FROM CD_VRSN_TBL WHERE CD_ID = x'5DC30C4B5CE0C446AFD82A03ECFE6DF1' AND OBSLT_UTC IS NULL;
INSERT INTO CD_REF_TERM_ASSOC_TBL (REF_TERM_ID, CD_ID, EFFT_VRSN_SEQ_ID, REL_TYP_ID) SELECT x'80F482D55EA70D4A9E07753C9F6571A8', x'67607DA6583ECD4299D3B3B25F9C0B1E', VRSN_SEQ_ID, x'C2AF4D2C6A56AE419EBC3097D7D22F4A' FROM CD_VRSN_TBL WHERE CD_ID = x'67607DA6583ECD4299D3B3B25F9C0B1E' AND OBSLT_UTC IS NULL;
INSERT INTO CD_REF_TERM_ASSOC_TBL (REF_TERM_ID, CD_ID, EFFT_VRSN_SEQ_ID, REL_TYP_ID) SELECT x'9966E9D48817AF41ACA345EE0C005AB4', x'82267DC12BAA1A42A096F5D634234218', VRSN_SEQ_ID, x'C2AF4D2C6A56AE419EBC3097D7D22F4A' FROM CD_VRSN_TBL WHERE CD_ID = x'82267DC12BAA1A42A096F5D634234218' AND OBSLT_UTC IS NULL;
INSERT INTO CD_REF_TERM_ASSOC_TBL (REF_TERM_ID, CD_ID, EFFT_VRSN_SEQ_ID, REL_TYP_ID) SELECT x'F5BB843E64DDEE41951D56A4CF89E967', x'989BCCE0E12DA74C9CC915CD488AE7AD', VRSN_SEQ_ID, x'C2AF4D2C6A56AE419EBC3097D7D22F4A' FROM CD_VRSN_TBL WHERE CD_ID = x'989BCCE0E12DA74C9CC915CD488AE7AD' AND OBSLT_UTC IS NULL;
INSERT INTO CD_REF_TERM_ASSOC_TBL (REF_TERM_ID, CD_ID, EFFT_VRSN_SEQ_ID, REL_TYP_ID) SELECT x'A8E335AD7E33A344B4E5DADBDB292BCA', x'EF0A0DC75FFCB648A2AB940667923DD1', VRSN_SEQ_ID, x'C2AF4D2C6A56AE419EBC3097D7D22F4A' FROM CD_VRSN_TBL WHERE CD_ID = x'EF0A0DC75FFCB648A2AB940667923DD1' AND OBSLT_UTC IS NULL;
INSERT INTO CD_REF_TERM_ASSOC_TBL (REF_TERM_ID, CD_ID, EFFT_VRSN_SEQ_ID, REL_TYP_ID) SELECT x'F4DC80CBA04D6347BCB8F57AA2C5538C', x'5030B73533B4B44C972AD8E2CDA72C7E', VRSN_SEQ_ID, x'C2AF4D2C6A56AE419EBC3097D7D22F4A' FROM CD_VRSN_TBL WHERE CD_ID = x'5030B73533B4B44C972AD8E2CDA72C7E' AND OBSLT_UTC IS NULL;
INSERT INTO CD_REF_TERM_ASSOC_TBL (REF_TERM_ID, CD_ID, EFFT_VRSN_SEQ_ID, REL_TYP_ID) SELECT x'22D3E0BB31A1FA4A8150D9EF9ED41D1F', x'BB65BFC849A72C4CA8412E3B3B4B4CA1', VRSN_SEQ_ID, x'C2AF4D2C6A56AE419EBC3097D7D22F4A' FROM CD_VRSN_TBL WHERE CD_ID = x'BB65BFC849A72C4CA8412E3B3B4B4CA1' AND OBSLT_UTC IS NULL;
INSERT INTO CD_REF_TERM_ASSOC_TBL (REF_TERM_ID, CD_ID, EFFT_VRSN_SEQ_ID, REL_TYP_ID) SELECT x'93FF0B3BECFC2741A6320FC760C9834D', x'A864DC387534B140862138673DD243D1', VRSN_SEQ_ID, x'C2AF4D2C6A56AE419EBC3097D7D22F4A' FROM CD_VRSN_TBL WHERE CD_ID = x'A864DC387534B140862138673DD243D1' AND OBSLT_UTC IS NULL;
INSERT INTO CD_REF_TERM_ASSOC_TBL (REF_TERM_ID, CD_ID, EFFT_VRSN_SEQ_ID, REL_TYP_ID) SELECT x'BB83DCDCE3B20349B84ED47CA04F4EA2', x'523F72F404E85341864955A8C8CD0263', VRSN_SEQ_ID, x'C2AF4D2C6A56AE419EBC3097D7D22F4A' FROM CD_VRSN_TBL WHERE CD_ID = x'523F72F404E85341864955A8C8CD0263' AND OBSLT_UTC IS NULL;
INSERT INTO CD_REF_TERM_ASSOC_TBL (REF_TERM_ID, CD_ID, EFFT_VRSN_SEQ_ID, REL_TYP_ID) SELECT x'B72E4CA9B7885C41B4A8AC5702FECC33', x'282F9EF9C8492843AD66EC57950C758E', VRSN_SEQ_ID, x'C2AF4D2C6A56AE419EBC3097D7D22F4A' FROM CD_VRSN_TBL WHERE CD_ID = x'282F9EF9C8492843AD66EC57950C758E' AND OBSLT_UTC IS NULL;
INSERT INTO CD_REF_TERM_ASSOC_TBL (REF_TERM_ID, CD_ID, EFFT_VRSN_SEQ_ID, REL_TYP_ID) SELECT x'49775108D366EE4999FE17B64FE60AC7', x'ABC565D3D24AD740AFC20CDC734D2B4F', VRSN_SEQ_ID, x'C2AF4D2C6A56AE419EBC3097D7D22F4A' FROM CD_VRSN_TBL WHERE CD_ID = x'ABC565D3D24AD740AFC20CDC734D2B4F' AND OBSLT_UTC IS NULL;
INSERT INTO CD_REF_TERM_ASSOC_TBL (REF_TERM_ID, CD_ID, EFFT_VRSN_SEQ_ID, REL_TYP_ID) SELECT x'52C15339CAD87543ADD6F76F9F12E683', x'90D62DCD879B5E4FA0877BD0B1CF9248', VRSN_SEQ_ID, x'C2AF4D2C6A56AE419EBC3097D7D22F4A' FROM CD_VRSN_TBL WHERE CD_ID = x'90D62DCD879B5E4FA0877BD0B1CF9248' AND OBSLT_UTC IS NULL;
INSERT INTO CD_REF_TERM_ASSOC_TBL (REF_TERM_ID, CD_ID, EFFT_VRSN_SEQ_ID, REL_TYP_ID) SELECT x'79F5DAD666D3EF40ADAD21887F9EBAD3', x'371F4B9C28748B4F84A7C08E8FF1FCE0', VRSN_SEQ_ID, x'C2AF4D2C6A56AE419EBC3097D7D22F4A' FROM CD_VRSN_TBL WHERE CD_ID = x'371F4B9C28748B4F84A7C08E8FF1FCE0' AND OBSLT_UTC IS NULL;
INSERT INTO CD_REF_TERM_ASSOC_TBL (REF_TERM_ID, CD_ID, EFFT_VRSN_SEQ_ID, REL_TYP_ID) SELECT x'55D67FD7DCF46449BF52AAA7DB116CB4', x'44E3B187545ACE468668FF4D2363F61B', VRSN_SEQ_ID, x'C2AF4D2C6A56AE419EBC3097D7D22F4A' FROM CD_VRSN_TBL WHERE CD_ID = x'44E3B187545ACE468668FF4D2363F61B' AND OBSLT_UTC IS NULL;
INSERT INTO CD_REF_TERM_ASSOC_TBL (REF_TERM_ID, CD_ID, EFFT_VRSN_SEQ_ID, REL_TYP_ID) SELECT x'1911DE26D2D2F149B7B62329FF23D49E', x'3FE1310371F4BD4F92DC66E0A46239D5', VRSN_SEQ_ID, x'C2AF4D2C6A56AE419EBC3097D7D22F4A' FROM CD_VRSN_TBL WHERE CD_ID = x'3FE1310371F4BD4F92DC66E0A46239D5' AND OBSLT_UTC IS NULL;
INSERT INTO CD_REF_TERM_ASSOC_TBL (REF_TERM_ID, CD_ID, EFFT_VRSN_SEQ_ID, REL_TYP_ID) SELECT x'9736E551EB64C74CA548CF603881046A', x'57A0847DCC1F5440A51FB77D230FC6D1', VRSN_SEQ_ID, x'C2AF4D2C6A56AE419EBC3097D7D22F4A' FROM CD_VRSN_TBL WHERE CD_ID = x'57A0847DCC1F5440A51FB77D230FC6D1' AND OBSLT_UTC IS NULL;
INSERT INTO CD_REF_TERM_ASSOC_TBL (REF_TERM_ID, CD_ID, EFFT_VRSN_SEQ_ID, REL_TYP_ID) SELECT x'19CECC8AE3D2494F986EEB2E2D7785A2', x'21357A6E67290A4C80EC6C5C197B2178', VRSN_SEQ_ID, x'C2AF4D2C6A56AE419EBC3097D7D22F4A' FROM CD_VRSN_TBL WHERE CD_ID = x'21357A6E67290A4C80EC6C5C197B2178' AND OBSLT_UTC IS NULL;
INSERT INTO CD_REF_TERM_ASSOC_TBL (REF_TERM_ID, CD_ID, EFFT_VRSN_SEQ_ID, REL_TYP_ID) SELECT x'CC4F5F194EEE3241BA6D222FB86CF4E7', x'886BBEF38FBC6342A77986F21EA10A47', VRSN_SEQ_ID, x'C2AF4D2C6A56AE419EBC3097D7D22F4A' FROM CD_VRSN_TBL WHERE CD_ID = x'886BBEF38FBC6342A77986F21EA10A47' AND OBSLT_UTC IS NULL;
INSERT INTO CD_REF_TERM_ASSOC_TBL (REF_TERM_ID, CD_ID, EFFT_VRSN_SEQ_ID, REL_TYP_ID) SELECT x'842E83BC1F49FA41A53A46770CD2697D', x'E9414909DBA3B548862CBC289BD7F86C', VRSN_SEQ_ID, x'C2AF4D2C6A56AE419EBC3097D7D22F4A' FROM CD_VRSN_TBL WHERE CD_ID = x'E9414909DBA3B548862CBC289BD7F86C' AND OBSLT_UTC IS NULL;
INSERT INTO CD_REF_TERM_ASSOC_TBL (REF_TERM_ID, CD_ID, EFFT_VRSN_SEQ_ID, REL_TYP_ID) SELECT x'7DAE5A50F6160046917289E0CA36A3C1', x'BBA6E3F42E61B2469F77FF844D971198', VRSN_SEQ_ID, x'C2AF4D2C6A56AE419EBC3097D7D22F4A' FROM CD_VRSN_TBL WHERE CD_ID = x'BBA6E3F42E61B2469F77FF844D971198' AND OBSLT_UTC IS NULL;
INSERT INTO CD_REF_TERM_ASSOC_TBL (REF_TERM_ID, CD_ID, EFFT_VRSN_SEQ_ID, REL_TYP_ID) SELECT x'A751E8D67E2D634C81DCEFEF7D12E9A1', x'82A794AE851441429BCA5B09DB2156BF', VRSN_SEQ_ID, x'C2AF4D2C6A56AE419EBC3097D7D22F4A' FROM CD_VRSN_TBL WHERE CD_ID = x'82A794AE851441429BCA5B09DB2156BF' AND OBSLT_UTC IS NULL;
INSERT INTO CD_REF_TERM_ASSOC_TBL (REF_TERM_ID, CD_ID, EFFT_VRSN_SEQ_ID, REL_TYP_ID) SELECT x'81DA55FE44DFC743AA189283FFC38362', x'03ABF20F0A6ED140894704C4937B4CC4', VRSN_SEQ_ID, x'C2AF4D2C6A56AE419EBC3097D7D22F4A' FROM CD_VRSN_TBL WHERE CD_ID = x'03ABF20F0A6ED140894704C4937B4CC4' AND OBSLT_UTC IS NULL;
INSERT INTO CD_REF_TERM_ASSOC_TBL (REF_TERM_ID, CD_ID, EFFT_VRSN_SEQ_ID, REL_TYP_ID) SELECT x'1A2B38D8202C484098C036CCA22DB74B', x'530D382422EA20489F068671F774F133', VRSN_SEQ_ID, x'C2AF4D2C6A56AE419EBC3097D7D22F4A' FROM CD_VRSN_TBL WHERE CD_ID = x'530D382422EA20489F068671F774F133' AND OBSLT_UTC IS NULL;
INSERT INTO CD_REF_TERM_ASSOC_TBL (REF_TERM_ID, CD_ID, EFFT_VRSN_SEQ_ID, REL_TYP_ID) SELECT x'77F9352A360A8C468EDCF8A742450170', x'E2874C0AC3166143BE3CDD765EE4BC7D', VRSN_SEQ_ID, x'C2AF4D2C6A56AE419EBC3097D7D22F4A' FROM CD_VRSN_TBL WHERE CD_ID = x'E2874C0AC3166143BE3CDD765EE4BC7D' AND OBSLT_UTC IS NULL;
INSERT INTO CD_REF_TERM_ASSOC_TBL (REF_TERM_ID, CD_ID, EFFT_VRSN_SEQ_ID, REL_TYP_ID) SELECT x'0CE9AF6152D7CF42A8D05A928C97B38C', x'D05794735A839C4A811C42B5E92ED1CA', VRSN_SEQ_ID, x'C2AF4D2C6A56AE419EBC3097D7D22F4A' FROM CD_VRSN_TBL WHERE CD_ID = x'D05794735A839C4A811C42B5E92ED1CA' AND OBSLT_UTC IS NULL;
INSERT INTO CD_REF_TERM_ASSOC_TBL (REF_TERM_ID, CD_ID, EFFT_VRSN_SEQ_ID, REL_TYP_ID) SELECT x'0D07E7B1884BFD45BCCCEFF7316C15D9', x'695BA28FC2C9404C84C10EA9641A12EC', VRSN_SEQ_ID, x'C2AF4D2C6A56AE419EBC3097D7D22F4A' FROM CD_VRSN_TBL WHERE CD_ID = x'695BA28FC2C9404C84C10EA9641A12EC' AND OBSLT_UTC IS NULL;
INSERT INTO CD_REF_TERM_ASSOC_TBL (REF_TERM_ID, CD_ID, EFFT_VRSN_SEQ_ID, REL_TYP_ID) SELECT x'62A7635F93479D4F826E87612A6A2BBE', x'3726FEAB38D39040B3A53EC19A47BE6A', VRSN_SEQ_ID, x'C2AF4D2C6A56AE419EBC3097D7D22F4A' FROM CD_VRSN_TBL WHERE CD_ID = x'3726FEAB38D39040B3A53EC19A47BE6A' AND OBSLT_UTC IS NULL;
INSERT INTO CD_REF_TERM_ASSOC_TBL (REF_TERM_ID, CD_ID, EFFT_VRSN_SEQ_ID, REL_TYP_ID) SELECT x'6D8D74A39CCC8646ACBAA0946E758AB5', x'9231F28B75DEEB48ABEE81A9A15332F8', VRSN_SEQ_ID, x'C2AF4D2C6A56AE419EBC3097D7D22F4A' FROM CD_VRSN_TBL WHERE CD_ID = x'9231F28B75DEEB48ABEE81A9A15332F8' AND OBSLT_UTC IS NULL;
INSERT INTO CD_REF_TERM_ASSOC_TBL (REF_TERM_ID, CD_ID, EFFT_VRSN_SEQ_ID, REL_TYP_ID) SELECT x'66974A35E5C87A4BBD6C4440D9E9E389', x'1C930F1C499C524A8FBF5217C52EA778', VRSN_SEQ_ID, x'C2AF4D2C6A56AE419EBC3097D7D22F4A' FROM CD_VRSN_TBL WHERE CD_ID = x'1C930F1C499C524A8FBF5217C52EA778' AND OBSLT_UTC IS NULL;
INSERT INTO CD_REF_TERM_ASSOC_TBL (REF_TERM_ID, CD_ID, EFFT_VRSN_SEQ_ID, REL_TYP_ID) SELECT x'6201CA402BC18B4597D6FBC386E6FCC1', x'3C1A186A41722543B011630D3CA6DC4A', VRSN_SEQ_ID, x'C2AF4D2C6A56AE419EBC3097D7D22F4A' FROM CD_VRSN_TBL WHERE CD_ID = x'3C1A186A41722543B011630D3CA6DC4A' AND OBSLT_UTC IS NULL;
INSERT INTO CD_REF_TERM_ASSOC_TBL (REF_TERM_ID, CD_ID, EFFT_VRSN_SEQ_ID, REL_TYP_ID) SELECT x'0F0793118C3D264B9D7D8EF3D69CEB92', x'D82E4B2B0CF99341870AF48BC39657C1', VRSN_SEQ_ID, x'C2AF4D2C6A56AE419EBC3097D7D22F4A' FROM CD_VRSN_TBL WHERE CD_ID = x'D82E4B2B0CF99341870AF48BC39657C1' AND OBSLT_UTC IS NULL;
INSERT INTO CD_REF_TERM_ASSOC_TBL (REF_TERM_ID, CD_ID, EFFT_VRSN_SEQ_ID, REL_TYP_ID) SELECT x'0F7122E19FE3EC40BE486972B1356046', x'3FB465810381D34EBAC64FC0DF8C1A84', VRSN_SEQ_ID, x'C2AF4D2C6A56AE419EBC3097D7D22F4A' FROM CD_VRSN_TBL WHERE CD_ID = x'3FB465810381D34EBAC64FC0DF8C1A84' AND OBSLT_UTC IS NULL;
INSERT INTO CD_REF_TERM_ASSOC_TBL (REF_TERM_ID, CD_ID, EFFT_VRSN_SEQ_ID, REL_TYP_ID) SELECT x'E0AEDC337614794C80A496A6E6F720E3', x'73671DE8E3972D4BB6A3A4624BA5C6A9', VRSN_SEQ_ID, x'C2AF4D2C6A56AE419EBC3097D7D22F4A' FROM CD_VRSN_TBL WHERE CD_ID = x'73671DE8E3972D4BB6A3A4624BA5C6A9' AND OBSLT_UTC IS NULL;
INSERT INTO CD_REF_TERM_ASSOC_TBL (REF_TERM_ID, CD_ID, EFFT_VRSN_SEQ_ID, REL_TYP_ID) SELECT x'846CCA93D53E554CAFCD8BDB1B7689E7', x'E7F0FD76E0CFB4479630C645F254CDFD', VRSN_SEQ_ID, x'C2AF4D2C6A56AE419EBC3097D7D22F4A' FROM CD_VRSN_TBL WHERE CD_ID = x'E7F0FD76E0CFB4479630C645F254CDFD' AND OBSLT_UTC IS NULL;
INSERT INTO CD_REF_TERM_ASSOC_TBL (REF_TERM_ID, CD_ID, EFFT_VRSN_SEQ_ID, REL_TYP_ID) SELECT x'FC35A5D863E46445A4FE9AE7A94DDDBE', x'E282B13D3B65FD4BA30032F23345D1C0', VRSN_SEQ_ID, x'C2AF4D2C6A56AE419EBC3097D7D22F4A' FROM CD_VRSN_TBL WHERE CD_ID = x'E282B13D3B65FD4BA30032F23345D1C0' AND OBSLT_UTC IS NULL;
INSERT INTO CD_REF_TERM_ASSOC_TBL (REF_TERM_ID, CD_ID, EFFT_VRSN_SEQ_ID, REL_TYP_ID) SELECT x'C0CC3543E40C7645934FE9EB1377E726', x'C76ED638C80C09469675B6FF91EDE605', VRSN_SEQ_ID, x'C2AF4D2C6A56AE419EBC3097D7D22F4A' FROM CD_VRSN_TBL WHERE CD_ID = x'C76ED638C80C09469675B6FF91EDE605' AND OBSLT_UTC IS NULL;
INSERT INTO CD_REF_TERM_ASSOC_TBL (REF_TERM_ID, CD_ID, EFFT_VRSN_SEQ_ID, REL_TYP_ID) SELECT x'84009C870AA3554EB3EB9CDB302CAAD3', x'CC8ED140F88F034E8E5897A980F04060', VRSN_SEQ_ID, x'C2AF4D2C6A56AE419EBC3097D7D22F4A' FROM CD_VRSN_TBL WHERE CD_ID = x'CC8ED140F88F034E8E5897A980F04060' AND OBSLT_UTC IS NULL;
INSERT INTO CD_REF_TERM_ASSOC_TBL (REF_TERM_ID, CD_ID, EFFT_VRSN_SEQ_ID, REL_TYP_ID) SELECT x'838483B8C7DC434EA6E563823B37D5DA', x'81DD01B41C93AD4A8FD822A6AC2EA3DC', VRSN_SEQ_ID, x'C2AF4D2C6A56AE419EBC3097D7D22F4A' FROM CD_VRSN_TBL WHERE CD_ID = x'81DD01B41C93AD4A8FD822A6AC2EA3DC' AND OBSLT_UTC IS NULL;
INSERT INTO CD_REF_TERM_ASSOC_TBL (REF_TERM_ID, CD_ID, EFFT_VRSN_SEQ_ID, REL_TYP_ID) SELECT x'3BA1C630B09F864984D68AFFF8FE4E02', x'5D4BE2BF329CF34DAD7BEAA19E7D4AFB', VRSN_SEQ_ID, x'C2AF4D2C6A56AE419EBC3097D7D22F4A' FROM CD_VRSN_TBL WHERE CD_ID = x'5D4BE2BF329CF34DAD7BEAA19E7D4AFB' AND OBSLT_UTC IS NULL;
INSERT INTO CD_REF_TERM_ASSOC_TBL (REF_TERM_ID, CD_ID, EFFT_VRSN_SEQ_ID, REL_TYP_ID) SELECT x'7E00B8E1652E0245A5B8B0D8E6242147', x'45C3FB02251A784FAEEAA12584A1EEC3', VRSN_SEQ_ID, x'C2AF4D2C6A56AE419EBC3097D7D22F4A' FROM CD_VRSN_TBL WHERE CD_ID = x'45C3FB02251A784FAEEAA12584A1EEC3' AND OBSLT_UTC IS NULL;
INSERT INTO CD_REF_TERM_ASSOC_TBL (REF_TERM_ID, CD_ID, EFFT_VRSN_SEQ_ID, REL_TYP_ID) SELECT x'7F82FAF0E19D99419F4DE90D69B3F24F', x'11EB8F5281AE6A42BE1FCE74C83009EB', VRSN_SEQ_ID, x'C2AF4D2C6A56AE419EBC3097D7D22F4A' FROM CD_VRSN_TBL WHERE CD_ID = x'11EB8F5281AE6A42BE1FCE74C83009EB' AND OBSLT_UTC IS NULL;
INSERT INTO CD_REF_TERM_ASSOC_TBL (REF_TERM_ID, CD_ID, EFFT_VRSN_SEQ_ID, REL_TYP_ID) SELECT x'B2613E47F683144189C6D556846E45DA', x'4494C548C0FEB843AA2C7AEDB70733AD', VRSN_SEQ_ID, x'C2AF4D2C6A56AE419EBC3097D7D22F4A' FROM CD_VRSN_TBL WHERE CD_ID = x'4494C548C0FEB843AA2C7AEDB70733AD' AND OBSLT_UTC IS NULL;
INSERT INTO CD_REF_TERM_ASSOC_TBL (REF_TERM_ID, CD_ID, EFFT_VRSN_SEQ_ID, REL_TYP_ID) SELECT x'66C259C48F6E3349B39CD55450F32341', x'2CBA30B6008AD846BF64870D381D8917', VRSN_SEQ_ID, x'C2AF4D2C6A56AE419EBC3097D7D22F4A' FROM CD_VRSN_TBL WHERE CD_ID = x'2CBA30B6008AD846BF64870D381D8917' AND OBSLT_UTC IS NULL;
INSERT INTO CD_REF_TERM_ASSOC_TBL (REF_TERM_ID, CD_ID, EFFT_VRSN_SEQ_ID, REL_TYP_ID) SELECT x'5CDF43E0D9B5B644BD4CD4901ACCB63C', x'A2DD3AC3EDA492408D9CB8E3FBD5D90B', VRSN_SEQ_ID, x'C2AF4D2C6A56AE419EBC3097D7D22F4A' FROM CD_VRSN_TBL WHERE CD_ID = x'A2DD3AC3EDA492408D9CB8E3FBD5D90B' AND OBSLT_UTC IS NULL;
INSERT INTO CD_REF_TERM_ASSOC_TBL (REF_TERM_ID, CD_ID, EFFT_VRSN_SEQ_ID, REL_TYP_ID) SELECT x'F8D6E1AE8E87094288DF4E06D8A453A4', x'3F99B13C03373F4587BE21B606DB7631', VRSN_SEQ_ID, x'C2AF4D2C6A56AE419EBC3097D7D22F4A' FROM CD_VRSN_TBL WHERE CD_ID = x'3F99B13C03373F4587BE21B606DB7631' AND OBSLT_UTC IS NULL;
INSERT INTO CD_REF_TERM_ASSOC_TBL (REF_TERM_ID, CD_ID, EFFT_VRSN_SEQ_ID, REL_TYP_ID) SELECT x'7B9254357E35CC4180341D25CCAF1F9C', x'6344A6F775BCD444A8CAC9FBC2C87175', VRSN_SEQ_ID, x'C2AF4D2C6A56AE419EBC3097D7D22F4A' FROM CD_VRSN_TBL WHERE CD_ID = x'6344A6F775BCD444A8CAC9FBC2C87175' AND OBSLT_UTC IS NULL;
INSERT INTO CD_REF_TERM_ASSOC_TBL (REF_TERM_ID, CD_ID, EFFT_VRSN_SEQ_ID, REL_TYP_ID) SELECT x'4963F7E7535945498A6291781C612367', x'F96D64FA647D1F4DAE9A6261FD5FD6AE', VRSN_SEQ_ID, x'C2AF4D2C6A56AE419EBC3097D7D22F4A' FROM CD_VRSN_TBL WHERE CD_ID = x'F96D64FA647D1F4DAE9A6261FD5FD6AE' AND OBSLT_UTC IS NULL;
INSERT INTO CD_REF_TERM_ASSOC_TBL (REF_TERM_ID, CD_ID, EFFT_VRSN_SEQ_ID, REL_TYP_ID) SELECT x'8F6E0C11C6A795468A3CFB100B116920', x'F2E2CA25ECD1FE4EA92FD479785F7D8A', VRSN_SEQ_ID, x'C2AF4D2C6A56AE419EBC3097D7D22F4A' FROM CD_VRSN_TBL WHERE CD_ID = x'F2E2CA25ECD1FE4EA92FD479785F7D8A' AND OBSLT_UTC IS NULL;
INSERT INTO CD_REF_TERM_ASSOC_TBL (REF_TERM_ID, CD_ID, EFFT_VRSN_SEQ_ID, REL_TYP_ID) SELECT x'D04E5C8277C8EB4BB679A5968B81E29F', x'B9EC528462D74A4C96B281D130CB729B', VRSN_SEQ_ID, x'C2AF4D2C6A56AE419EBC3097D7D22F4A' FROM CD_VRSN_TBL WHERE CD_ID = x'B9EC528462D74A4C96B281D130CB729B' AND OBSLT_UTC IS NULL;
INSERT INTO CD_REF_TERM_ASSOC_TBL (REF_TERM_ID, CD_ID, EFFT_VRSN_SEQ_ID, REL_TYP_ID) SELECT x'BD73583C1490394290624C2C1C3E852E', x'80C642CE83A7DE4CBCD1E261D6FD68A0', VRSN_SEQ_ID, x'C2AF4D2C6A56AE419EBC3097D7D22F4A' FROM CD_VRSN_TBL WHERE CD_ID = x'80C642CE83A7DE4CBCD1E261D6FD68A0' AND OBSLT_UTC IS NULL;
INSERT INTO CD_REF_TERM_ASSOC_TBL (REF_TERM_ID, CD_ID, EFFT_VRSN_SEQ_ID, REL_TYP_ID) SELECT x'0A3951C8AE50374A8ECF6938B31D1620', x'4CA4AC627CB5FD449703FCDFF97C04B6', VRSN_SEQ_ID, x'C2AF4D2C6A56AE419EBC3097D7D22F4A' FROM CD_VRSN_TBL WHERE CD_ID = x'4CA4AC627CB5FD449703FCDFF97C04B6' AND OBSLT_UTC IS NULL;
INSERT INTO CD_REF_TERM_ASSOC_TBL (REF_TERM_ID, CD_ID, EFFT_VRSN_SEQ_ID, REL_TYP_ID) SELECT x'7B93278FC1754943B641E7D08B064A0E', x'5D35EA96680C1F488B6F1B00A101AB8F', VRSN_SEQ_ID, x'C2AF4D2C6A56AE419EBC3097D7D22F4A' FROM CD_VRSN_TBL WHERE CD_ID = x'5D35EA96680C1F488B6F1B00A101AB8F' AND OBSLT_UTC IS NULL;
INSERT INTO CD_REF_TERM_ASSOC_TBL (REF_TERM_ID, CD_ID, EFFT_VRSN_SEQ_ID, REL_TYP_ID) SELECT x'20506F4373049645AA081EF19BEDB905', x'E5CD74D8767D1D4F97E6DB7E82BAC958', VRSN_SEQ_ID, x'C2AF4D2C6A56AE419EBC3097D7D22F4A' FROM CD_VRSN_TBL WHERE CD_ID = x'E5CD74D8767D1D4F97E6DB7E82BAC958' AND OBSLT_UTC IS NULL;
INSERT INTO CD_REF_TERM_ASSOC_TBL (REF_TERM_ID, CD_ID, EFFT_VRSN_SEQ_ID, REL_TYP_ID) SELECT x'51FDEE55820A8F41A3DD80E1282313D2', x'D1D0E6AB374E7C4B9ACCEEDB2C36F9CD', VRSN_SEQ_ID, x'C2AF4D2C6A56AE419EBC3097D7D22F4A' FROM CD_VRSN_TBL WHERE CD_ID = x'D1D0E6AB374E7C4B9ACCEEDB2C36F9CD' AND OBSLT_UTC IS NULL;
INSERT INTO CD_REF_TERM_ASSOC_TBL (REF_TERM_ID, CD_ID, EFFT_VRSN_SEQ_ID, REL_TYP_ID) SELECT x'63975D99B1A0C54B90AA4656F3787116', x'E6724FFEF8847642AE642EF1F2FF406F', VRSN_SEQ_ID, x'C2AF4D2C6A56AE419EBC3097D7D22F4A' FROM CD_VRSN_TBL WHERE CD_ID = x'E6724FFEF8847642AE642EF1F2FF406F' AND OBSLT_UTC IS NULL;
INSERT INTO CD_REF_TERM_ASSOC_TBL (REF_TERM_ID, CD_ID, EFFT_VRSN_SEQ_ID, REL_TYP_ID) SELECT x'69CBCC3DF5007A40B272640342C4F625', x'D387BC591816144F81D271072C1F37E9', VRSN_SEQ_ID, x'C2AF4D2C6A56AE419EBC3097D7D22F4A' FROM CD_VRSN_TBL WHERE CD_ID = x'D387BC591816144F81D271072C1F37E9' AND OBSLT_UTC IS NULL;
INSERT INTO CD_REF_TERM_ASSOC_TBL (REF_TERM_ID, CD_ID, EFFT_VRSN_SEQ_ID, REL_TYP_ID) SELECT x'CFD09AF9139A6D4388A8C98255272ED0', x'776A0F36B5FDB64FB2233CD1047FD08E', VRSN_SEQ_ID, x'C2AF4D2C6A56AE419EBC3097D7D22F4A' FROM CD_VRSN_TBL WHERE CD_ID = x'776A0F36B5FDB64FB2233CD1047FD08E' AND OBSLT_UTC IS NULL;
INSERT INTO CD_REF_TERM_ASSOC_TBL (REF_TERM_ID, CD_ID, EFFT_VRSN_SEQ_ID, REL_TYP_ID) SELECT x'B72F15EA1812F04B87E45D88EC76F8A1', x'2B8313EA382EB64BB55DAE749CCABA95', VRSN_SEQ_ID, x'C2AF4D2C6A56AE419EBC3097D7D22F4A' FROM CD_VRSN_TBL WHERE CD_ID = x'2B8313EA382EB64BB55DAE749CCABA95' AND OBSLT_UTC IS NULL;
INSERT INTO CD_REF_TERM_ASSOC_TBL (REF_TERM_ID, CD_ID, EFFT_VRSN_SEQ_ID, REL_TYP_ID) SELECT x'C7A91ECFC288374AB3D1FF54403AA9C9', x'D1DBE0666590F84A808D89EDD302F264', VRSN_SEQ_ID, x'C2AF4D2C6A56AE419EBC3097D7D22F4A' FROM CD_VRSN_TBL WHERE CD_ID = x'D1DBE0666590F84A808D89EDD302F264' AND OBSLT_UTC IS NULL;
INSERT INTO CD_REF_TERM_ASSOC_TBL (REF_TERM_ID, CD_ID, EFFT_VRSN_SEQ_ID, REL_TYP_ID) SELECT x'561DE4EC15692443922CF85178DB8F65', x'E564FF2964B51A4192C76818C02A9E48', VRSN_SEQ_ID, x'C2AF4D2C6A56AE419EBC3097D7D22F4A' FROM CD_VRSN_TBL WHERE CD_ID = x'E564FF2964B51A4192C76818C02A9E48' AND OBSLT_UTC IS NULL;
INSERT INTO CD_REF_TERM_ASSOC_TBL (REF_TERM_ID, CD_ID, EFFT_VRSN_SEQ_ID, REL_TYP_ID) SELECT x'F6F197BA498A88478F544AA84BFC6139', x'8A9841F9551C0844AB57E9ED35B2A24D', VRSN_SEQ_ID, x'C2AF4D2C6A56AE419EBC3097D7D22F4A' FROM CD_VRSN_TBL WHERE CD_ID = x'8A9841F9551C0844AB57E9ED35B2A24D' AND OBSLT_UTC IS NULL;
INSERT INTO CD_REF_TERM_ASSOC_TBL (REF_TERM_ID, CD_ID, EFFT_VRSN_SEQ_ID, REL_TYP_ID) SELECT x'8050675F48C75046B4A14D798B324128', x'469C294E6FF0FC4EB3C0B7B659A120F2', VRSN_SEQ_ID, x'C2AF4D2C6A56AE419EBC3097D7D22F4A' FROM CD_VRSN_TBL WHERE CD_ID = x'469C294E6FF0FC4EB3C0B7B659A120F2' AND OBSLT_UTC IS NULL;
INSERT INTO CD_REF_TERM_ASSOC_TBL (REF_TERM_ID, CD_ID, EFFT_VRSN_SEQ_ID, REL_TYP_ID) SELECT x'FFD4E5B3ABCD544A89DD3721539313C2', x'B11EF1DAC2FC2145A1C0DAEBAF0A923A', VRSN_SEQ_ID, x'C2AF4D2C6A56AE419EBC3097D7D22F4A' FROM CD_VRSN_TBL WHERE CD_ID = x'B11EF1DAC2FC2145A1C0DAEBAF0A923A' AND OBSLT_UTC IS NULL;
INSERT INTO CD_REF_TERM_ASSOC_TBL (REF_TERM_ID, CD_ID, EFFT_VRSN_SEQ_ID, REL_TYP_ID) SELECT x'BB93A686F8F24A4FA522C06EB63EEC3C', x'757E098032A29F4A878F7E60EC70F921', VRSN_SEQ_ID, x'C2AF4D2C6A56AE419EBC3097D7D22F4A' FROM CD_VRSN_TBL WHERE CD_ID = x'757E098032A29F4A878F7E60EC70F921' AND OBSLT_UTC IS NULL;
INSERT INTO CD_REF_TERM_ASSOC_TBL (REF_TERM_ID, CD_ID, EFFT_VRSN_SEQ_ID, REL_TYP_ID) SELECT x'FB0228595B5C1945975B262454D669D5', x'D2F15A5C6D0E8F4595743AD61C393A90', VRSN_SEQ_ID, x'C2AF4D2C6A56AE419EBC3097D7D22F4A' FROM CD_VRSN_TBL WHERE CD_ID = x'D2F15A5C6D0E8F4595743AD61C393A90' AND OBSLT_UTC IS NULL;
INSERT INTO CD_REF_TERM_ASSOC_TBL (REF_TERM_ID, CD_ID, EFFT_VRSN_SEQ_ID, REL_TYP_ID) SELECT x'42C2F1BF6797A643BEF028596435046C', x'0B893D23EF04654399AD26CB4E1F75F3', VRSN_SEQ_ID, x'C2AF4D2C6A56AE419EBC3097D7D22F4A' FROM CD_VRSN_TBL WHERE CD_ID = x'0B893D23EF04654399AD26CB4E1F75F3' AND OBSLT_UTC IS NULL;
INSERT INTO CD_REF_TERM_ASSOC_TBL (REF_TERM_ID, CD_ID, EFFT_VRSN_SEQ_ID, REL_TYP_ID) SELECT x'D8C3670353349C4B958960DD4BA6AE09', x'BCDE888E75D1F3469B48106F9C151CD2', VRSN_SEQ_ID, x'C2AF4D2C6A56AE419EBC3097D7D22F4A' FROM CD_VRSN_TBL WHERE CD_ID = x'BCDE888E75D1F3469B48106F9C151CD2' AND OBSLT_UTC IS NULL;
INSERT INTO CD_REF_TERM_ASSOC_TBL (REF_TERM_ID, CD_ID, EFFT_VRSN_SEQ_ID, REL_TYP_ID) SELECT x'4C87A3D54581444B980B0C35A7E47AA5', x'2A96500AB460D844A7F61EB2AA5967CC', VRSN_SEQ_ID, x'C2AF4D2C6A56AE419EBC3097D7D22F4A' FROM CD_VRSN_TBL WHERE CD_ID = x'2A96500AB460D844A7F61EB2AA5967CC' AND OBSLT_UTC IS NULL;
INSERT INTO CD_REF_TERM_ASSOC_TBL (REF_TERM_ID, CD_ID, EFFT_VRSN_SEQ_ID, REL_TYP_ID) SELECT x'98701A5BA53D7748880F935D2EF73E15', x'D8E407A923D88F479C5A6FACAE6B4B5B', VRSN_SEQ_ID, x'C2AF4D2C6A56AE419EBC3097D7D22F4A' FROM CD_VRSN_TBL WHERE CD_ID = x'D8E407A923D88F479C5A6FACAE6B4B5B' AND OBSLT_UTC IS NULL;
INSERT INTO CD_REF_TERM_ASSOC_TBL (REF_TERM_ID, CD_ID, EFFT_VRSN_SEQ_ID, REL_TYP_ID) SELECT x'2A351AF14BCAB142B0DCC2F3C04C8E29', x'9A689D059223FB4FB6AE682C9DED8DA2', VRSN_SEQ_ID, x'C2AF4D2C6A56AE419EBC3097D7D22F4A' FROM CD_VRSN_TBL WHERE CD_ID = x'9A689D059223FB4FB6AE682C9DED8DA2' AND OBSLT_UTC IS NULL;
INSERT INTO CD_REF_TERM_ASSOC_TBL (REF_TERM_ID, CD_ID, EFFT_VRSN_SEQ_ID, REL_TYP_ID) SELECT x'5F4CEC1B04EA98438A56C18425DE229E', x'391B85E671A75E4A8AA89BA140B3DCA3', VRSN_SEQ_ID, x'C2AF4D2C6A56AE419EBC3097D7D22F4A' FROM CD_VRSN_TBL WHERE CD_ID = x'391B85E671A75E4A8AA89BA140B3DCA3' AND OBSLT_UTC IS NULL;
INSERT INTO CD_REF_TERM_ASSOC_TBL (REF_TERM_ID, CD_ID, EFFT_VRSN_SEQ_ID, REL_TYP_ID) SELECT x'59DD1992D4275B40953607097D5E7B8F', x'65FB890B8ECA4D4A9D250BAE3F4D7A59', VRSN_SEQ_ID, x'C2AF4D2C6A56AE419EBC3097D7D22F4A' FROM CD_VRSN_TBL WHERE CD_ID = x'65FB890B8ECA4D4A9D250BAE3F4D7A59' AND OBSLT_UTC IS NULL;
INSERT INTO CD_REF_TERM_ASSOC_TBL (REF_TERM_ID, CD_ID, EFFT_VRSN_SEQ_ID, REL_TYP_ID) SELECT x'EC7733CEFEF669449C2D44E7A8B4FADD', x'7D1DA28EE96E9B44A1DCC4AA0FF7F5B9', VRSN_SEQ_ID, x'C2AF4D2C6A56AE419EBC3097D7D22F4A' FROM CD_VRSN_TBL WHERE CD_ID = x'7D1DA28EE96E9B44A1DCC4AA0FF7F5B9' AND OBSLT_UTC IS NULL;
INSERT INTO CD_REF_TERM_ASSOC_TBL (REF_TERM_ID, CD_ID, EFFT_VRSN_SEQ_ID, REL_TYP_ID) SELECT x'2569A91FC92F8C4F8777D355550928DC', x'8B9E1E6AC3D0F0449906A6458685E269', VRSN_SEQ_ID, x'C2AF4D2C6A56AE419EBC3097D7D22F4A' FROM CD_VRSN_TBL WHERE CD_ID = x'8B9E1E6AC3D0F0449906A6458685E269' AND OBSLT_UTC IS NULL;
INSERT INTO CD_REF_TERM_ASSOC_TBL (REF_TERM_ID, CD_ID, EFFT_VRSN_SEQ_ID, REL_TYP_ID) SELECT x'119E8D975AEF5A4C835F7BAE6A1EB7FF', x'56FEAF606D12EE439FDE5F117E41C7A8', VRSN_SEQ_ID, x'C2AF4D2C6A56AE419EBC3097D7D22F4A' FROM CD_VRSN_TBL WHERE CD_ID = x'56FEAF606D12EE439FDE5F117E41C7A8' AND OBSLT_UTC IS NULL;
INSERT INTO CD_REF_TERM_ASSOC_TBL (REF_TERM_ID, CD_ID, EFFT_VRSN_SEQ_ID, REL_TYP_ID) SELECT x'872D3497D919ED4F84CC98326864CCFE', x'58C7EE0A0FC2E44397898C44629F5941', VRSN_SEQ_ID, x'C2AF4D2C6A56AE419EBC3097D7D22F4A' FROM CD_VRSN_TBL WHERE CD_ID = x'58C7EE0A0FC2E44397898C44629F5941' AND OBSLT_UTC IS NULL;
INSERT INTO CD_REF_TERM_ASSOC_TBL (REF_TERM_ID, CD_ID, EFFT_VRSN_SEQ_ID, REL_TYP_ID) SELECT x'9C39F424904F014785F028CF4A46B141', x'03A2CB0F38120140BEB719A667506ADE', VRSN_SEQ_ID, x'C2AF4D2C6A56AE419EBC3097D7D22F4A' FROM CD_VRSN_TBL WHERE CD_ID = x'03A2CB0F38120140BEB719A667506ADE' AND OBSLT_UTC IS NULL;
INSERT INTO CD_REF_TERM_ASSOC_TBL (REF_TERM_ID, CD_ID, EFFT_VRSN_SEQ_ID, REL_TYP_ID) SELECT x'6D3CE0E93CA90A458BCBA09815E8BB11', x'5089A9089133664AA1C8421C6FD82911', VRSN_SEQ_ID, x'C2AF4D2C6A56AE419EBC3097D7D22F4A' FROM CD_VRSN_TBL WHERE CD_ID = x'5089A9089133664AA1C8421C6FD82911' AND OBSLT_UTC IS NULL;
INSERT INTO CD_REF_TERM_ASSOC_TBL (REF_TERM_ID, CD_ID, EFFT_VRSN_SEQ_ID, REL_TYP_ID) SELECT x'2B4AC8ED02E48F469D4E864A36B2C143', x'39C9D52F08C550428EFB13B772E56B7F', VRSN_SEQ_ID, x'C2AF4D2C6A56AE419EBC3097D7D22F4A' FROM CD_VRSN_TBL WHERE CD_ID = x'39C9D52F08C550428EFB13B772E56B7F' AND OBSLT_UTC IS NULL;
INSERT INTO CD_REF_TERM_ASSOC_TBL (REF_TERM_ID, CD_ID, EFFT_VRSN_SEQ_ID, REL_TYP_ID) SELECT x'E5EF624F1922B244A34765748D36560D', x'DB07DBBF2197C34E94E14BD9F0D6985C', VRSN_SEQ_ID, x'C2AF4D2C6A56AE419EBC3097D7D22F4A' FROM CD_VRSN_TBL WHERE CD_ID = x'DB07DBBF2197C34E94E14BD9F0D6985C' AND OBSLT_UTC IS NULL;
INSERT INTO CD_REF_TERM_ASSOC_TBL (REF_TERM_ID, CD_ID, EFFT_VRSN_SEQ_ID, REL_TYP_ID) SELECT x'7218B750F06F1A4C8902177CF765B264', x'A462D3A33149EF4BAF18AC59DD092981', VRSN_SEQ_ID, x'C2AF4D2C6A56AE419EBC3097D7D22F4A' FROM CD_VRSN_TBL WHERE CD_ID = x'A462D3A33149EF4BAF18AC59DD092981' AND OBSLT_UTC IS NULL;
INSERT INTO CD_REF_TERM_ASSOC_TBL (REF_TERM_ID, CD_ID, EFFT_VRSN_SEQ_ID, REL_TYP_ID) SELECT x'602F0180D0295E43A2E8999E87C6D603', x'45B3CBBFDB86BA43B47EE7411276AC7C', VRSN_SEQ_ID, x'C2AF4D2C6A56AE419EBC3097D7D22F4A' FROM CD_VRSN_TBL WHERE CD_ID = x'45B3CBBFDB86BA43B47EE7411276AC7C' AND OBSLT_UTC IS NULL;
INSERT INTO CD_REF_TERM_ASSOC_TBL (REF_TERM_ID, CD_ID, EFFT_VRSN_SEQ_ID, REL_TYP_ID) SELECT x'203AE3A351003B4AA66CBF394CE77369', x'FE0A2B5E4E72CD419BE29030646F2529', VRSN_SEQ_ID, x'C2AF4D2C6A56AE419EBC3097D7D22F4A' FROM CD_VRSN_TBL WHERE CD_ID = x'FE0A2B5E4E72CD419BE29030646F2529' AND OBSLT_UTC IS NULL;
INSERT INTO CD_REF_TERM_ASSOC_TBL (REF_TERM_ID, CD_ID, EFFT_VRSN_SEQ_ID, REL_TYP_ID) SELECT x'5DBAE28925E1034A8369EACF75AA7741', x'DE853C8517482843A1216A3BDAFBF82E', VRSN_SEQ_ID, x'C2AF4D2C6A56AE419EBC3097D7D22F4A' FROM CD_VRSN_TBL WHERE CD_ID = x'DE853C8517482843A1216A3BDAFBF82E' AND OBSLT_UTC IS NULL;
INSERT INTO CD_REF_TERM_ASSOC_TBL (REF_TERM_ID, CD_ID, EFFT_VRSN_SEQ_ID, REL_TYP_ID) SELECT x'52DD1FF8CB10154E82288DB4B4B612A2', x'EDC1FABB6454004193C38685B052A2CF', VRSN_SEQ_ID, x'C2AF4D2C6A56AE419EBC3097D7D22F4A' FROM CD_VRSN_TBL WHERE CD_ID = x'EDC1FABB6454004193C38685B052A2CF' AND OBSLT_UTC IS NULL;
INSERT INTO CD_REF_TERM_ASSOC_TBL (REF_TERM_ID, CD_ID, EFFT_VRSN_SEQ_ID, REL_TYP_ID) SELECT x'A3568F036951F94EBE2EA1A439427F01', x'06B55E68976BC141B201B6B932A3F3AA', VRSN_SEQ_ID, x'C2AF4D2C6A56AE419EBC3097D7D22F4A' FROM CD_VRSN_TBL WHERE CD_ID = x'06B55E68976BC141B201B6B932A3F3AA' AND OBSLT_UTC IS NULL;
INSERT INTO CD_REF_TERM_ASSOC_TBL (REF_TERM_ID, CD_ID, EFFT_VRSN_SEQ_ID, REL_TYP_ID) SELECT x'56A330342F8DE14D9AEE921CF64E45FF', x'F82C89FD4FDB4E4EA13B4EB3BDDE5BE5', VRSN_SEQ_ID, x'C2AF4D2C6A56AE419EBC3097D7D22F4A' FROM CD_VRSN_TBL WHERE CD_ID = x'F82C89FD4FDB4E4EA13B4EB3BDDE5BE5' AND OBSLT_UTC IS NULL;
INSERT INTO CD_REF_TERM_ASSOC_TBL (REF_TERM_ID, CD_ID, EFFT_VRSN_SEQ_ID, REL_TYP_ID) SELECT x'A7834EC966A5B44FBFC5EF18434FC5D0', x'9852AB2E83BC2C499004ED3499246AFE', VRSN_SEQ_ID, x'C2AF4D2C6A56AE419EBC3097D7D22F4A' FROM CD_VRSN_TBL WHERE CD_ID = x'9852AB2E83BC2C499004ED3499246AFE' AND OBSLT_UTC IS NULL;
INSERT INTO CD_REF_TERM_ASSOC_TBL (REF_TERM_ID, CD_ID, EFFT_VRSN_SEQ_ID, REL_TYP_ID) SELECT x'D97DCC6257AFB74EA425667B631975A1', x'04891ECDDC317443902DC91F1DE23C46', VRSN_SEQ_ID, x'C2AF4D2C6A56AE419EBC3097D7D22F4A' FROM CD_VRSN_TBL WHERE CD_ID = x'04891ECDDC317443902DC91F1DE23C46' AND OBSLT_UTC IS NULL;
INSERT INTO CD_REF_TERM_ASSOC_TBL (REF_TERM_ID, CD_ID, EFFT_VRSN_SEQ_ID, REL_TYP_ID) SELECT x'4384DA23A494254DB76E5C02B380E081', x'1897AEDC81AB3747B07136CF1175804D', VRSN_SEQ_ID, x'C2AF4D2C6A56AE419EBC3097D7D22F4A' FROM CD_VRSN_TBL WHERE CD_ID = x'1897AEDC81AB3747B07136CF1175804D' AND OBSLT_UTC IS NULL;
INSERT INTO CD_REF_TERM_ASSOC_TBL (REF_TERM_ID, CD_ID, EFFT_VRSN_SEQ_ID, REL_TYP_ID) SELECT x'5EF76BCA5B900248849CE4BE95FE97FC', x'CFD4179F7FA6C64A8C50718AF6E264EE', VRSN_SEQ_ID, x'C2AF4D2C6A56AE419EBC3097D7D22F4A' FROM CD_VRSN_TBL WHERE CD_ID = x'CFD4179F7FA6C64A8C50718AF6E264EE' AND OBSLT_UTC IS NULL;
INSERT INTO CD_REF_TERM_ASSOC_TBL (REF_TERM_ID, CD_ID, EFFT_VRSN_SEQ_ID, REL_TYP_ID) SELECT x'56F50DA753DD034D941417A1AEEDF2DF', x'92BA50CE21CDC443858234E7FBB3170F', VRSN_SEQ_ID, x'C2AF4D2C6A56AE419EBC3097D7D22F4A' FROM CD_VRSN_TBL WHERE CD_ID = x'92BA50CE21CDC443858234E7FBB3170F' AND OBSLT_UTC IS NULL;
INSERT INTO CD_REF_TERM_ASSOC_TBL (REF_TERM_ID, CD_ID, EFFT_VRSN_SEQ_ID, REL_TYP_ID) SELECT x'4D211F497FA45940A340ED7FC06D9920', x'04C215F18584F34C88153C6738465E30', VRSN_SEQ_ID, x'C2AF4D2C6A56AE419EBC3097D7D22F4A' FROM CD_VRSN_TBL WHERE CD_ID = x'04C215F18584F34C88153C6738465E30' AND OBSLT_UTC IS NULL;
INSERT INTO CD_REF_TERM_ASSOC_TBL (REF_TERM_ID, CD_ID, EFFT_VRSN_SEQ_ID, REL_TYP_ID) SELECT x'B90448BE4A030F4E91CABFC74988B41B', x'5062CDDE8B7E774B895D31953CF1387A', VRSN_SEQ_ID, x'C2AF4D2C6A56AE419EBC3097D7D22F4A' FROM CD_VRSN_TBL WHERE CD_ID = x'5062CDDE8B7E774B895D31953CF1387A' AND OBSLT_UTC IS NULL;
INSERT INTO CD_REF_TERM_ASSOC_TBL (REF_TERM_ID, CD_ID, EFFT_VRSN_SEQ_ID, REL_TYP_ID) SELECT x'50EF9B4A9B07E147B694A3614EA6F71F', x'11BCF73488221A47AF38553AE6B8410C', VRSN_SEQ_ID, x'C2AF4D2C6A56AE419EBC3097D7D22F4A' FROM CD_VRSN_TBL WHERE CD_ID = x'11BCF73488221A47AF38553AE6B8410C' AND OBSLT_UTC IS NULL;
INSERT INTO CD_REF_TERM_ASSOC_TBL (REF_TERM_ID, CD_ID, EFFT_VRSN_SEQ_ID, REL_TYP_ID) SELECT x'7FF917F2C3BD0E43B5DE086C2C52DBD0', x'7BC5BD895CD8854E94E8C17049540A0D', VRSN_SEQ_ID, x'C2AF4D2C6A56AE419EBC3097D7D22F4A' FROM CD_VRSN_TBL WHERE CD_ID = x'7BC5BD895CD8854E94E8C17049540A0D' AND OBSLT_UTC IS NULL;
INSERT INTO CD_REF_TERM_ASSOC_TBL (REF_TERM_ID, CD_ID, EFFT_VRSN_SEQ_ID, REL_TYP_ID) SELECT x'39E8BEFACD47164F9A1CA6F66782FE0E', x'7B095159131ACE4BBBF29ABF52F98DC8', VRSN_SEQ_ID, x'C2AF4D2C6A56AE419EBC3097D7D22F4A' FROM CD_VRSN_TBL WHERE CD_ID = x'7B095159131ACE4BBBF29ABF52F98DC8' AND OBSLT_UTC IS NULL;
INSERT INTO CD_REF_TERM_ASSOC_TBL (REF_TERM_ID, CD_ID, EFFT_VRSN_SEQ_ID, REL_TYP_ID) SELECT x'AEEF914EEC950D4786B2A3A5202B651A', x'17F9DE4CB04FDF4CB44DB73486C41845', VRSN_SEQ_ID, x'C2AF4D2C6A56AE419EBC3097D7D22F4A' FROM CD_VRSN_TBL WHERE CD_ID = x'17F9DE4CB04FDF4CB44DB73486C41845' AND OBSLT_UTC IS NULL;
INSERT INTO CD_REF_TERM_ASSOC_TBL (REF_TERM_ID, CD_ID, EFFT_VRSN_SEQ_ID, REL_TYP_ID) SELECT x'923C7E89B1EF9B468014ACA72B90ED3D', x'3A191EF76205E94699DD437D23663EC3', VRSN_SEQ_ID, x'C2AF4D2C6A56AE419EBC3097D7D22F4A' FROM CD_VRSN_TBL WHERE CD_ID = x'3A191EF76205E94699DD437D23663EC3' AND OBSLT_UTC IS NULL;
INSERT INTO CD_REF_TERM_ASSOC_TBL (REF_TERM_ID, CD_ID, EFFT_VRSN_SEQ_ID, REL_TYP_ID) SELECT x'10A95C162C6AA24FB5111D004DE75A7B', x'4D7E43BB7274C148A6E7576545A782FA', VRSN_SEQ_ID, x'C2AF4D2C6A56AE419EBC3097D7D22F4A' FROM CD_VRSN_TBL WHERE CD_ID = x'4D7E43BB7274C148A6E7576545A782FA' AND OBSLT_UTC IS NULL;
INSERT INTO CD_REF_TERM_ASSOC_TBL (REF_TERM_ID, CD_ID, EFFT_VRSN_SEQ_ID, REL_TYP_ID) SELECT x'3FB55A466B613142891548DDA5EE3F3B', x'CC39055A3B098E44AEC60D529ED0087F', VRSN_SEQ_ID, x'C2AF4D2C6A56AE419EBC3097D7D22F4A' FROM CD_VRSN_TBL WHERE CD_ID = x'CC39055A3B098E44AEC60D529ED0087F' AND OBSLT_UTC IS NULL;
INSERT INTO CD_REF_TERM_ASSOC_TBL (REF_TERM_ID, CD_ID, EFFT_VRSN_SEQ_ID, REL_TYP_ID) SELECT x'33B7683A35A62F49BC39558913C8B348', x'E7EE72F14B7F224081D076393A1200AE', VRSN_SEQ_ID, x'C2AF4D2C6A56AE419EBC3097D7D22F4A' FROM CD_VRSN_TBL WHERE CD_ID = x'E7EE72F14B7F224081D076393A1200AE' AND OBSLT_UTC IS NULL;
INSERT INTO CD_REF_TERM_ASSOC_TBL (REF_TERM_ID, CD_ID, EFFT_VRSN_SEQ_ID, REL_TYP_ID) SELECT x'0CDDD83BA1DC544EA40275193E75461D', x'5DC26B7EEA5D4546AF3DAA854B7B6F2F', VRSN_SEQ_ID, x'C2AF4D2C6A56AE419EBC3097D7D22F4A' FROM CD_VRSN_TBL WHERE CD_ID = x'5DC26B7EEA5D4546AF3DAA854B7B6F2F' AND OBSLT_UTC IS NULL;
INSERT INTO CD_REF_TERM_ASSOC_TBL (REF_TERM_ID, CD_ID, EFFT_VRSN_SEQ_ID, REL_TYP_ID) SELECT x'63B84F8C0C09A74EB315FAAFB1718A3E', x'85D073CB6C02C74BA1DE356BFD636246', VRSN_SEQ_ID, x'C2AF4D2C6A56AE419EBC3097D7D22F4A' FROM CD_VRSN_TBL WHERE CD_ID = x'85D073CB6C02C74BA1DE356BFD636246' AND OBSLT_UTC IS NULL;
INSERT INTO CD_REF_TERM_ASSOC_TBL (REF_TERM_ID, CD_ID, EFFT_VRSN_SEQ_ID, REL_TYP_ID) SELECT x'E5F888D3AB18D94391847DD3502093B9', x'F478A9CF0C140D4382F81E6F2D74F48D', VRSN_SEQ_ID, x'C2AF4D2C6A56AE419EBC3097D7D22F4A' FROM CD_VRSN_TBL WHERE CD_ID = x'F478A9CF0C140D4382F81E6F2D74F48D' AND OBSLT_UTC IS NULL;
INSERT INTO CD_REF_TERM_ASSOC_TBL (REF_TERM_ID, CD_ID, EFFT_VRSN_SEQ_ID, REL_TYP_ID) SELECT x'2975FCB97DE48049A44181F0392EABCB', x'6092D9CD7C104E4AACAFD7C9C7E90FDD', VRSN_SEQ_ID, x'C2AF4D2C6A56AE419EBC3097D7D22F4A' FROM CD_VRSN_TBL WHERE CD_ID = x'6092D9CD7C104E4AACAFD7C9C7E90FDD' AND OBSLT_UTC IS NULL;
INSERT INTO CD_REF_TERM_ASSOC_TBL (REF_TERM_ID, CD_ID, EFFT_VRSN_SEQ_ID, REL_TYP_ID) SELECT x'1997B3BD0B83784DB0B6D76CB645695D', x'3E42FFA3D58171458EDF03C295189A23', VRSN_SEQ_ID, x'C2AF4D2C6A56AE419EBC3097D7D22F4A' FROM CD_VRSN_TBL WHERE CD_ID = x'3E42FFA3D58171458EDF03C295189A23' AND OBSLT_UTC IS NULL;
INSERT INTO CD_REF_TERM_ASSOC_TBL (REF_TERM_ID, CD_ID, EFFT_VRSN_SEQ_ID, REL_TYP_ID) SELECT x'CF14084E6FF60B4098AAB69DE7D24B99', x'D2C1E57E211AB1418459CB160FA36C60', VRSN_SEQ_ID, x'C2AF4D2C6A56AE419EBC3097D7D22F4A' FROM CD_VRSN_TBL WHERE CD_ID = x'D2C1E57E211AB1418459CB160FA36C60' AND OBSLT_UTC IS NULL;
INSERT INTO CD_REF_TERM_ASSOC_TBL (REF_TERM_ID, CD_ID, EFFT_VRSN_SEQ_ID, REL_TYP_ID) SELECT x'18EC358CF620EA4494DB2D209373A5D3', x'58201171F963384B97D94CCF58574E51', VRSN_SEQ_ID, x'C2AF4D2C6A56AE419EBC3097D7D22F4A' FROM CD_VRSN_TBL WHERE CD_ID = x'58201171F963384B97D94CCF58574E51' AND OBSLT_UTC IS NULL;
INSERT INTO CD_REF_TERM_ASSOC_TBL (REF_TERM_ID, CD_ID, EFFT_VRSN_SEQ_ID, REL_TYP_ID) SELECT x'E1A8C0FD4132BD4B939032F2F30DFBB4', x'9533DF123BB41E42B505049515C228B1', VRSN_SEQ_ID, x'C2AF4D2C6A56AE419EBC3097D7D22F4A' FROM CD_VRSN_TBL WHERE CD_ID = x'9533DF123BB41E42B505049515C228B1' AND OBSLT_UTC IS NULL;
INSERT INTO CD_REF_TERM_ASSOC_TBL (REF_TERM_ID, CD_ID, EFFT_VRSN_SEQ_ID, REL_TYP_ID) SELECT x'A42F2F0F2664C24889A9D406F8004A94', x'EC1A078B63909843B242E561915ABB51', VRSN_SEQ_ID, x'C2AF4D2C6A56AE419EBC3097D7D22F4A' FROM CD_VRSN_TBL WHERE CD_ID = x'EC1A078B63909843B242E561915ABB51' AND OBSLT_UTC IS NULL;
INSERT INTO CD_REF_TERM_ASSOC_TBL (REF_TERM_ID, CD_ID, EFFT_VRSN_SEQ_ID, REL_TYP_ID) SELECT x'9610CD3A4EF67542A5B9271E9A4EEE28', x'6C1B3204195BA244BE7A4A53A221A456', VRSN_SEQ_ID, x'C2AF4D2C6A56AE419EBC3097D7D22F4A' FROM CD_VRSN_TBL WHERE CD_ID = x'6C1B3204195BA244BE7A4A53A221A456' AND OBSLT_UTC IS NULL;
INSERT INTO CD_REF_TERM_ASSOC_TBL (REF_TERM_ID, CD_ID, EFFT_VRSN_SEQ_ID, REL_TYP_ID) SELECT x'30878CA4E4706C4FBB4ABF4A5AAE0A20', x'C36229B3FAEA4641BBCD0E33789DE32C', VRSN_SEQ_ID, x'C2AF4D2C6A56AE419EBC3097D7D22F4A' FROM CD_VRSN_TBL WHERE CD_ID = x'C36229B3FAEA4641BBCD0E33789DE32C' AND OBSLT_UTC IS NULL;
INSERT INTO CD_REF_TERM_ASSOC_TBL (REF_TERM_ID, CD_ID, EFFT_VRSN_SEQ_ID, REL_TYP_ID) SELECT x'959C60520D96EC45835153E378ADE473', x'623DC9938D04644EA0CE7F2F62A8EC6E', VRSN_SEQ_ID, x'C2AF4D2C6A56AE419EBC3097D7D22F4A' FROM CD_VRSN_TBL WHERE CD_ID = x'623DC9938D04644EA0CE7F2F62A8EC6E' AND OBSLT_UTC IS NULL;
INSERT INTO CD_REF_TERM_ASSOC_TBL (REF_TERM_ID, CD_ID, EFFT_VRSN_SEQ_ID, REL_TYP_ID) SELECT x'87E59A53D70E6D448E481B3735E6C423', x'B87F3A57ADFEED4BB325C0FE68CE96CE', VRSN_SEQ_ID, x'C2AF4D2C6A56AE419EBC3097D7D22F4A' FROM CD_VRSN_TBL WHERE CD_ID = x'B87F3A57ADFEED4BB325C0FE68CE96CE' AND OBSLT_UTC IS NULL;
INSERT INTO CD_REF_TERM_ASSOC_TBL (REF_TERM_ID, CD_ID, EFFT_VRSN_SEQ_ID, REL_TYP_ID) SELECT x'124831FB331D4B4184B1DD7B1A16D770', x'11845EDC3FCB7F4B8E0EFC1D1FF3B084', VRSN_SEQ_ID, x'C2AF4D2C6A56AE419EBC3097D7D22F4A' FROM CD_VRSN_TBL WHERE CD_ID = x'11845EDC3FCB7F4B8E0EFC1D1FF3B084' AND OBSLT_UTC IS NULL;
INSERT INTO CD_REF_TERM_ASSOC_TBL (REF_TERM_ID, CD_ID, EFFT_VRSN_SEQ_ID, REL_TYP_ID) SELECT x'54EAB351547F0047A9CD69C2478D2E49', x'4ED27110E96F0F488A20B1825AE4D707', VRSN_SEQ_ID, x'C2AF4D2C6A56AE419EBC3097D7D22F4A' FROM CD_VRSN_TBL WHERE CD_ID = x'4ED27110E96F0F488A20B1825AE4D707' AND OBSLT_UTC IS NULL;
INSERT INTO CD_REF_TERM_ASSOC_TBL (REF_TERM_ID, CD_ID, EFFT_VRSN_SEQ_ID, REL_TYP_ID) SELECT x'87A5C21BD8A9774581CE9AFA65921A19', x'0DEFC58C1139994D937F6CFDC2A27D55', VRSN_SEQ_ID, x'C2AF4D2C6A56AE419EBC3097D7D22F4A' FROM CD_VRSN_TBL WHERE CD_ID = x'0DEFC58C1139994D937F6CFDC2A27D55' AND OBSLT_UTC IS NULL;
INSERT INTO CD_REF_TERM_ASSOC_TBL (REF_TERM_ID, CD_ID, EFFT_VRSN_SEQ_ID, REL_TYP_ID) SELECT x'067720673C26714C958AE96B0A9AAA3D', x'26A4143B37632A4FB83BE6BE7DBCD5A5', VRSN_SEQ_ID, x'C2AF4D2C6A56AE419EBC3097D7D22F4A' FROM CD_VRSN_TBL WHERE CD_ID = x'26A4143B37632A4FB83BE6BE7DBCD5A5' AND OBSLT_UTC IS NULL;
INSERT INTO CD_REF_TERM_ASSOC_TBL (REF_TERM_ID, CD_ID, EFFT_VRSN_SEQ_ID, REL_TYP_ID) SELECT x'AFE893EB80E88446A5537651364CEE4F', x'1F5474ECC4872743A4B997F325501747', VRSN_SEQ_ID, x'C2AF4D2C6A56AE419EBC3097D7D22F4A' FROM CD_VRSN_TBL WHERE CD_ID = x'1F5474ECC4872743A4B997F325501747' AND OBSLT_UTC IS NULL;
INSERT INTO CD_REF_TERM_ASSOC_TBL (REF_TERM_ID, CD_ID, EFFT_VRSN_SEQ_ID, REL_TYP_ID) SELECT x'54C49C25CAA9324089F5AF11A6C89653', x'72CA58E66A3B9940AB6E7CF6861A5B61', VRSN_SEQ_ID, x'C2AF4D2C6A56AE419EBC3097D7D22F4A' FROM CD_VRSN_TBL WHERE CD_ID = x'72CA58E66A3B9940AB6E7CF6861A5B61' AND OBSLT_UTC IS NULL;
INSERT INTO CD_REF_TERM_ASSOC_TBL (REF_TERM_ID, CD_ID, EFFT_VRSN_SEQ_ID, REL_TYP_ID) SELECT x'AFE893EB80E88446A5537651364CEE4F', x'1F5474ECC4872743A4B997F325501747', VRSN_SEQ_ID, x'C2AF4D2C6A56AE419EBC3097D7D22F4A' FROM CD_VRSN_TBL WHERE CD_ID = x'1F5474ECC4872743A4B997F325501747' AND OBSLT_UTC IS NULL;
INSERT INTO CD_REF_TERM_ASSOC_TBL (REF_TERM_ID, CD_ID, EFFT_VRSN_SEQ_ID, REL_TYP_ID) SELECT x'5010D3D316567142BAA975C1E7B61E7B', x'DFDE89B361BE6B45AA70786E1A5A69E0', VRSN_SEQ_ID, x'C2AF4D2C6A56AE419EBC3097D7D22F4A' FROM CD_VRSN_TBL WHERE CD_ID = x'DFDE89B361BE6B45AA70786E1A5A69E0' AND OBSLT_UTC IS NULL;
INSERT INTO CD_REF_TERM_ASSOC_TBL (REF_TERM_ID, CD_ID, EFFT_VRSN_SEQ_ID, REL_TYP_ID) SELECT x'54C49C25CAA9324089F5AF11A6C89653', x'72CA58E66A3B9940AB6E7CF6861A5B61', VRSN_SEQ_ID, x'C2AF4D2C6A56AE419EBC3097D7D22F4A' FROM CD_VRSN_TBL WHERE CD_ID = x'72CA58E66A3B9940AB6E7CF6861A5B61' AND OBSLT_UTC IS NULL;

-- Concept Reference Names
INSERT INTO REF_TERM_NAME_TBL (REF_TERM_ID, LANG_CS, TERM_NAME, CRT_PROV_ID) VALUES (x'0CC3AA83F10DD04FABD7D7FCEB00E04C', 'en', 'left lateral decubitus', x'76A0DCFA90366E4AAF9EF1CD68E8C7E8');
INSERT INTO REF_TERM_NAME_TBL (REF_TERM_ID, LANG_CS, TERM_NAME, CRT_PROV_ID) VALUES (x'39FE488B89C4A8428800F2A97480C6AF', 'en', 'prone', x'76A0DCFA90366E4AAF9EF1CD68E8C7E8');
INSERT INTO REF_TERM_NAME_TBL (REF_TERM_ID, LANG_CS, TERM_NAME, CRT_PROV_ID) VALUES (x'C57FAE36ADF2664FA00DE4BCE99CD4E1', 'en', 'right lateral decubitus', x'76A0DCFA90366E4AAF9EF1CD68E8C7E8');
INSERT INTO REF_TERM_NAME_TBL (REF_TERM_ID, LANG_CS, TERM_NAME, CRT_PROV_ID) VALUES (x'5194F12DA3C55B4195E8F1724BD840FB', 'en', 'Semi-Fowler''s', x'76A0DCFA90366E4AAF9EF1CD68E8C7E8');
INSERT INTO REF_TERM_NAME_TBL (REF_TERM_ID, LANG_CS, TERM_NAME, CRT_PROV_ID) VALUES (x'B5939CD1645326448171081F7EFCF115', 'en', 'sitting', x'76A0DCFA90366E4AAF9EF1CD68E8C7E8');
INSERT INTO REF_TERM_NAME_TBL (REF_TERM_ID, LANG_CS, TERM_NAME, CRT_PROV_ID) VALUES (x'A3F530269A64D143B03920B06F55A222', 'en', 'standing', x'76A0DCFA90366E4AAF9EF1CD68E8C7E8');
INSERT INTO REF_TERM_NAME_TBL (REF_TERM_ID, LANG_CS, TERM_NAME, CRT_PROV_ID) VALUES (x'F3BDE8FCCD12044FA2507E69F553347A', 'en', 'supine', x'76A0DCFA90366E4AAF9EF1CD68E8C7E8');
INSERT INTO REF_TERM_NAME_TBL (REF_TERM_ID, LANG_CS, TERM_NAME, CRT_PROV_ID) VALUES (x'38CBDC2ACF6E424C82214DCFF3CE4C69', 'en', 'reverse trendelenburg', x'76A0DCFA90366E4AAF9EF1CD68E8C7E8');
INSERT INTO REF_TERM_NAME_TBL (REF_TERM_ID, LANG_CS, TERM_NAME, CRT_PROV_ID) VALUES (x'C3DD5C95DBD4BE469B041114FD41E424', 'en', 'trendelenburg', x'76A0DCFA90366E4AAF9EF1CD68E8C7E8');
INSERT INTO REF_TERM_NAME_TBL (REF_TERM_ID, LANG_CS, TERM_NAME, CRT_PROV_ID) VALUES (x'EBF569DED93EDD46B516CD034085D7C5', 'en', 'overlay ROI', x'76A0DCFA90366E4AAF9EF1CD68E8C7E8');
INSERT INTO REF_TERM_NAME_TBL (REF_TERM_ID, LANG_CS, TERM_NAME, CRT_PROV_ID) VALUES (x'CFF4B7CDFB91F74A86B99D0D5363245B', 'en', 'ambulatory', x'76A0DCFA90366E4AAF9EF1CD68E8C7E8');
INSERT INTO REF_TERM_NAME_TBL (REF_TERM_ID, LANG_CS, TERM_NAME, CRT_PROV_ID) VALUES (x'D019D4B74AF6B84AB0EC94E961BCC7CB', 'en', 'emergency', x'76A0DCFA90366E4AAF9EF1CD68E8C7E8');
INSERT INTO REF_TERM_NAME_TBL (REF_TERM_ID, LANG_CS, TERM_NAME, CRT_PROV_ID) VALUES (x'3498A42D583CC6459528E0598CC692A3', 'en', 'field', x'76A0DCFA90366E4AAF9EF1CD68E8C7E8');
INSERT INTO REF_TERM_NAME_TBL (REF_TERM_ID, LANG_CS, TERM_NAME, CRT_PROV_ID) VALUES (x'0722D97C6382E043B910B660E1B0B111', 'en', 'home health', x'76A0DCFA90366E4AAF9EF1CD68E8C7E8');
INSERT INTO REF_TERM_NAME_TBL (REF_TERM_ID, LANG_CS, TERM_NAME, CRT_PROV_ID) VALUES (x'72C3C464D9D4CC4B9838479E4BC14E96', 'en', 'inpatient encounter', x'76A0DCFA90366E4AAF9EF1CD68E8C7E8');
INSERT INTO REF_TERM_NAME_TBL (REF_TERM_ID, LANG_CS, TERM_NAME, CRT_PROV_ID) VALUES (x'2C942111A45C6F468BF4D060D1B13A7E', 'en', 'inpatient acute', x'76A0DCFA90366E4AAF9EF1CD68E8C7E8');
INSERT INTO REF_TERM_NAME_TBL (REF_TERM_ID, LANG_CS, TERM_NAME, CRT_PROV_ID) VALUES (x'4975C70C562EBC449C7EE41119E2FC6E', 'en', 'inpatient non-acute', x'76A0DCFA90366E4AAF9EF1CD68E8C7E8');
INSERT INTO REF_TERM_NAME_TBL (REF_TERM_ID, LANG_CS, TERM_NAME, CRT_PROV_ID) VALUES (x'FD2FF1BAD124444D8BF8888115E13E32', 'en', 'short stay', x'76A0DCFA90366E4AAF9EF1CD68E8C7E8');
INSERT INTO REF_TERM_NAME_TBL (REF_TERM_ID, LANG_CS, TERM_NAME, CRT_PROV_ID) VALUES (x'72237715165A894A95D919C710493C3F', 'en', 'virtual', x'76A0DCFA90366E4AAF9EF1CD68E8C7E8');
INSERT INTO REF_TERM_NAME_TBL (REF_TERM_ID, LANG_CS, TERM_NAME, CRT_PROV_ID) VALUES (x'AFE893EB80E88446A5537651364CEE4F', 'en', 'event (occurrence)', x'76A0DCFA90366E4AAF9EF1CD68E8C7E8');
INSERT INTO REF_TERM_NAME_TBL (REF_TERM_ID, LANG_CS, TERM_NAME, CRT_PROV_ID) VALUES (x'C4B2F1A63F0BFA4987B3CD9D3E2865E1', 'en', 'has component', x'76A0DCFA90366E4AAF9EF1CD68E8C7E8');
INSERT INTO REF_TERM_NAME_TBL (REF_TERM_ID, LANG_CS, TERM_NAME, CRT_PROV_ID) VALUES (x'DF17AC165E951E4CA1E777D60DA3E5FD', 'en', 'arrival', x'76A0DCFA90366E4AAF9EF1CD68E8C7E8');
INSERT INTO REF_TERM_NAME_TBL (REF_TERM_ID, LANG_CS, TERM_NAME, CRT_PROV_ID) VALUES (x'182ABAEF512A1F41A69CEF6FCD86A8F4', 'en', 'has control variable', x'76A0DCFA90366E4AAF9EF1CD68E8C7E8');
INSERT INTO REF_TERM_NAME_TBL (REF_TERM_ID, LANG_CS, TERM_NAME, CRT_PROV_ID) VALUES (x'2CF3C722E730394EB027BE18D56C0D69', 'en', 'departure', x'76A0DCFA90366E4AAF9EF1CD68E8C7E8');
INSERT INTO REF_TERM_NAME_TBL (REF_TERM_ID, LANG_CS, TERM_NAME, CRT_PROV_ID) VALUES (x'AA041BA4A221C34DA1B063B6C1ABB638', 'en', 'has pre-condition', x'76A0DCFA90366E4AAF9EF1CD68E8C7E8');
INSERT INTO REF_TERM_NAME_TBL (REF_TERM_ID, LANG_CS, TERM_NAME, CRT_PROV_ID) VALUES (x'0C4020D81CD8BC4288802BD8C96BB84C', 'en', 'REFV', x'76A0DCFA90366E4AAF9EF1CD68E8C7E8');
INSERT INTO REF_TERM_NAME_TBL (REF_TERM_ID, LANG_CS, TERM_NAME, CRT_PROV_ID) VALUES (x'2A582A7E756E0A4489A034762981052E', 'en', 'Argentine Peso', x'76A0DCFA90366E4AAF9EF1CD68E8C7E8');
INSERT INTO REF_TERM_NAME_TBL (REF_TERM_ID, LANG_CS, TERM_NAME, CRT_PROV_ID) VALUES (x'983D88C5E7E0CA4D9A5D0EC3B3F6CF62', 'en', 'Australian Dollar', x'76A0DCFA90366E4AAF9EF1CD68E8C7E8');
INSERT INTO REF_TERM_NAME_TBL (REF_TERM_ID, LANG_CS, TERM_NAME, CRT_PROV_ID) VALUES (x'E42F3157FC0F3549B957DA64DE9C1F41', 'en', 'Brazilian Real', x'76A0DCFA90366E4AAF9EF1CD68E8C7E8');
INSERT INTO REF_TERM_NAME_TBL (REF_TERM_ID, LANG_CS, TERM_NAME, CRT_PROV_ID) VALUES (x'8BFC88C8B5A25A40B6F5997B92737CB0', 'en', 'Canadian Dollar', x'76A0DCFA90366E4AAF9EF1CD68E8C7E8');
INSERT INTO REF_TERM_NAME_TBL (REF_TERM_ID, LANG_CS, TERM_NAME, CRT_PROV_ID) VALUES (x'1394C802DF020D4B99A932AD4E8C6A36', 'en', 'Swiss Franc', x'76A0DCFA90366E4AAF9EF1CD68E8C7E8');
INSERT INTO REF_TERM_NAME_TBL (REF_TERM_ID, LANG_CS, TERM_NAME, CRT_PROV_ID) VALUES (x'57C55AA6F06BA94C970C97FFD1399800', 'en', 'Unidades de Formento', x'76A0DCFA90366E4AAF9EF1CD68E8C7E8');
INSERT INTO REF_TERM_NAME_TBL (REF_TERM_ID, LANG_CS, TERM_NAME, CRT_PROV_ID) VALUES (x'8057E9941119674F98C31536E561962F', 'en', 'Yuan Renminbi', x'76A0DCFA90366E4AAF9EF1CD68E8C7E8');
INSERT INTO REF_TERM_NAME_TBL (REF_TERM_ID, LANG_CS, TERM_NAME, CRT_PROV_ID) VALUES (x'D28AFD0874D979418718342341B0F498', 'en', 'Deutsche Mark', x'76A0DCFA90366E4AAF9EF1CD68E8C7E8');
INSERT INTO REF_TERM_NAME_TBL (REF_TERM_ID, LANG_CS, TERM_NAME, CRT_PROV_ID) VALUES (x'A3CBCCCFD1AA85469E0B39F53B8DA4BB', 'en', 'Spanish Peseta', x'76A0DCFA90366E4AAF9EF1CD68E8C7E8');
INSERT INTO REF_TERM_NAME_TBL (REF_TERM_ID, LANG_CS, TERM_NAME, CRT_PROV_ID) VALUES (x'D67942A7F096DA4C94A9A3E233C58036', 'en', 'Euro', x'76A0DCFA90366E4AAF9EF1CD68E8C7E8');
INSERT INTO REF_TERM_NAME_TBL (REF_TERM_ID, LANG_CS, TERM_NAME, CRT_PROV_ID) VALUES (x'A1620A23F105834F845048DDA67DCD69', 'en', 'Markka', x'76A0DCFA90366E4AAF9EF1CD68E8C7E8');
INSERT INTO REF_TERM_NAME_TBL (REF_TERM_ID, LANG_CS, TERM_NAME, CRT_PROV_ID) VALUES (x'5A0AB9592AA71F4EAE452073C357C5BE', 'en', 'French Franc', x'76A0DCFA90366E4AAF9EF1CD68E8C7E8');
INSERT INTO REF_TERM_NAME_TBL (REF_TERM_ID, LANG_CS, TERM_NAME, CRT_PROV_ID) VALUES (x'0D6ACD8C2A4E544B80452786EDA31B46', 'en', 'Pound Sterling', x'76A0DCFA90366E4AAF9EF1CD68E8C7E8');
INSERT INTO REF_TERM_NAME_TBL (REF_TERM_ID, LANG_CS, TERM_NAME, CRT_PROV_ID) VALUES (x'FFDEA29D1F23D441A64A0F4CA0D4E407', 'en', 'Shekel', x'76A0DCFA90366E4AAF9EF1CD68E8C7E8');
INSERT INTO REF_TERM_NAME_TBL (REF_TERM_ID, LANG_CS, TERM_NAME, CRT_PROV_ID) VALUES (x'2C31FC1580CBE74092AB83A4EE511DE4', 'en', 'Indian Rupee', x'76A0DCFA90366E4AAF9EF1CD68E8C7E8');
INSERT INTO REF_TERM_NAME_TBL (REF_TERM_ID, LANG_CS, TERM_NAME, CRT_PROV_ID) VALUES (x'C0FC3393CDFE3D4180075FCF555EDE1A', 'en', 'Yen', x'76A0DCFA90366E4AAF9EF1CD68E8C7E8');
INSERT INTO REF_TERM_NAME_TBL (REF_TERM_ID, LANG_CS, TERM_NAME, CRT_PROV_ID) VALUES (x'BE2DDE2C753F49459BD1316B133428D9', 'en', 'Won', x'76A0DCFA90366E4AAF9EF1CD68E8C7E8');
INSERT INTO REF_TERM_NAME_TBL (REF_TERM_ID, LANG_CS, TERM_NAME, CRT_PROV_ID) VALUES (x'A517A624EBA56A4C8B9190BA50366082', 'en', 'Mexican Nuevo Peso', x'76A0DCFA90366E4AAF9EF1CD68E8C7E8');
INSERT INTO REF_TERM_NAME_TBL (REF_TERM_ID, LANG_CS, TERM_NAME, CRT_PROV_ID) VALUES (x'B1319C9979E28142A2F048BB69AF48D6', 'en', 'Netherlands Guilder', x'76A0DCFA90366E4AAF9EF1CD68E8C7E8');
INSERT INTO REF_TERM_NAME_TBL (REF_TERM_ID, LANG_CS, TERM_NAME, CRT_PROV_ID) VALUES (x'D42E2922638FFB4694FBEB028FC26282', 'en', 'New Zealand Dollar', x'76A0DCFA90366E4AAF9EF1CD68E8C7E8');
INSERT INTO REF_TERM_NAME_TBL (REF_TERM_ID, LANG_CS, TERM_NAME, CRT_PROV_ID) VALUES (x'D83632116CE9C1498ABAE1AE73042287', 'en', 'Philippine Peso', x'76A0DCFA90366E4AAF9EF1CD68E8C7E8');
INSERT INTO REF_TERM_NAME_TBL (REF_TERM_ID, LANG_CS, TERM_NAME, CRT_PROV_ID) VALUES (x'6D30E7C2EA2A6A43A36EC74EC266B39B', 'en', 'Russian Ruble', x'76A0DCFA90366E4AAF9EF1CD68E8C7E8');
INSERT INTO REF_TERM_NAME_TBL (REF_TERM_ID, LANG_CS, TERM_NAME, CRT_PROV_ID) VALUES (x'81E002E23C5DA1428EFD9F3E068EB87E', 'en', 'Baht', x'76A0DCFA90366E4AAF9EF1CD68E8C7E8');
INSERT INTO REF_TERM_NAME_TBL (REF_TERM_ID, LANG_CS, TERM_NAME, CRT_PROV_ID) VALUES (x'06BE694254E514478381287A0EDBADBB', 'en', 'Lira', x'76A0DCFA90366E4AAF9EF1CD68E8C7E8');
INSERT INTO REF_TERM_NAME_TBL (REF_TERM_ID, LANG_CS, TERM_NAME, CRT_PROV_ID) VALUES (x'FBE1094675DF0942AC1E70E14EB18C1E', 'en', 'Taiwan Dollar', x'76A0DCFA90366E4AAF9EF1CD68E8C7E8');
INSERT INTO REF_TERM_NAME_TBL (REF_TERM_ID, LANG_CS, TERM_NAME, CRT_PROV_ID) VALUES (x'F4E51820E1FEEC40A368350DA5FBF212', 'en', 'US Dollar', x'76A0DCFA90366E4AAF9EF1CD68E8C7E8');
INSERT INTO REF_TERM_NAME_TBL (REF_TERM_ID, LANG_CS, TERM_NAME, CRT_PROV_ID) VALUES (x'DFABF4732A9D1B49982E8E683FF0ABDC', 'en', 'Rand', x'76A0DCFA90366E4AAF9EF1CD68E8C7E8');
INSERT INTO REF_TERM_NAME_TBL (REF_TERM_ID, LANG_CS, TERM_NAME, CRT_PROV_ID) VALUES (x'97554B131AE2984E8F4497C5DF2D4BD9', 'en', 'entity', x'76A0DCFA90366E4AAF9EF1CD68E8C7E8');
INSERT INTO REF_TERM_NAME_TBL (REF_TERM_ID, LANG_CS, TERM_NAME, CRT_PROV_ID) VALUES (x'0086F887FE45D64CBE2FD52C69A33A42', 'en', 'health chart entity', x'76A0DCFA90366E4AAF9EF1CD68E8C7E8');
INSERT INTO REF_TERM_NAME_TBL (REF_TERM_ID, LANG_CS, TERM_NAME, CRT_PROV_ID) VALUES (x'5C8BF2B2302F3F45971CE0C55A15B3F5', 'en', 'living subject', x'76A0DCFA90366E4AAF9EF1CD68E8C7E8');
INSERT INTO REF_TERM_NAME_TBL (REF_TERM_ID, LANG_CS, TERM_NAME, CRT_PROV_ID) VALUES (x'E53522A16123C5458E4AAB5947D7354D', 'en', 'non-person living subject', x'76A0DCFA90366E4AAF9EF1CD68E8C7E8');
INSERT INTO REF_TERM_NAME_TBL (REF_TERM_ID, LANG_CS, TERM_NAME, CRT_PROV_ID) VALUES (x'04EBA347559FEE44ABB8920649EC70CC', 'en', 'animal', x'76A0DCFA90366E4AAF9EF1CD68E8C7E8');
INSERT INTO REF_TERM_NAME_TBL (REF_TERM_ID, LANG_CS, TERM_NAME, CRT_PROV_ID) VALUES (x'EBE64B06C073F44D834B5E40E4D8DE55', 'en', 'microorganism', x'76A0DCFA90366E4AAF9EF1CD68E8C7E8');
INSERT INTO REF_TERM_NAME_TBL (REF_TERM_ID, LANG_CS, TERM_NAME, CRT_PROV_ID) VALUES (x'A295B3132C7FA842BF32234429FFB424', 'en', 'plant', x'76A0DCFA90366E4AAF9EF1CD68E8C7E8');
INSERT INTO REF_TERM_NAME_TBL (REF_TERM_ID, LANG_CS, TERM_NAME, CRT_PROV_ID) VALUES (x'72AC1E38A63804499E6DA5DCD499ED72', 'en', 'material', x'76A0DCFA90366E4AAF9EF1CD68E8C7E8');
INSERT INTO REF_TERM_NAME_TBL (REF_TERM_ID, LANG_CS, TERM_NAME, CRT_PROV_ID) VALUES (x'48417D18D8D90F4AB642CE17DBD9B8A4', 'en', 'chemical substance', x'76A0DCFA90366E4AAF9EF1CD68E8C7E8');
INSERT INTO REF_TERM_NAME_TBL (REF_TERM_ID, LANG_CS, TERM_NAME, CRT_PROV_ID) VALUES (x'C026B0C05FE6C8478E052812A54516AF', 'en', 'food', x'76A0DCFA90366E4AAF9EF1CD68E8C7E8');
INSERT INTO REF_TERM_NAME_TBL (REF_TERM_ID, LANG_CS, TERM_NAME, CRT_PROV_ID) VALUES (x'04F7D6A1546FCF4CA189385B9014B4A9', 'en', 'holder', x'76A0DCFA90366E4AAF9EF1CD68E8C7E8');
INSERT INTO REF_TERM_NAME_TBL (REF_TERM_ID, LANG_CS, TERM_NAME, CRT_PROV_ID) VALUES (x'AC653F7635973D4088262D974AC0B371', 'en', 'certificate representation', x'76A0DCFA90366E4AAF9EF1CD68E8C7E8');
INSERT INTO REF_TERM_NAME_TBL (REF_TERM_ID, LANG_CS, TERM_NAME, CRT_PROV_ID) VALUES (x'CC72BF6983D3C3458335EB8D709E8E58', 'en', 'imaging modality', x'76A0DCFA90366E4AAF9EF1CD68E8C7E8');
INSERT INTO REF_TERM_NAME_TBL (REF_TERM_ID, LANG_CS, TERM_NAME, CRT_PROV_ID) VALUES (x'C11258A07B139C44AD42EC079CD353DA', 'en', 'public institution', x'76A0DCFA90366E4AAF9EF1CD68E8C7E8');
INSERT INTO REF_TERM_NAME_TBL (REF_TERM_ID, LANG_CS, TERM_NAME, CRT_PROV_ID) VALUES (x'529AD75369FD104E8A907244299CA595', 'en', 'Nation', x'76A0DCFA90366E4AAF9EF1CD68E8C7E8');
INSERT INTO REF_TERM_NAME_TBL (REF_TERM_ID, LANG_CS, TERM_NAME, CRT_PROV_ID) VALUES (x'2DF6C9B7DB546E4B8E55DEC103D4AA75', 'en', 'city or town', x'76A0DCFA90366E4AAF9EF1CD68E8C7E8');
INSERT INTO REF_TERM_NAME_TBL (REF_TERM_ID, LANG_CS, TERM_NAME, CRT_PROV_ID) VALUES (x'C2EBE33FE2D0EA49BD2E28B4BC4982B1', 'en', 'country', x'76A0DCFA90366E4AAF9EF1CD68E8C7E8');
INSERT INTO REF_TERM_NAME_TBL (REF_TERM_ID, LANG_CS, TERM_NAME, CRT_PROV_ID) VALUES (x'F6D9A978C3B9A74E8C742D689FCA8F2A', 'en', 'county or parish', x'76A0DCFA90366E4AAF9EF1CD68E8C7E8');
INSERT INTO REF_TERM_NAME_TBL (REF_TERM_ID, LANG_CS, TERM_NAME, CRT_PROV_ID) VALUES (x'0EF1D0E9796A0441B5FCE9D21EF1F9FD', 'en', 'state or province', x'76A0DCFA90366E4AAF9EF1CD68E8C7E8');
INSERT INTO REF_TERM_NAME_TBL (REF_TERM_ID, LANG_CS, TERM_NAME, CRT_PROV_ID) VALUES (x'741EC0B8B1198944BD969E8C2AD44913', 'en', 'group', x'76A0DCFA90366E4AAF9EF1CD68E8C7E8');
INSERT INTO REF_TERM_NAME_TBL (REF_TERM_ID, LANG_CS, TERM_NAME, CRT_PROV_ID) VALUES (x'CD4A20D5F53BB3469CA2F4FE64034311', 'en', 'specific', x'76A0DCFA90366E4AAF9EF1CD68E8C7E8');
INSERT INTO REF_TERM_NAME_TBL (REF_TERM_ID, LANG_CS, TERM_NAME, CRT_PROV_ID) VALUES (x'A774BC25B17A4447AEDDA08962D40021', 'en', 'described', x'76A0DCFA90366E4AAF9EF1CD68E8C7E8');
INSERT INTO REF_TERM_NAME_TBL (REF_TERM_ID, LANG_CS, TERM_NAME, CRT_PROV_ID) VALUES (x'2D93E322F52D1343A6F59A47C65075B1', 'en', 'described quantified', x'76A0DCFA90366E4AAF9EF1CD68E8C7E8');
INSERT INTO REF_TERM_NAME_TBL (REF_TERM_ID, LANG_CS, TERM_NAME, CRT_PROV_ID) VALUES (x'218A35C7CCD2D8468FE987C794F72571', 'en', 'author (originator)', x'76A0DCFA90366E4AAF9EF1CD68E8C7E8');
INSERT INTO REF_TERM_NAME_TBL (REF_TERM_ID, LANG_CS, TERM_NAME, CRT_PROV_ID) VALUES (x'829DB911C7953445B22B2201848E128B', 'en', 'informant', x'76A0DCFA90366E4AAF9EF1CD68E8C7E8');
INSERT INTO REF_TERM_NAME_TBL (REF_TERM_ID, LANG_CS, TERM_NAME, CRT_PROV_ID) VALUES (x'10C5182F93146447B1027881671586ED', 'en', 'admitter', x'76A0DCFA90366E4AAF9EF1CD68E8C7E8');
INSERT INTO REF_TERM_NAME_TBL (REF_TERM_ID, LANG_CS, TERM_NAME, CRT_PROV_ID) VALUES (x'B4682F3320AB3D44A37DF7D0EC5E44F5', 'en', 'attender', x'76A0DCFA90366E4AAF9EF1CD68E8C7E8');
INSERT INTO REF_TERM_NAME_TBL (REF_TERM_ID, LANG_CS, TERM_NAME, CRT_PROV_ID) VALUES (x'7D602718B080A14E9CF5A4E4D57EE02A', 'en', 'callback contact', x'76A0DCFA90366E4AAF9EF1CD68E8C7E8');
INSERT INTO REF_TERM_NAME_TBL (REF_TERM_ID, LANG_CS, TERM_NAME, CRT_PROV_ID) VALUES (x'3372D53319B125498235170E30060ED7', 'en', 'consultant', x'76A0DCFA90366E4AAF9EF1CD68E8C7E8');
INSERT INTO REF_TERM_NAME_TBL (REF_TERM_ID, LANG_CS, TERM_NAME, CRT_PROV_ID) VALUES (x'0813728599DA464DAAA3054F4576F15E', 'en', 'discharger', x'76A0DCFA90366E4AAF9EF1CD68E8C7E8');
INSERT INTO REF_TERM_NAME_TBL (REF_TERM_ID, LANG_CS, TERM_NAME, CRT_PROV_ID) VALUES (x'F431BAEA72F77D448E67082E64CDC64F', 'en', 'escort', x'76A0DCFA90366E4AAF9EF1CD68E8C7E8');
INSERT INTO REF_TERM_NAME_TBL (REF_TERM_ID, LANG_CS, TERM_NAME, CRT_PROV_ID) VALUES (x'A84516EE361D6A4AA0B0F262A4B1DFF3', 'en', 'Participation', x'76A0DCFA90366E4AAF9EF1CD68E8C7E8');
INSERT INTO REF_TERM_NAME_TBL (REF_TERM_ID, LANG_CS, TERM_NAME, CRT_PROV_ID) VALUES (x'D77D97D5E56C1943843D870B83497029', 'en', 'referrer', x'76A0DCFA90366E4AAF9EF1CD68E8C7E8');
INSERT INTO REF_TERM_NAME_TBL (REF_TERM_ID, LANG_CS, TERM_NAME, CRT_PROV_ID) VALUES (x'AC92636D7BCCCF4BAF2F49534DBD4D63', 'en', 'Transcriber', x'76A0DCFA90366E4AAF9EF1CD68E8C7E8');
INSERT INTO REF_TERM_NAME_TBL (REF_TERM_ID, LANG_CS, TERM_NAME, CRT_PROV_ID) VALUES (x'7C794242A519AD4E898754891B80ED26', 'en', 'witness', x'76A0DCFA90366E4AAF9EF1CD68E8C7E8');
INSERT INTO REF_TERM_NAME_TBL (REF_TERM_ID, LANG_CS, TERM_NAME, CRT_PROV_ID) VALUES (x'5B8ECEF768AA5844A8EC25D2B7CB26FB', 'en', 'baby', x'76A0DCFA90366E4AAF9EF1CD68E8C7E8');
INSERT INTO REF_TERM_NAME_TBL (REF_TERM_ID, LANG_CS, TERM_NAME, CRT_PROV_ID) VALUES (x'88DA71E27B76794785344416029FAED6', 'en', 'non-reuseable device', x'76A0DCFA90366E4AAF9EF1CD68E8C7E8');
INSERT INTO REF_TERM_NAME_TBL (REF_TERM_ID, LANG_CS, TERM_NAME, CRT_PROV_ID) VALUES (x'32FBEC950B09F840B7D8231525B4214F', 'en', 'reusable device', x'76A0DCFA90366E4AAF9EF1CD68E8C7E8');
INSERT INTO REF_TERM_NAME_TBL (REF_TERM_ID, LANG_CS, TERM_NAME, CRT_PROV_ID) VALUES (x'2A04E941E0F8C94B89CC64FA7CB0DB7D', 'en', 'donor', x'76A0DCFA90366E4AAF9EF1CD68E8C7E8');
INSERT INTO REF_TERM_NAME_TBL (REF_TERM_ID, LANG_CS, TERM_NAME, CRT_PROV_ID) VALUES (x'C2888927C3BED14A98A9F66A3A38F6C9', 'en', 'ExposureAgent', x'76A0DCFA90366E4AAF9EF1CD68E8C7E8');
INSERT INTO REF_TERM_NAME_TBL (REF_TERM_ID, LANG_CS, TERM_NAME, CRT_PROV_ID) VALUES (x'510BD0CD2332F849B8E231F213ADDC87', 'en', 'ExposureTarget', x'76A0DCFA90366E4AAF9EF1CD68E8C7E8');
INSERT INTO REF_TERM_NAME_TBL (REF_TERM_ID, LANG_CS, TERM_NAME, CRT_PROV_ID) VALUES (x'F1B17967454EAB4AA5DCCC746E953D73', 'en', 'ExposureSource', x'76A0DCFA90366E4AAF9EF1CD68E8C7E8');
INSERT INTO REF_TERM_NAME_TBL (REF_TERM_ID, LANG_CS, TERM_NAME, CRT_PROV_ID) VALUES (x'589FF10CD85B544EA6EDC261A3E0D322', 'en', 'beneficiary', x'76A0DCFA90366E4AAF9EF1CD68E8C7E8');
INSERT INTO REF_TERM_NAME_TBL (REF_TERM_ID, LANG_CS, TERM_NAME, CRT_PROV_ID) VALUES (x'F9FDAA5E210D744093236EC92718DD84', 'en', 'causative agent', x'76A0DCFA90366E4AAF9EF1CD68E8C7E8');
INSERT INTO REF_TERM_NAME_TBL (REF_TERM_ID, LANG_CS, TERM_NAME, CRT_PROV_ID) VALUES (x'2006491830C2E44AA0B3B680C1984FF3', 'en', 'coverage target', x'76A0DCFA90366E4AAF9EF1CD68E8C7E8');
INSERT INTO REF_TERM_NAME_TBL (REF_TERM_ID, LANG_CS, TERM_NAME, CRT_PROV_ID) VALUES (x'9ECC824C92B2A44891C7DAC3DF5E547C', 'en', 'guarantor party', x'76A0DCFA90366E4AAF9EF1CD68E8C7E8');
INSERT INTO REF_TERM_NAME_TBL (REF_TERM_ID, LANG_CS, TERM_NAME, CRT_PROV_ID) VALUES (x'E42401CAD5DB5647A0BFF7D84002570E', 'en', 'holder', x'76A0DCFA90366E4AAF9EF1CD68E8C7E8');
INSERT INTO REF_TERM_NAME_TBL (REF_TERM_ID, LANG_CS, TERM_NAME, CRT_PROV_ID) VALUES (x'E7FEF6BDD1EF5B44BFBCBA192BE966D3', 'en', 'receiver', x'76A0DCFA90366E4AAF9EF1CD68E8C7E8');
INSERT INTO REF_TERM_NAME_TBL (REF_TERM_ID, LANG_CS, TERM_NAME, CRT_PROV_ID) VALUES (x'67E3DF1ED1B99C4EBB9583DF6E2C20BC', 'en', 'ugent notification contact', x'76A0DCFA90366E4AAF9EF1CD68E8C7E8');
INSERT INTO REF_TERM_NAME_TBL (REF_TERM_ID, LANG_CS, TERM_NAME, CRT_PROV_ID) VALUES (x'DAAF56888603D34782A85C3F2CEF89C7', 'en', 'primary information recipient', x'76A0DCFA90366E4AAF9EF1CD68E8C7E8');
INSERT INTO REF_TERM_NAME_TBL (REF_TERM_ID, LANG_CS, TERM_NAME, CRT_PROV_ID) VALUES (x'69E13447E1334D4881A4125ACBB701D3', 'en', 'Referred By', x'76A0DCFA90366E4AAF9EF1CD68E8C7E8');
INSERT INTO REF_TERM_NAME_TBL (REF_TERM_ID, LANG_CS, TERM_NAME, CRT_PROV_ID) VALUES (x'47FC22D9041CDF4995BDEB13305C315B', 'en', 'Referred to', x'76A0DCFA90366E4AAF9EF1CD68E8C7E8');
INSERT INTO REF_TERM_NAME_TBL (REF_TERM_ID, LANG_CS, TERM_NAME, CRT_PROV_ID) VALUES (x'D0AAFBD8FEEFE64FA47B30DAA4B40AE4', 'en', 'tracker', x'76A0DCFA90366E4AAF9EF1CD68E8C7E8');
INSERT INTO REF_TERM_NAME_TBL (REF_TERM_ID, LANG_CS, TERM_NAME, CRT_PROV_ID) VALUES (x'5629853E73AE12478E2EC69735297AC1', 'en', 'destination', x'76A0DCFA90366E4AAF9EF1CD68E8C7E8');
INSERT INTO REF_TERM_NAME_TBL (REF_TERM_ID, LANG_CS, TERM_NAME, CRT_PROV_ID) VALUES (x'E1B730723D153947B8E630C9DAFB3514', 'en', 'entry location', x'76A0DCFA90366E4AAF9EF1CD68E8C7E8');
INSERT INTO REF_TERM_NAME_TBL (REF_TERM_ID, LANG_CS, TERM_NAME, CRT_PROV_ID) VALUES (x'4D67A3FB751ABF42AC4FA1D8E4591482', 'en', 'origin', x'76A0DCFA90366E4AAF9EF1CD68E8C7E8');
INSERT INTO REF_TERM_NAME_TBL (REF_TERM_ID, LANG_CS, TERM_NAME, CRT_PROV_ID) VALUES (x'6AA8404B6F353C4888D50EB6F5029930', 'en', 'remote', x'76A0DCFA90366E4AAF9EF1CD68E8C7E8');
INSERT INTO REF_TERM_NAME_TBL (REF_TERM_ID, LANG_CS, TERM_NAME, CRT_PROV_ID) VALUES (x'BEC54EFB2D1EAA44BAA6171DBEC94FC3', 'en', 'via', x'76A0DCFA90366E4AAF9EF1CD68E8C7E8');
INSERT INTO REF_TERM_NAME_TBL (REF_TERM_ID, LANG_CS, TERM_NAME, CRT_PROV_ID) VALUES (x'B3684E8643C1874BB40856A258289DEC', 'en', 'distributor', x'76A0DCFA90366E4AAF9EF1CD68E8C7E8');
INSERT INTO REF_TERM_NAME_TBL (REF_TERM_ID, LANG_CS, TERM_NAME, CRT_PROV_ID) VALUES (x'E5C20CADB0A1004F8A06933B1960D333', 'en', 'primary performer', x'76A0DCFA90366E4AAF9EF1CD68E8C7E8');
INSERT INTO REF_TERM_NAME_TBL (REF_TERM_ID, LANG_CS, TERM_NAME, CRT_PROV_ID) VALUES (x'73B05D2A2E202144920760608DA4C859', 'en', 'secondary performer', x'76A0DCFA90366E4AAF9EF1CD68E8C7E8');
INSERT INTO REF_TERM_NAME_TBL (REF_TERM_ID, LANG_CS, TERM_NAME, CRT_PROV_ID) VALUES (x'65EFC067F83FF24AB8F16EA961B67906', 'en', 'verifier', x'76A0DCFA90366E4AAF9EF1CD68E8C7E8');
INSERT INTO REF_TERM_NAME_TBL (REF_TERM_ID, LANG_CS, TERM_NAME, CRT_PROV_ID) VALUES (x'0AF643E66789D847894E44B231DBEE8E', 'en', 'circle', x'76A0DCFA90366E4AAF9EF1CD68E8C7E8');
INSERT INTO REF_TERM_NAME_TBL (REF_TERM_ID, LANG_CS, TERM_NAME, CRT_PROV_ID) VALUES (x'8920773D7A58934CB7EEAA43C4FC0985', 'en', 'ellipse', x'76A0DCFA90366E4AAF9EF1CD68E8C7E8');
INSERT INTO REF_TERM_NAME_TBL (REF_TERM_ID, LANG_CS, TERM_NAME, CRT_PROV_ID) VALUES (x'689A378681FD6745B2CD8B57D4035C03', 'en', 'point', x'76A0DCFA90366E4AAF9EF1CD68E8C7E8');
INSERT INTO REF_TERM_NAME_TBL (REF_TERM_ID, LANG_CS, TERM_NAME, CRT_PROV_ID) VALUES (x'BEF9181371954C468EB796177B4E7FB9', 'en', 'polyline', x'76A0DCFA90366E4AAF9EF1CD68E8C7E8');
INSERT INTO REF_TERM_NAME_TBL (REF_TERM_ID, LANG_CS, TERM_NAME, CRT_PROV_ID) VALUES (x'5A573B8BA2EB4B45A087805F5083B048', 'en', 'ASSIGNED', x'76A0DCFA90366E4AAF9EF1CD68E8C7E8');
INSERT INTO REF_TERM_NAME_TBL (REF_TERM_ID, LANG_CS, TERM_NAME, CRT_PROV_ID) VALUES (x'76FD3689BD58E8429BF221FE275531B8', 'en', 'CON', x'76A0DCFA90366E4AAF9EF1CD68E8C7E8');
INSERT INTO REF_TERM_NAME_TBL (REF_TERM_ID, LANG_CS, TERM_NAME, CRT_PROV_ID) VALUES (x'47F6C9E248EB7042A7B877C1AE858BB0', 'en', 'affiliate', x'76A0DCFA90366E4AAF9EF1CD68E8C7E8');
INSERT INTO REF_TERM_NAME_TBL (REF_TERM_ID, LANG_CS, TERM_NAME, CRT_PROV_ID) VALUES (x'A0DBCA1E65364C41856654E5EA9DE11C', 'en', 'agent', x'76A0DCFA90366E4AAF9EF1CD68E8C7E8');
INSERT INTO REF_TERM_NAME_TBL (REF_TERM_ID, LANG_CS, TERM_NAME, CRT_PROV_ID) VALUES (x'583C6B9A87E3874DBC10545EAE914484', 'en', 'commissioning party', x'76A0DCFA90366E4AAF9EF1CD68E8C7E8');
INSERT INTO REF_TERM_NAME_TBL (REF_TERM_ID, LANG_CS, TERM_NAME, CRT_PROV_ID) VALUES (x'8DA97DC52AD29B44B0FA315E52676275', 'en', 'signing authority or officer', x'76A0DCFA90366E4AAF9EF1CD68E8C7E8');
INSERT INTO REF_TERM_NAME_TBL (REF_TERM_ID, LANG_CS, TERM_NAME, CRT_PROV_ID) VALUES (x'9A818B3F20591543A8DDD6AE323999AC', 'en', 'emergency contact', x'76A0DCFA90366E4AAF9EF1CD68E8C7E8');
INSERT INTO REF_TERM_NAME_TBL (REF_TERM_ID, LANG_CS, TERM_NAME, CRT_PROV_ID) VALUES (x'4AE8D2F037E60C499ED7D65D411D7C86', 'en', 'next of kin', x'76A0DCFA90366E4AAF9EF1CD68E8C7E8');
INSERT INTO REF_TERM_NAME_TBL (REF_TERM_ID, LANG_CS, TERM_NAME, CRT_PROV_ID) VALUES (x'467E06FAB3551E4B909EA8464DC77C64', 'en', 'guardian', x'76A0DCFA90366E4AAF9EF1CD68E8C7E8');
INSERT INTO REF_TERM_NAME_TBL (REF_TERM_ID, LANG_CS, TERM_NAME, CRT_PROV_ID) VALUES (x'E09506110AF627439ECDE2462ABAAE67', 'en', 'citizen', x'76A0DCFA90366E4AAF9EF1CD68E8C7E8');
INSERT INTO REF_TERM_NAME_TBL (REF_TERM_ID, LANG_CS, TERM_NAME, CRT_PROV_ID) VALUES (x'4833A06C5FFBBA42A6CFD453B36FCC94', 'en', 'covered party', x'76A0DCFA90366E4AAF9EF1CD68E8C7E8');
INSERT INTO REF_TERM_NAME_TBL (REF_TERM_ID, LANG_CS, TERM_NAME, CRT_PROV_ID) VALUES (x'6C83FFE0EEEB084C9BAFFDA73E900F4E', 'en', 'claimant', x'76A0DCFA90366E4AAF9EF1CD68E8C7E8');
INSERT INTO REF_TERM_NAME_TBL (REF_TERM_ID, LANG_CS, TERM_NAME, CRT_PROV_ID) VALUES (x'A5DDA0FC32F12A4B8B051FECA58272C9', 'en', 'named insured', x'76A0DCFA90366E4AAF9EF1CD68E8C7E8');
INSERT INTO REF_TERM_NAME_TBL (REF_TERM_ID, LANG_CS, TERM_NAME, CRT_PROV_ID) VALUES (x'12214E0A7E0DA0408B77B3B5DFAC6C87', 'en', 'dependent', x'76A0DCFA90366E4AAF9EF1CD68E8C7E8');
INSERT INTO REF_TERM_NAME_TBL (REF_TERM_ID, LANG_CS, TERM_NAME, CRT_PROV_ID) VALUES (x'BC572D34DF875D4785E304690E9901A0', 'en', 'individual', x'76A0DCFA90366E4AAF9EF1CD68E8C7E8');
INSERT INTO REF_TERM_NAME_TBL (REF_TERM_ID, LANG_CS, TERM_NAME, CRT_PROV_ID) VALUES (x'BEA42A6671A6AB4386FB9EC88D87B07F', 'en', 'subscriber', x'76A0DCFA90366E4AAF9EF1CD68E8C7E8');
INSERT INTO REF_TERM_NAME_TBL (REF_TERM_ID, LANG_CS, TERM_NAME, CRT_PROV_ID) VALUES (x'7548ED8BF5700143B65E55BB54EA6B93', 'en', 'program eligible', x'76A0DCFA90366E4AAF9EF1CD68E8C7E8');
INSERT INTO REF_TERM_NAME_TBL (REF_TERM_ID, LANG_CS, TERM_NAME, CRT_PROV_ID) VALUES (x'DA33EF90BF422A40803C5D8D366FE3A7', 'en', 'clinical research investigator', x'76A0DCFA90366E4AAF9EF1CD68E8C7E8');
INSERT INTO REF_TERM_NAME_TBL (REF_TERM_ID, LANG_CS, TERM_NAME, CRT_PROV_ID) VALUES (x'D295F8C188EFCC4291C54AB2C80E0700', 'en', 'clinical research sponsor', x'76A0DCFA90366E4AAF9EF1CD68E8C7E8');
INSERT INTO REF_TERM_NAME_TBL (REF_TERM_ID, LANG_CS, TERM_NAME, CRT_PROV_ID) VALUES (x'485521EEC6B8634BB47BDA29C4E23B5E', 'en', 'employee', x'76A0DCFA90366E4AAF9EF1CD68E8C7E8');
INSERT INTO REF_TERM_NAME_TBL (REF_TERM_ID, LANG_CS, TERM_NAME, CRT_PROV_ID) VALUES (x'95A649EBB772364AA64A9A2560068F14', 'en', 'military person', x'76A0DCFA90366E4AAF9EF1CD68E8C7E8');
INSERT INTO REF_TERM_NAME_TBL (REF_TERM_ID, LANG_CS, TERM_NAME, CRT_PROV_ID) VALUES (x'7D2CC1CC2B9F0E45A29B441C6262B1A2', 'en', 'guarantor', x'76A0DCFA90366E4AAF9EF1CD68E8C7E8');
INSERT INTO REF_TERM_NAME_TBL (REF_TERM_ID, LANG_CS, TERM_NAME, CRT_PROV_ID) VALUES (x'05339ED3B5F14043A6113A50423D3FE0', 'en', 'Investigation Subject', x'76A0DCFA90366E4AAF9EF1CD68E8C7E8');
INSERT INTO REF_TERM_NAME_TBL (REF_TERM_ID, LANG_CS, TERM_NAME, CRT_PROV_ID) VALUES (x'01F2FBCC03DEEE4087394F0F32B2B7C1', 'en', 'Case Subject', x'76A0DCFA90366E4AAF9EF1CD68E8C7E8');
INSERT INTO REF_TERM_NAME_TBL (REF_TERM_ID, LANG_CS, TERM_NAME, CRT_PROV_ID) VALUES (x'2D09C32E90001E42B01F37FEA0805F7E', 'en', 'research subject', x'76A0DCFA90366E4AAF9EF1CD68E8C7E8');
INSERT INTO REF_TERM_NAME_TBL (REF_TERM_ID, LANG_CS, TERM_NAME, CRT_PROV_ID) VALUES (x'6399B714F8AFA84698F3065BD572B4D2', 'en', 'licensed entity', x'76A0DCFA90366E4AAF9EF1CD68E8C7E8');
INSERT INTO REF_TERM_NAME_TBL (REF_TERM_ID, LANG_CS, TERM_NAME, CRT_PROV_ID) VALUES (x'14B2F63835ED3342A26271DD30E4A826', 'en', 'notary public', x'76A0DCFA90366E4AAF9EF1CD68E8C7E8');
INSERT INTO REF_TERM_NAME_TBL (REF_TERM_ID, LANG_CS, TERM_NAME, CRT_PROV_ID) VALUES (x'C286486DA886B640AC0A46AEEAD4D060', 'en', 'healthcare provider', x'76A0DCFA90366E4AAF9EF1CD68E8C7E8');
INSERT INTO REF_TERM_NAME_TBL (REF_TERM_ID, LANG_CS, TERM_NAME, CRT_PROV_ID) VALUES (x'72DD6C265756F8448109432A43E368F4', 'en', 'patient', x'76A0DCFA90366E4AAF9EF1CD68E8C7E8');
INSERT INTO REF_TERM_NAME_TBL (REF_TERM_ID, LANG_CS, TERM_NAME, CRT_PROV_ID) VALUES (x'CC8B78853CC0294A8847954F0C5988F2', 'en', 'payee', x'76A0DCFA90366E4AAF9EF1CD68E8C7E8');
INSERT INTO REF_TERM_NAME_TBL (REF_TERM_ID, LANG_CS, TERM_NAME, CRT_PROV_ID) VALUES (x'C5A1370A65027945A252B040601905C0', 'en', 'invoice payor', x'76A0DCFA90366E4AAF9EF1CD68E8C7E8');
INSERT INTO REF_TERM_NAME_TBL (REF_TERM_ID, LANG_CS, TERM_NAME, CRT_PROV_ID) VALUES (x'9FA999922DF9F84AAAC9F1F14868A31A', 'en', 'policy holder', x'76A0DCFA90366E4AAF9EF1CD68E8C7E8');
INSERT INTO REF_TERM_NAME_TBL (REF_TERM_ID, LANG_CS, TERM_NAME, CRT_PROV_ID) VALUES (x'2EF4D04FAE45B949BF0EB8F1817AAAC4', 'en', 'qualified entity', x'76A0DCFA90366E4AAF9EF1CD68E8C7E8');
INSERT INTO REF_TERM_NAME_TBL (REF_TERM_ID, LANG_CS, TERM_NAME, CRT_PROV_ID) VALUES (x'3E6CAF0D0158D3458792EB8B1D172889', 'en', 'coverage sponsor', x'76A0DCFA90366E4AAF9EF1CD68E8C7E8');
INSERT INTO REF_TERM_NAME_TBL (REF_TERM_ID, LANG_CS, TERM_NAME, CRT_PROV_ID) VALUES (x'062E83FBFCE02C48A063BC238F20802D', 'en', 'student', x'76A0DCFA90366E4AAF9EF1CD68E8C7E8');
INSERT INTO REF_TERM_NAME_TBL (REF_TERM_ID, LANG_CS, TERM_NAME, CRT_PROV_ID) VALUES (x'FC754D2879779F438D7A27A2537D688F', 'en', 'underwriter', x'76A0DCFA90366E4AAF9EF1CD68E8C7E8');
INSERT INTO REF_TERM_NAME_TBL (REF_TERM_ID, LANG_CS, TERM_NAME, CRT_PROV_ID) VALUES (x'77B60EB3D21DD44D8D9303104C814C44', 'en', 'access', x'76A0DCFA90366E4AAF9EF1CD68E8C7E8');
INSERT INTO REF_TERM_NAME_TBL (REF_TERM_ID, LANG_CS, TERM_NAME, CRT_PROV_ID) VALUES (x'07F225BA39255847826F94E18CD982AD', 'en', 'Administerable Material', x'76A0DCFA90366E4AAF9EF1CD68E8C7E8');
INSERT INTO REF_TERM_NAME_TBL (REF_TERM_ID, LANG_CS, TERM_NAME, CRT_PROV_ID) VALUES (x'FB38D45AEA96B6498C2BE4F8B19AE895', 'en', 'birthplace', x'76A0DCFA90366E4AAF9EF1CD68E8C7E8');
INSERT INTO REF_TERM_NAME_TBL (REF_TERM_ID, LANG_CS, TERM_NAME, CRT_PROV_ID) VALUES (x'8CCDF19E7C1CF3418F9136BDE9313507', 'en', 'caregiver', x'76A0DCFA90366E4AAF9EF1CD68E8C7E8');
INSERT INTO REF_TERM_NAME_TBL (REF_TERM_ID, LANG_CS, TERM_NAME, CRT_PROV_ID) VALUES (x'1E74027ACDA1784A8E2CD77BE33BA8F0', 'en', 'place of death', x'76A0DCFA90366E4AAF9EF1CD68E8C7E8');
INSERT INTO REF_TERM_NAME_TBL (REF_TERM_ID, LANG_CS, TERM_NAME, CRT_PROV_ID) VALUES (x'81ADE44BC10A8B47B6D4BCFB9AB822C0', 'en', 'distributed material', x'76A0DCFA90366E4AAF9EF1CD68E8C7E8');
INSERT INTO REF_TERM_NAME_TBL (REF_TERM_ID, LANG_CS, TERM_NAME, CRT_PROV_ID) VALUES (x'5E7D78C168F1BF489589894B7813AA07', 'en', 'retailed material', x'76A0DCFA90366E4AAF9EF1CD68E8C7E8');
INSERT INTO REF_TERM_NAME_TBL (REF_TERM_ID, LANG_CS, TERM_NAME, CRT_PROV_ID) VALUES (x'A3CEAABB8392904D9F2C6A6F32976858', 'en', 'exposed entity', x'76A0DCFA90366E4AAF9EF1CD68E8C7E8');
INSERT INTO REF_TERM_NAME_TBL (REF_TERM_ID, LANG_CS, TERM_NAME, CRT_PROV_ID) VALUES (x'6F0970C011605E499887377221165DC7', 'en', 'held entity', x'76A0DCFA90366E4AAF9EF1CD68E8C7E8');
INSERT INTO REF_TERM_NAME_TBL (REF_TERM_ID, LANG_CS, TERM_NAME, CRT_PROV_ID) VALUES (x'A7E28563698A2044BB4B5B8AD3243E8B', 'en', 'health chart', x'76A0DCFA90366E4AAF9EF1CD68E8C7E8');
INSERT INTO REF_TERM_NAME_TBL (REF_TERM_ID, LANG_CS, TERM_NAME, CRT_PROV_ID) VALUES (x'8D328A7787CE9748B46BD563C968B944', 'en', 'identified entity', x'76A0DCFA90366E4AAF9EF1CD68E8C7E8');
INSERT INTO REF_TERM_NAME_TBL (REF_TERM_ID, LANG_CS, TERM_NAME, CRT_PROV_ID) VALUES (x'AD1F8A54D5F5624194A4641D1885BB0E', 'en', 'manufactured product', x'76A0DCFA90366E4AAF9EF1CD68E8C7E8');
INSERT INTO REF_TERM_NAME_TBL (REF_TERM_ID, LANG_CS, TERM_NAME, CRT_PROV_ID) VALUES (x'7566B85CE9AD224C8FF7071A8550A957', 'en', 'therapeutic agent', x'76A0DCFA90366E4AAF9EF1CD68E8C7E8');
INSERT INTO REF_TERM_NAME_TBL (REF_TERM_ID, LANG_CS, TERM_NAME, CRT_PROV_ID) VALUES (x'BF6A79C937F5074BAB02476C1948F2B8', 'en', 'maintained entity', x'76A0DCFA90366E4AAF9EF1CD68E8C7E8');
INSERT INTO REF_TERM_NAME_TBL (REF_TERM_ID, LANG_CS, TERM_NAME, CRT_PROV_ID) VALUES (x'B4D98652774B5441A3EBCF40CD51F26C', 'en', 'owned entity', x'76A0DCFA90366E4AAF9EF1CD68E8C7E8');
INSERT INTO REF_TERM_NAME_TBL (REF_TERM_ID, LANG_CS, TERM_NAME, CRT_PROV_ID) VALUES (x'4FBA48AEACA99B4FBFA678D7921012FE', 'en', 'personal relationship', x'76A0DCFA90366E4AAF9EF1CD68E8C7E8');
INSERT INTO REF_TERM_NAME_TBL (REF_TERM_ID, LANG_CS, TERM_NAME, CRT_PROV_ID) VALUES (x'1C757E9D6971C54D9D907C1D9B2643FA', 'en', 'regulated product', x'76A0DCFA90366E4AAF9EF1CD68E8C7E8');
INSERT INTO REF_TERM_NAME_TBL (REF_TERM_ID, LANG_CS, TERM_NAME, CRT_PROV_ID) VALUES (x'04DD7A4E21ADE74ABCCC0A6424BD4701', 'en', 'service delivery location', x'76A0DCFA90366E4AAF9EF1CD68E8C7E8');
INSERT INTO REF_TERM_NAME_TBL (REF_TERM_ID, LANG_CS, TERM_NAME, CRT_PROV_ID) VALUES (x'1937869348F0004092D04D9FCB3A32F7', 'en', 'dedicated service delivery location', x'76A0DCFA90366E4AAF9EF1CD68E8C7E8');
INSERT INTO REF_TERM_NAME_TBL (REF_TERM_ID, LANG_CS, TERM_NAME, CRT_PROV_ID) VALUES (x'05272C877DA1C44EB2AE039B76A292A2', 'en', 'incidental service delivery location', x'76A0DCFA90366E4AAF9EF1CD68E8C7E8');
INSERT INTO REF_TERM_NAME_TBL (REF_TERM_ID, LANG_CS, TERM_NAME, CRT_PROV_ID) VALUES (x'D0DD52EDE398354B91368BBAD2E4DAB1', 'en', 'territory of authority', x'76A0DCFA90366E4AAF9EF1CD68E8C7E8');
INSERT INTO REF_TERM_NAME_TBL (REF_TERM_ID, LANG_CS, TERM_NAME, CRT_PROV_ID) VALUES (x'ABD84903EAD5B8439D0492C24CFA04D4', 'en', 'used entity', x'76A0DCFA90366E4AAF9EF1CD68E8C7E8');
INSERT INTO REF_TERM_NAME_TBL (REF_TERM_ID, LANG_CS, TERM_NAME, CRT_PROV_ID) VALUES (x'2BF660812F734F43BE24DD5FF96C4ED3', 'en', 'warranted product', x'76A0DCFA90366E4AAF9EF1CD68E8C7E8');
INSERT INTO REF_TERM_NAME_TBL (REF_TERM_ID, LANG_CS, TERM_NAME, CRT_PROV_ID) VALUES (x'D00E29CA0C33E749A6443E52728CFC0F', 'en', 'part', x'76A0DCFA90366E4AAF9EF1CD68E8C7E8');
INSERT INTO REF_TERM_NAME_TBL (REF_TERM_ID, LANG_CS, TERM_NAME, CRT_PROV_ID) VALUES (x'5D46C59C17869545AB40B3C2776451FD', 'en', 'active moiety', x'76A0DCFA90366E4AAF9EF1CD68E8C7E8');
INSERT INTO REF_TERM_NAME_TBL (REF_TERM_ID, LANG_CS, TERM_NAME, CRT_PROV_ID) VALUES (x'42F7145454080B4A838D772272FBBF1B', 'en', 'specimen', x'76A0DCFA90366E4AAF9EF1CD68E8C7E8');
INSERT INTO REF_TERM_NAME_TBL (REF_TERM_ID, LANG_CS, TERM_NAME, CRT_PROV_ID) VALUES (x'E9FC92209693514681D6E3A8A28A60D3', 'en', 'aliquot', x'76A0DCFA90366E4AAF9EF1CD68E8C7E8');
INSERT INTO REF_TERM_NAME_TBL (REF_TERM_ID, LANG_CS, TERM_NAME, CRT_PROV_ID) VALUES (x'E489D8455C65F4469B9F697BED99A221', 'en', 'isolate', x'76A0DCFA90366E4AAF9EF1CD68E8C7E8');
INSERT INTO REF_TERM_NAME_TBL (REF_TERM_ID, LANG_CS, TERM_NAME, CRT_PROV_ID) VALUES (x'3FB6ABF7582F3B4D834C0687FD07C401', 'en', 'ACCM', x'76A0DCFA90366E4AAF9EF1CD68E8C7E8');
INSERT INTO REF_TERM_NAME_TBL (REF_TERM_ID, LANG_CS, TERM_NAME, CRT_PROV_ID) VALUES (x'AE7A6081E1ECBA4B8CB3D2A9F5D35067', 'en', 'act', x'76A0DCFA90366E4AAF9EF1CD68E8C7E8');
INSERT INTO REF_TERM_NAME_TBL (REF_TERM_ID, LANG_CS, TERM_NAME, CRT_PROV_ID) VALUES (x'067720673C26714C958AE96B0A9AAA3D', 'en', 'definition', x'76A0DCFA90366E4AAF9EF1CD68E8C7E8');
INSERT INTO REF_TERM_NAME_TBL (REF_TERM_ID, LANG_CS, TERM_NAME, CRT_PROV_ID) VALUES (x'6B958B9CACCEA749BCD3EA8A8B111B72', 'en', 'Goal', x'76A0DCFA90366E4AAF9EF1CD68E8C7E8');
INSERT INTO REF_TERM_NAME_TBL (REF_TERM_ID, LANG_CS, TERM_NAME, CRT_PROV_ID) VALUES (x'9843B1CC750BF440B3F3C7AF49EF1518', 'en', 'intent', x'76A0DCFA90366E4AAF9EF1CD68E8C7E8');
INSERT INTO REF_TERM_NAME_TBL (REF_TERM_ID, LANG_CS, TERM_NAME, CRT_PROV_ID) VALUES (x'31793C6D73E8B7479DE72DEA769E08A2', 'en', 'has reason', x'76A0DCFA90366E4AAF9EF1CD68E8C7E8');
INSERT INTO REF_TERM_NAME_TBL (REF_TERM_ID, LANG_CS, TERM_NAME, CRT_PROV_ID) VALUES (x'68D853F44E84654DAD770C6C15EA7291', 'en', 'starts after start of', x'76A0DCFA90366E4AAF9EF1CD68E8C7E8');
INSERT INTO REF_TERM_NAME_TBL (REF_TERM_ID, LANG_CS, TERM_NAME, CRT_PROV_ID) VALUES (x'B0DB038DE069CC4382FDAD39E9154A2E', 'en', 'adjudicated with adjustments', x'76A0DCFA90366E4AAF9EF1CD68E8C7E8');
INSERT INTO REF_TERM_NAME_TBL (REF_TERM_ID, LANG_CS, TERM_NAME, CRT_PROV_ID) VALUES (x'9C29C2EB0C2EF249BACB56284E0086DD', 'en', 'adjudicated with adjustments and no financial impact', x'76A0DCFA90366E4AAF9EF1CD68E8C7E8');
INSERT INTO REF_TERM_NAME_TBL (REF_TERM_ID, LANG_CS, TERM_NAME, CRT_PROV_ID) VALUES (x'731C52FE744E5A4DA35D0C51D404B3AA', 'en', 'adjudicated as refused', x'76A0DCFA90366E4AAF9EF1CD68E8C7E8');
INSERT INTO REF_TERM_NAME_TBL (REF_TERM_ID, LANG_CS, TERM_NAME, CRT_PROV_ID) VALUES (x'2A67E0C672780B4AABCA12F6C512CEA5', 'en', 'adjudicated as submitted', x'76A0DCFA90366E4AAF9EF1CD68E8C7E8');
INSERT INTO REF_TERM_NAME_TBL (REF_TERM_ID, LANG_CS, TERM_NAME, CRT_PROV_ID) VALUES (x'12A3D104AE46AB46AB2AD10998FD91CC', 'en', 'Display', x'76A0DCFA90366E4AAF9EF1CD68E8C7E8');
INSERT INTO REF_TERM_NAME_TBL (REF_TERM_ID, LANG_CS, TERM_NAME, CRT_PROV_ID) VALUES (x'0F31A329FBE0D94EA26206A7D60F14D4', 'en', 'Print on Form', x'76A0DCFA90366E4AAF9EF1CD68E8C7E8');
INSERT INTO REF_TERM_NAME_TBL (REF_TERM_ID, LANG_CS, TERM_NAME, CRT_PROV_ID) VALUES (x'329F2DDDA1715B41BDE1ED38CD92DEC7', 'en', 'automobile', x'76A0DCFA90366E4AAF9EF1CD68E8C7E8');
INSERT INTO REF_TERM_NAME_TBL (REF_TERM_ID, LANG_CS, TERM_NAME, CRT_PROV_ID) VALUES (x'D7C87A1996CE6D4DADF6514E5CE5C551', 'en', 'disease program', x'76A0DCFA90366E4AAF9EF1CD68E8C7E8');
INSERT INTO REF_TERM_NAME_TBL (REF_TERM_ID, LANG_CS, TERM_NAME, CRT_PROV_ID) VALUES (x'E22B51AC9BEEE84BA77D81907FEFE6F8', 'en', 'collision coverage policy', x'76A0DCFA90366E4AAF9EF1CD68E8C7E8');
INSERT INTO REF_TERM_NAME_TBL (REF_TERM_ID, LANG_CS, TERM_NAME, CRT_PROV_ID) VALUES (x'DCC32F6D1B40C94D92AAF2223ABD4EDE', 'en', 'dental program', x'76A0DCFA90366E4AAF9EF1CD68E8C7E8');
INSERT INTO REF_TERM_NAME_TBL (REF_TERM_ID, LANG_CS, TERM_NAME, CRT_PROV_ID) VALUES (x'941AF753BCB2094BB9B96C0F5C006438', 'en', 'extended healthcare', x'76A0DCFA90366E4AAF9EF1CD68E8C7E8');
INSERT INTO REF_TERM_NAME_TBL (REF_TERM_ID, LANG_CS, TERM_NAME, CRT_PROV_ID) VALUES (x'10CD65F736ABAA4B92418FF9C54F8CC4', 'en', 'end renal program', x'76A0DCFA90366E4AAF9EF1CD68E8C7E8');
INSERT INTO REF_TERM_NAME_TBL (REF_TERM_ID, LANG_CS, TERM_NAME, CRT_PROV_ID) VALUES (x'8C64D818C1091E4681A582D1AEDFED8B', 'en', 'HIV-AIDS program', x'76A0DCFA90366E4AAF9EF1CD68E8C7E8');
INSERT INTO REF_TERM_NAME_TBL (REF_TERM_ID, LANG_CS, TERM_NAME, CRT_PROV_ID) VALUES (x'D600A58D96A8E047801D9B25C0C021C7', 'en', 'health spending account', x'76A0DCFA90366E4AAF9EF1CD68E8C7E8');
INSERT INTO REF_TERM_NAME_TBL (REF_TERM_ID, LANG_CS, TERM_NAME, CRT_PROV_ID) VALUES (x'7A5C15F695B2944EB2B745C01F0DE1A6', 'en', 'mandatory health program', x'76A0DCFA90366E4AAF9EF1CD68E8C7E8');
INSERT INTO REF_TERM_NAME_TBL (REF_TERM_ID, LANG_CS, TERM_NAME, CRT_PROV_ID) VALUES (x'EC7C2A20C287714D8AD8E781B25E1504', 'en', 'mental health program', x'76A0DCFA90366E4AAF9EF1CD68E8C7E8');
INSERT INTO REF_TERM_NAME_TBL (REF_TERM_ID, LANG_CS, TERM_NAME, CRT_PROV_ID) VALUES (x'0DD9E242E8ABDE40BF900A2F6153A855', 'en', 'public healthcare', x'76A0DCFA90366E4AAF9EF1CD68E8C7E8');
INSERT INTO REF_TERM_NAME_TBL (REF_TERM_ID, LANG_CS, TERM_NAME, CRT_PROV_ID) VALUES (x'4BC950A380591F4C83638664898C895D', 'en', 'safety net clinic program', x'76A0DCFA90366E4AAF9EF1CD68E8C7E8');
INSERT INTO REF_TERM_NAME_TBL (REF_TERM_ID, LANG_CS, TERM_NAME, CRT_PROV_ID) VALUES (x'884C7F1790EA01448B96E3B66F3D45F9', 'en', 'substance use program', x'76A0DCFA90366E4AAF9EF1CD68E8C7E8');
INSERT INTO REF_TERM_NAME_TBL (REF_TERM_ID, LANG_CS, TERM_NAME, CRT_PROV_ID) VALUES (x'34E18FFBA5F42B469DC02D87589249CE', 'en', 'subsidized health program', x'76A0DCFA90366E4AAF9EF1CD68E8C7E8');
INSERT INTO REF_TERM_NAME_TBL (REF_TERM_ID, LANG_CS, TERM_NAME, CRT_PROV_ID) VALUES (x'2327B358A4E231458DF53800B653389C', 'en', 'subsidized managed care program', x'76A0DCFA90366E4AAF9EF1CD68E8C7E8');
INSERT INTO REF_TERM_NAME_TBL (REF_TERM_ID, LANG_CS, TERM_NAME, CRT_PROV_ID) VALUES (x'28EEB1771839FC43B3E928EC6A7F1D2F', 'en', 'subsidized supplemental health program', x'76A0DCFA90366E4AAF9EF1CD68E8C7E8');
INSERT INTO REF_TERM_NAME_TBL (REF_TERM_ID, LANG_CS, TERM_NAME, CRT_PROV_ID) VALUES (x'7763F07A5B1A37478E020C3855471086', 'en', 'uninsured motorist policy', x'76A0DCFA90366E4AAF9EF1CD68E8C7E8');
INSERT INTO REF_TERM_NAME_TBL (REF_TERM_ID, LANG_CS, TERM_NAME, CRT_PROV_ID) VALUES (x'65BBC289CB45044F82A7AC16E2B3D547', 'en', 'worker''s compensation', x'76A0DCFA90366E4AAF9EF1CD68E8C7E8');
INSERT INTO REF_TERM_NAME_TBL (REF_TERM_ID, LANG_CS, TERM_NAME, CRT_PROV_ID) VALUES (x'A7D8769A4E3A544B9242BD0456B95CBE', 'en', 'federal sales tax', x'76A0DCFA90366E4AAF9EF1CD68E8C7E8');
INSERT INTO REF_TERM_NAME_TBL (REF_TERM_ID, LANG_CS, TERM_NAME, CRT_PROV_ID) VALUES (x'5B15C0AFA7D25742ADE1BA2B2071C231', 'en', 'harmonized sales Tax', x'76A0DCFA90366E4AAF9EF1CD68E8C7E8');
INSERT INTO REF_TERM_NAME_TBL (REF_TERM_ID, LANG_CS, TERM_NAME, CRT_PROV_ID) VALUES (x'60D403793913444C8017C3191F14F664', 'en', 'provincial/state sales tax', x'76A0DCFA90366E4AAF9EF1CD68E8C7E8');
INSERT INTO REF_TERM_NAME_TBL (REF_TERM_ID, LANG_CS, TERM_NAME, CRT_PROV_ID) VALUES (x'C48E46A43A24D742AEBC4D4908ECE836', 'en', 'adjud. nullified prior-period electronic amount', x'76A0DCFA90366E4AAF9EF1CD68E8C7E8');
INSERT INTO REF_TERM_NAME_TBL (REF_TERM_ID, LANG_CS, TERM_NAME, CRT_PROV_ID) VALUES (x'DCB1E271F75254418836636818BD3EB5', 'en', 'adjud. nullified prior-period electronic count', x'76A0DCFA90366E4AAF9EF1CD68E8C7E8');
INSERT INTO REF_TERM_NAME_TBL (REF_TERM_ID, LANG_CS, TERM_NAME, CRT_PROV_ID) VALUES (x'76A62F749D158A489398113D2FD4E5FD', 'en', 'adjud. nullified prior-period manual amount', x'76A0DCFA90366E4AAF9EF1CD68E8C7E8');
INSERT INTO REF_TERM_NAME_TBL (REF_TERM_ID, LANG_CS, TERM_NAME, CRT_PROV_ID) VALUES (x'E38BE3089D6147498BDED79026CF0511', 'en', 'adjud. nullified prior-period manual count', x'76A0DCFA90366E4AAF9EF1CD68E8C7E8');
INSERT INTO REF_TERM_NAME_TBL (REF_TERM_ID, LANG_CS, TERM_NAME, CRT_PROV_ID) VALUES (x'5C3D00A7A4404A458FABB6884B8C0ABE', 'en', 'adjud. nullified same-period electronic amount', x'76A0DCFA90366E4AAF9EF1CD68E8C7E8');
INSERT INTO REF_TERM_NAME_TBL (REF_TERM_ID, LANG_CS, TERM_NAME, CRT_PROV_ID) VALUES (x'AA35F75D67B4194A8AC952FEDBB964D1', 'en', 'adjud. nullified same-period electronic count', x'76A0DCFA90366E4AAF9EF1CD68E8C7E8');
INSERT INTO REF_TERM_NAME_TBL (REF_TERM_ID, LANG_CS, TERM_NAME, CRT_PROV_ID) VALUES (x'8AB68F0D6E56684CB893893ED8B4A737', 'en', 'adjud. nullified same-period manual amount', x'76A0DCFA90366E4AAF9EF1CD68E8C7E8');
INSERT INTO REF_TERM_NAME_TBL (REF_TERM_ID, LANG_CS, TERM_NAME, CRT_PROV_ID) VALUES (x'77C95A3030462041A558909ACF65E5D3', 'en', 'adjud. nullified same-period manual count', x'76A0DCFA90366E4AAF9EF1CD68E8C7E8');
INSERT INTO REF_TERM_NAME_TBL (REF_TERM_ID, LANG_CS, TERM_NAME, CRT_PROV_ID) VALUES (x'27DAC33365F6F140B510667600259EFC', 'en', 'adjud. non-payee payable prior-period electronic amount', x'76A0DCFA90366E4AAF9EF1CD68E8C7E8');
INSERT INTO REF_TERM_NAME_TBL (REF_TERM_ID, LANG_CS, TERM_NAME, CRT_PROV_ID) VALUES (x'CC1B4DB7D53D60419DBB5FA8D2CA0694', 'en', 'adjud. non-payee payable prior-period electronic count', x'76A0DCFA90366E4AAF9EF1CD68E8C7E8');
INSERT INTO REF_TERM_NAME_TBL (REF_TERM_ID, LANG_CS, TERM_NAME, CRT_PROV_ID) VALUES (x'55BD1DE5A721F44B80D89C5DBCC1D332', 'en', 'adjud. non-payee payable prior-period manual amount', x'76A0DCFA90366E4AAF9EF1CD68E8C7E8');
INSERT INTO REF_TERM_NAME_TBL (REF_TERM_ID, LANG_CS, TERM_NAME, CRT_PROV_ID) VALUES (x'0596541D11285A4AA0EBC8789910DD2F', 'en', 'adjud. non-payee payable prior-period manual count', x'76A0DCFA90366E4AAF9EF1CD68E8C7E8');
INSERT INTO REF_TERM_NAME_TBL (REF_TERM_ID, LANG_CS, TERM_NAME, CRT_PROV_ID) VALUES (x'14EE0A9AB003A64290FA4347776349F6', 'en', 'adjud. non-payee payable same-period electronic amount', x'76A0DCFA90366E4AAF9EF1CD68E8C7E8');
INSERT INTO REF_TERM_NAME_TBL (REF_TERM_ID, LANG_CS, TERM_NAME, CRT_PROV_ID) VALUES (x'75662F5AA4710B46B3FCB868F06552D7', 'en', 'adjud. non-payee payable same-period electronic count', x'76A0DCFA90366E4AAF9EF1CD68E8C7E8');
INSERT INTO REF_TERM_NAME_TBL (REF_TERM_ID, LANG_CS, TERM_NAME, CRT_PROV_ID) VALUES (x'475183EFC274AC408DFA32C7153A15A8', 'en', 'adjud. non-payee payable same-period manual amount', x'76A0DCFA90366E4AAF9EF1CD68E8C7E8');
INSERT INTO REF_TERM_NAME_TBL (REF_TERM_ID, LANG_CS, TERM_NAME, CRT_PROV_ID) VALUES (x'403FA27970EFA148906886577B465C29', 'en', 'adjud. non-payee payable same-period manual count', x'76A0DCFA90366E4AAF9EF1CD68E8C7E8');
INSERT INTO REF_TERM_NAME_TBL (REF_TERM_ID, LANG_CS, TERM_NAME, CRT_PROV_ID) VALUES (x'433AF1E00817DE4A9EDD791B05397A53', 'en', 'adjud. payee payable prior-period electronic amount', x'76A0DCFA90366E4AAF9EF1CD68E8C7E8');
INSERT INTO REF_TERM_NAME_TBL (REF_TERM_ID, LANG_CS, TERM_NAME, CRT_PROV_ID) VALUES (x'E4758AEB9230D94C9394805F8AA9D51D', 'en', 'adjud. payee payable prior-period electronic count', x'76A0DCFA90366E4AAF9EF1CD68E8C7E8');
INSERT INTO REF_TERM_NAME_TBL (REF_TERM_ID, LANG_CS, TERM_NAME, CRT_PROV_ID) VALUES (x'E7C7DDB74C514C4F90C96EDD65628612', 'en', 'adjud. payee payable prior-period manual amout', x'76A0DCFA90366E4AAF9EF1CD68E8C7E8');
INSERT INTO REF_TERM_NAME_TBL (REF_TERM_ID, LANG_CS, TERM_NAME, CRT_PROV_ID) VALUES (x'095E3F1CE9CCF84AACEF3F6AEBE6CF34', 'en', 'adjud. payee payable prior-period manual count', x'76A0DCFA90366E4AAF9EF1CD68E8C7E8');
INSERT INTO REF_TERM_NAME_TBL (REF_TERM_ID, LANG_CS, TERM_NAME, CRT_PROV_ID) VALUES (x'DEB4E2A8FD576D48B808D4E4808BA20D', 'en', 'adjud. payee payable same-period electronic amount', x'76A0DCFA90366E4AAF9EF1CD68E8C7E8');
INSERT INTO REF_TERM_NAME_TBL (REF_TERM_ID, LANG_CS, TERM_NAME, CRT_PROV_ID) VALUES (x'EB7FD510C4DAAF4DBEAC08B86F8EE700', 'en', 'adjud. payee payable same-period electronic count', x'76A0DCFA90366E4AAF9EF1CD68E8C7E8');
INSERT INTO REF_TERM_NAME_TBL (REF_TERM_ID, LANG_CS, TERM_NAME, CRT_PROV_ID) VALUES (x'6A75D471638CEA40858161DBA54AA484', 'en', 'adjud. payee payable same-period manual amount', x'76A0DCFA90366E4AAF9EF1CD68E8C7E8');
INSERT INTO REF_TERM_NAME_TBL (REF_TERM_ID, LANG_CS, TERM_NAME, CRT_PROV_ID) VALUES (x'F9A41E8A10F7244B82101BCEA5815330', 'en', 'adjud. payee payable same-period manual count', x'76A0DCFA90366E4AAF9EF1CD68E8C7E8');
INSERT INTO REF_TERM_NAME_TBL (REF_TERM_ID, LANG_CS, TERM_NAME, CRT_PROV_ID) VALUES (x'DC84F2263520BB4EAED88D531054CAE9', 'en', 'adjud. refused prior-period electronic amount', x'76A0DCFA90366E4AAF9EF1CD68E8C7E8');
INSERT INTO REF_TERM_NAME_TBL (REF_TERM_ID, LANG_CS, TERM_NAME, CRT_PROV_ID) VALUES (x'C46AB18558CD3A4A89E62017B18783DF', 'en', 'adjud. refused prior-period electronic count', x'76A0DCFA90366E4AAF9EF1CD68E8C7E8');
INSERT INTO REF_TERM_NAME_TBL (REF_TERM_ID, LANG_CS, TERM_NAME, CRT_PROV_ID) VALUES (x'6FE7E38E2CEC464BB8CE5C2D1BE58FBF', 'en', 'adjud. refused prior-period manual amount', x'76A0DCFA90366E4AAF9EF1CD68E8C7E8');
INSERT INTO REF_TERM_NAME_TBL (REF_TERM_ID, LANG_CS, TERM_NAME, CRT_PROV_ID) VALUES (x'4CFE240F7A1E914A95CE9BE09638C2A5', 'en', 'adjud. refused prior-period manual count', x'76A0DCFA90366E4AAF9EF1CD68E8C7E8');
INSERT INTO REF_TERM_NAME_TBL (REF_TERM_ID, LANG_CS, TERM_NAME, CRT_PROV_ID) VALUES (x'D07FAB167D676642AB10B33C24F43E19', 'en', 'adjud. refused same-period electronic amount', x'76A0DCFA90366E4AAF9EF1CD68E8C7E8');
INSERT INTO REF_TERM_NAME_TBL (REF_TERM_ID, LANG_CS, TERM_NAME, CRT_PROV_ID) VALUES (x'2467FD0D1163BE4AB87653DAA2275AC1', 'en', 'adjud. refused same-period electronic count', x'76A0DCFA90366E4AAF9EF1CD68E8C7E8');
INSERT INTO REF_TERM_NAME_TBL (REF_TERM_ID, LANG_CS, TERM_NAME, CRT_PROV_ID) VALUES (x'4A8C95EB4233FC4183DB1916AE8D870E', 'en', 'adjud. refused same-period manual amount', x'76A0DCFA90366E4AAF9EF1CD68E8C7E8');
INSERT INTO REF_TERM_NAME_TBL (REF_TERM_ID, LANG_CS, TERM_NAME, CRT_PROV_ID) VALUES (x'8D506880BC9EBF45A5353D31952E0EE9', 'en', 'adjud. refused same-period manual count', x'76A0DCFA90366E4AAF9EF1CD68E8C7E8');
INSERT INTO REF_TERM_NAME_TBL (REF_TERM_ID, LANG_CS, TERM_NAME, CRT_PROV_ID) VALUES (x'E9E36922C7B96D439A6DC0EE4FE0A4FF', 'en', 'paid nullified prior-period electronic amount', x'76A0DCFA90366E4AAF9EF1CD68E8C7E8');
INSERT INTO REF_TERM_NAME_TBL (REF_TERM_ID, LANG_CS, TERM_NAME, CRT_PROV_ID) VALUES (x'9889A7183FBFEC43843712CFC3132972', 'en', 'paid nullified prior-period electronic count', x'76A0DCFA90366E4AAF9EF1CD68E8C7E8');
INSERT INTO REF_TERM_NAME_TBL (REF_TERM_ID, LANG_CS, TERM_NAME, CRT_PROV_ID) VALUES (x'CBDCEA30DAE3394287E8CEE633CCAF61', 'en', 'paid nullified prior-period manual amount', x'76A0DCFA90366E4AAF9EF1CD68E8C7E8');
INSERT INTO REF_TERM_NAME_TBL (REF_TERM_ID, LANG_CS, TERM_NAME, CRT_PROV_ID) VALUES (x'67A40CEE425D5D48995225A20DF854F4', 'en', 'paid nullified prior-period manual count', x'76A0DCFA90366E4AAF9EF1CD68E8C7E8');
INSERT INTO REF_TERM_NAME_TBL (REF_TERM_ID, LANG_CS, TERM_NAME, CRT_PROV_ID) VALUES (x'6845D3B14E5B744F9B4CF7463E229C47', 'en', 'paid nullified same-period electronic amount', x'76A0DCFA90366E4AAF9EF1CD68E8C7E8');
INSERT INTO REF_TERM_NAME_TBL (REF_TERM_ID, LANG_CS, TERM_NAME, CRT_PROV_ID) VALUES (x'DC4BB22146ECB34BAAE544BE6E3A748C', 'en', 'paid nullified same-period electronic count', x'76A0DCFA90366E4AAF9EF1CD68E8C7E8');
INSERT INTO REF_TERM_NAME_TBL (REF_TERM_ID, LANG_CS, TERM_NAME, CRT_PROV_ID) VALUES (x'9FF21580B6A0C5439C78DFA4CF416CBB', 'en', 'paid nullified same-period manual amount', x'76A0DCFA90366E4AAF9EF1CD68E8C7E8');
INSERT INTO REF_TERM_NAME_TBL (REF_TERM_ID, LANG_CS, TERM_NAME, CRT_PROV_ID) VALUES (x'25D706633180FC408E140B5A01030B6D', 'en', 'paid nullified same-period manual count', x'76A0DCFA90366E4AAF9EF1CD68E8C7E8');
INSERT INTO REF_TERM_NAME_TBL (REF_TERM_ID, LANG_CS, TERM_NAME, CRT_PROV_ID) VALUES (x'668912466BBE0B4782990E7CD67DCA06', 'en', 'paid non-payee payable prior-period electronic amount', x'76A0DCFA90366E4AAF9EF1CD68E8C7E8');
INSERT INTO REF_TERM_NAME_TBL (REF_TERM_ID, LANG_CS, TERM_NAME, CRT_PROV_ID) VALUES (x'2AF06813F4C27541AA48A3806ECA662C', 'en', 'paid non-payee payable prior-period electronic count', x'76A0DCFA90366E4AAF9EF1CD68E8C7E8');
INSERT INTO REF_TERM_NAME_TBL (REF_TERM_ID, LANG_CS, TERM_NAME, CRT_PROV_ID) VALUES (x'81E918AE7A25A14481A46E15B240BD96', 'en', 'paid non-payee payable prior-period manual amount', x'76A0DCFA90366E4AAF9EF1CD68E8C7E8');
INSERT INTO REF_TERM_NAME_TBL (REF_TERM_ID, LANG_CS, TERM_NAME, CRT_PROV_ID) VALUES (x'4D3DB7B7E7606846B0E231B547A8E3FF', 'en', 'paid non-payee payable prior-period manual count', x'76A0DCFA90366E4AAF9EF1CD68E8C7E8');
INSERT INTO REF_TERM_NAME_TBL (REF_TERM_ID, LANG_CS, TERM_NAME, CRT_PROV_ID) VALUES (x'87CBB6AC97E29A489F0A8E71DFA8E06B', 'en', 'paid non-payee payable same-period electronic amount', x'76A0DCFA90366E4AAF9EF1CD68E8C7E8');
INSERT INTO REF_TERM_NAME_TBL (REF_TERM_ID, LANG_CS, TERM_NAME, CRT_PROV_ID) VALUES (x'E40EB8A562DBDC45B61DFC56BBD66F85', 'en', 'paid non-payee payable same-period electronic count', x'76A0DCFA90366E4AAF9EF1CD68E8C7E8');
INSERT INTO REF_TERM_NAME_TBL (REF_TERM_ID, LANG_CS, TERM_NAME, CRT_PROV_ID) VALUES (x'ADD1B3107BC72242BAE712C846AFC462', 'en', 'paid non-payee payable same-period manual amount', x'76A0DCFA90366E4AAF9EF1CD68E8C7E8');
INSERT INTO REF_TERM_NAME_TBL (REF_TERM_ID, LANG_CS, TERM_NAME, CRT_PROV_ID) VALUES (x'846976ED5FB91248AFFA66BFD47CE023', 'en', 'paid non-payee payable same-period manual count', x'76A0DCFA90366E4AAF9EF1CD68E8C7E8');
INSERT INTO REF_TERM_NAME_TBL (REF_TERM_ID, LANG_CS, TERM_NAME, CRT_PROV_ID) VALUES (x'F88836E2B20E5C4E84A98DB838301574', 'en', 'paid payee payable prior-period electronic amount', x'76A0DCFA90366E4AAF9EF1CD68E8C7E8');
INSERT INTO REF_TERM_NAME_TBL (REF_TERM_ID, LANG_CS, TERM_NAME, CRT_PROV_ID) VALUES (x'4AB9534E1292C54BA341914AD879C6EE', 'en', 'paid payee payable prior-period electronic count', x'76A0DCFA90366E4AAF9EF1CD68E8C7E8');
INSERT INTO REF_TERM_NAME_TBL (REF_TERM_ID, LANG_CS, TERM_NAME, CRT_PROV_ID) VALUES (x'8469F7F578B6164381F957CF7E857453', 'en', 'paid payee payable prior-period manual amount', x'76A0DCFA90366E4AAF9EF1CD68E8C7E8');
INSERT INTO REF_TERM_NAME_TBL (REF_TERM_ID, LANG_CS, TERM_NAME, CRT_PROV_ID) VALUES (x'A33F5693F2D148428B9E6362BF49F6DC', 'en', 'paid payee payable prior-period manual count', x'76A0DCFA90366E4AAF9EF1CD68E8C7E8');
INSERT INTO REF_TERM_NAME_TBL (REF_TERM_ID, LANG_CS, TERM_NAME, CRT_PROV_ID) VALUES (x'3BDC085BE69E2F45BF934C6BFD17B1EA', 'en', 'paid payee payable same-period electronic amount', x'76A0DCFA90366E4AAF9EF1CD68E8C7E8');
INSERT INTO REF_TERM_NAME_TBL (REF_TERM_ID, LANG_CS, TERM_NAME, CRT_PROV_ID) VALUES (x'C95C0918629EB849B96AAF5A063935A6', 'en', 'paid payee payable same-period electronic count', x'76A0DCFA90366E4AAF9EF1CD68E8C7E8');
INSERT INTO REF_TERM_NAME_TBL (REF_TERM_ID, LANG_CS, TERM_NAME, CRT_PROV_ID) VALUES (x'E2AED8E1D4626E41983F81E006198CD3', 'en', 'paid payee payable same-period manual amount', x'76A0DCFA90366E4AAF9EF1CD68E8C7E8');
INSERT INTO REF_TERM_NAME_TBL (REF_TERM_ID, LANG_CS, TERM_NAME, CRT_PROV_ID) VALUES (x'545C7E93184B0B4EAAA906E97260B96C', 'en', 'paid payee payable same-period manual count', x'76A0DCFA90366E4AAF9EF1CD68E8C7E8');
INSERT INTO REF_TERM_NAME_TBL (REF_TERM_ID, LANG_CS, TERM_NAME, CRT_PROV_ID) VALUES (x'8FCDAAA3B63955448F1C5232DE05AB56', 'en', 'submitted billed electronic amount', x'76A0DCFA90366E4AAF9EF1CD68E8C7E8');
INSERT INTO REF_TERM_NAME_TBL (REF_TERM_ID, LANG_CS, TERM_NAME, CRT_PROV_ID) VALUES (x'71E166F70DAC294ABA7DD6B308E214DE', 'en', 'submitted billed electronic count', x'76A0DCFA90366E4AAF9EF1CD68E8C7E8');
INSERT INTO REF_TERM_NAME_TBL (REF_TERM_ID, LANG_CS, TERM_NAME, CRT_PROV_ID) VALUES (x'8AF1B0BE37567549BF9CAECD89E7813D', 'en', 'submitted nullified electronic amount', x'76A0DCFA90366E4AAF9EF1CD68E8C7E8');
INSERT INTO REF_TERM_NAME_TBL (REF_TERM_ID, LANG_CS, TERM_NAME, CRT_PROV_ID) VALUES (x'384B1B379F070E4ABC6E8239C84CADFC', 'en', 'submitted cancelled electronic count', x'76A0DCFA90366E4AAF9EF1CD68E8C7E8');
INSERT INTO REF_TERM_NAME_TBL (REF_TERM_ID, LANG_CS, TERM_NAME, CRT_PROV_ID) VALUES (x'3C2BE8D51E845840A6135A04B111B3A1', 'en', 'submitted pending electronic amount', x'76A0DCFA90366E4AAF9EF1CD68E8C7E8');
INSERT INTO REF_TERM_NAME_TBL (REF_TERM_ID, LANG_CS, TERM_NAME, CRT_PROV_ID) VALUES (x'D55A9ABDEB5E3545B98B57529C53E9F3', 'en', 'submitted pending electronic count', x'76A0DCFA90366E4AAF9EF1CD68E8C7E8');
INSERT INTO REF_TERM_NAME_TBL (REF_TERM_ID, LANG_CS, TERM_NAME, CRT_PROV_ID) VALUES (x'7779D80F71C39A4080293392ADF03AD0', 'en', 'clinical product invoice', x'76A0DCFA90366E4AAF9EF1CD68E8C7E8');
INSERT INTO REF_TERM_NAME_TBL (REF_TERM_ID, LANG_CS, TERM_NAME, CRT_PROV_ID) VALUES (x'31B906AB7EB42B4BBD6B7D02C7D7C836', 'en', 'compound drug invoice group', x'76A0DCFA90366E4AAF9EF1CD68E8C7E8');
INSERT INTO REF_TERM_NAME_TBL (REF_TERM_ID, LANG_CS, TERM_NAME, CRT_PROV_ID) VALUES (x'231288614FB2654CBC766EC3D7EFDB78', 'en', 'compound ingredient invoice group', x'76A0DCFA90366E4AAF9EF1CD68E8C7E8');
INSERT INTO REF_TERM_NAME_TBL (REF_TERM_ID, LANG_CS, TERM_NAME, CRT_PROV_ID) VALUES (x'6BE8B9D2F1143B4AAAB7005F1E3A3392', 'en', 'compound supply invoice group', x'76A0DCFA90366E4AAF9EF1CD68E8C7E8');
INSERT INTO REF_TERM_NAME_TBL (REF_TERM_ID, LANG_CS, TERM_NAME, CRT_PROV_ID) VALUES (x'80F482D55EA70D4A9E07753C9F6571A8', 'en', 'clinical service invoice', x'76A0DCFA90366E4AAF9EF1CD68E8C7E8');
INSERT INTO REF_TERM_NAME_TBL (REF_TERM_ID, LANG_CS, TERM_NAME, CRT_PROV_ID) VALUES (x'9966E9D48817AF41ACA345EE0C005AB4', 'en', 'clinical service and product', x'76A0DCFA90366E4AAF9EF1CD68E8C7E8');
INSERT INTO REF_TERM_NAME_TBL (REF_TERM_ID, LANG_CS, TERM_NAME, CRT_PROV_ID) VALUES (x'F5BB843E64DDEE41951D56A4CF89E967', 'en', 'drug invoice group', x'76A0DCFA90366E4AAF9EF1CD68E8C7E8');
INSERT INTO REF_TERM_NAME_TBL (REF_TERM_ID, LANG_CS, TERM_NAME, CRT_PROV_ID) VALUES (x'A8E335AD7E33A344B4E5DADBDB292BCA', 'en', 'financial invoice', x'76A0DCFA90366E4AAF9EF1CD68E8C7E8');
INSERT INTO REF_TERM_NAME_TBL (REF_TERM_ID, LANG_CS, TERM_NAME, CRT_PROV_ID) VALUES (x'F4DC80CBA04D6347BCB8F57AA2C5538C', 'en', 'frame invoice group', x'76A0DCFA90366E4AAF9EF1CD68E8C7E8');
INSERT INTO REF_TERM_NAME_TBL (REF_TERM_ID, LANG_CS, TERM_NAME, CRT_PROV_ID) VALUES (x'22D3E0BB31A1FA4A8150D9EF9ED41D1F', 'en', 'lens invoice group', x'76A0DCFA90366E4AAF9EF1CD68E8C7E8');
INSERT INTO REF_TERM_NAME_TBL (REF_TERM_ID, LANG_CS, TERM_NAME, CRT_PROV_ID) VALUES (x'93FF0B3BECFC2741A6320FC760C9834D', 'en', 'oral health service', x'76A0DCFA90366E4AAF9EF1CD68E8C7E8');
INSERT INTO REF_TERM_NAME_TBL (REF_TERM_ID, LANG_CS, TERM_NAME, CRT_PROV_ID) VALUES (x'BB83DCDCE3B20349B84ED47CA04F4EA2', 'en', 'preferred accommodation invoice', x'76A0DCFA90366E4AAF9EF1CD68E8C7E8');
INSERT INTO REF_TERM_NAME_TBL (REF_TERM_ID, LANG_CS, TERM_NAME, CRT_PROV_ID) VALUES (x'B72E4CA9B7885C41B4A8AC5702FECC33', 'en', 'product invoice group', x'76A0DCFA90366E4AAF9EF1CD68E8C7E8');
INSERT INTO REF_TERM_NAME_TBL (REF_TERM_ID, LANG_CS, TERM_NAME, CRT_PROV_ID) VALUES (x'49775108D366EE4999FE17B64FE60AC7', 'en', 'Rx compound invoice', x'76A0DCFA90366E4AAF9EF1CD68E8C7E8');
INSERT INTO REF_TERM_NAME_TBL (REF_TERM_ID, LANG_CS, TERM_NAME, CRT_PROV_ID) VALUES (x'52C15339CAD87543ADD6F76F9F12E683', 'en', 'Rx dispense invoice', x'76A0DCFA90366E4AAF9EF1CD68E8C7E8');
INSERT INTO REF_TERM_NAME_TBL (REF_TERM_ID, LANG_CS, TERM_NAME, CRT_PROV_ID) VALUES (x'79F5DAD666D3EF40ADAD21887F9EBAD3', 'en', 'sessional or block fee invoice', x'76A0DCFA90366E4AAF9EF1CD68E8C7E8');
INSERT INTO REF_TERM_NAME_TBL (REF_TERM_ID, LANG_CS, TERM_NAME, CRT_PROV_ID) VALUES (x'55D67FD7DCF46449BF52AAA7DB116CB4', 'en', 'vision dispense invoice', x'76A0DCFA90366E4AAF9EF1CD68E8C7E8');
INSERT INTO REF_TERM_NAME_TBL (REF_TERM_ID, LANG_CS, TERM_NAME, CRT_PROV_ID) VALUES (x'1911DE26D2D2F149B7B62329FF23D49E', 'en', 'Booster Immunization', x'76A0DCFA90366E4AAF9EF1CD68E8C7E8');
INSERT INTO REF_TERM_NAME_TBL (REF_TERM_ID, LANG_CS, TERM_NAME, CRT_PROV_ID) VALUES (x'9736E551EB64C74CA548CF603881046A', 'en', 'drug therapy', x'76A0DCFA90366E4AAF9EF1CD68E8C7E8');
INSERT INTO REF_TERM_NAME_TBL (REF_TERM_ID, LANG_CS, TERM_NAME, CRT_PROV_ID) VALUES (x'19CECC8AE3D2494F986EEB2E2D7785A2', 'en', 'immunization', x'76A0DCFA90366E4AAF9EF1CD68E8C7E8');
INSERT INTO REF_TERM_NAME_TBL (REF_TERM_ID, LANG_CS, TERM_NAME, CRT_PROV_ID) VALUES (x'CC4F5F194EEE3241BA6D222FB86CF4E7', 'en', 'Initial Immunization', x'76A0DCFA90366E4AAF9EF1CD68E8C7E8');
INSERT INTO REF_TERM_NAME_TBL (REF_TERM_ID, LANG_CS, TERM_NAME, CRT_PROV_ID) VALUES (x'842E83BC1F49FA41A53A46770CD2697D', 'en', 'female', x'76A0DCFA90366E4AAF9EF1CD68E8C7E8');
INSERT INTO REF_TERM_NAME_TBL (REF_TERM_ID, LANG_CS, TERM_NAME, CRT_PROV_ID) VALUES (x'7DAE5A50F6160046917289E0CA36A3C1', 'en', 'male', x'76A0DCFA90366E4AAF9EF1CD68E8C7E8');
INSERT INTO REF_TERM_NAME_TBL (REF_TERM_ID, LANG_CS, TERM_NAME, CRT_PROV_ID) VALUES (x'A751E8D67E2D634C81DCEFEF7D12E9A1', 'en', 'undifferentiated', x'76A0DCFA90366E4AAF9EF1CD68E8C7E8');
INSERT INTO REF_TERM_NAME_TBL (REF_TERM_ID, LANG_CS, TERM_NAME, CRT_PROV_ID) VALUES (x'81DA55FE44DFC743AA189283FFC38362', 'en', 'aunt', x'76A0DCFA90366E4AAF9EF1CD68E8C7E8');
INSERT INTO REF_TERM_NAME_TBL (REF_TERM_ID, LANG_CS, TERM_NAME, CRT_PROV_ID) VALUES (x'1A2B38D8202C484098C036CCA22DB74B', 'en', 'Brother', x'76A0DCFA90366E4AAF9EF1CD68E8C7E8');
INSERT INTO REF_TERM_NAME_TBL (REF_TERM_ID, LANG_CS, TERM_NAME, CRT_PROV_ID) VALUES (x'77F9352A360A8C468EDCF8A742450170', 'en', 'brother-in-law', x'76A0DCFA90366E4AAF9EF1CD68E8C7E8');
INSERT INTO REF_TERM_NAME_TBL (REF_TERM_ID, LANG_CS, TERM_NAME, CRT_PROV_ID) VALUES (x'0CE9AF6152D7CF42A8D05A928C97B38C', 'en', 'Child', x'76A0DCFA90366E4AAF9EF1CD68E8C7E8');
INSERT INTO REF_TERM_NAME_TBL (REF_TERM_ID, LANG_CS, TERM_NAME, CRT_PROV_ID) VALUES (x'0D07E7B1884BFD45BCCCEFF7316C15D9', 'en', 'adopted child', x'76A0DCFA90366E4AAF9EF1CD68E8C7E8');
INSERT INTO REF_TERM_NAME_TBL (REF_TERM_ID, LANG_CS, TERM_NAME, CRT_PROV_ID) VALUES (x'62A7635F93479D4F826E87612A6A2BBE', 'en', 'foster child', x'76A0DCFA90366E4AAF9EF1CD68E8C7E8');
INSERT INTO REF_TERM_NAME_TBL (REF_TERM_ID, LANG_CS, TERM_NAME, CRT_PROV_ID) VALUES (x'6D8D74A39CCC8646ACBAA0946E758AB5', 'en', 'child in-law', x'76A0DCFA90366E4AAF9EF1CD68E8C7E8');
INSERT INTO REF_TERM_NAME_TBL (REF_TERM_ID, LANG_CS, TERM_NAME, CRT_PROV_ID) VALUES (x'66974A35E5C87A4BBD6C4440D9E9E389', 'en', 'cousin', x'76A0DCFA90366E4AAF9EF1CD68E8C7E8');
INSERT INTO REF_TERM_NAME_TBL (REF_TERM_ID, LANG_CS, TERM_NAME, CRT_PROV_ID) VALUES (x'6201CA402BC18B4597D6FBC386E6FCC1', 'en', 'natural daughter', x'76A0DCFA90366E4AAF9EF1CD68E8C7E8');
INSERT INTO REF_TERM_NAME_TBL (REF_TERM_ID, LANG_CS, TERM_NAME, CRT_PROV_ID) VALUES (x'0F0793118C3D264B9D7D8EF3D69CEB92', 'en', 'adopted daughter', x'76A0DCFA90366E4AAF9EF1CD68E8C7E8');
INSERT INTO REF_TERM_NAME_TBL (REF_TERM_ID, LANG_CS, TERM_NAME, CRT_PROV_ID) VALUES (x'0F7122E19FE3EC40BE486972B1356046', 'en', 'Daughter', x'76A0DCFA90366E4AAF9EF1CD68E8C7E8');
INSERT INTO REF_TERM_NAME_TBL (REF_TERM_ID, LANG_CS, TERM_NAME, CRT_PROV_ID) VALUES (x'E0AEDC337614794C80A496A6E6F720E3', 'en', 'foster daughter', x'76A0DCFA90366E4AAF9EF1CD68E8C7E8');
INSERT INTO REF_TERM_NAME_TBL (REF_TERM_ID, LANG_CS, TERM_NAME, CRT_PROV_ID) VALUES (x'846CCA93D53E554CAFCD8BDB1B7689E7', 'en', 'daughter in-law', x'76A0DCFA90366E4AAF9EF1CD68E8C7E8');
INSERT INTO REF_TERM_NAME_TBL (REF_TERM_ID, LANG_CS, TERM_NAME, CRT_PROV_ID) VALUES (x'FC35A5D863E46445A4FE9AE7A94DDDBE', 'en', 'domestic partner', x'76A0DCFA90366E4AAF9EF1CD68E8C7E8');
INSERT INTO REF_TERM_NAME_TBL (REF_TERM_ID, LANG_CS, TERM_NAME, CRT_PROV_ID) VALUES (x'C0CC3543E40C7645934FE9EB1377E726', 'en', 'Family Member', x'76A0DCFA90366E4AAF9EF1CD68E8C7E8');
INSERT INTO REF_TERM_NAME_TBL (REF_TERM_ID, LANG_CS, TERM_NAME, CRT_PROV_ID) VALUES (x'84009C870AA3554EB3EB9CDB302CAAD3', 'en', 'Father', x'76A0DCFA90366E4AAF9EF1CD68E8C7E8');
INSERT INTO REF_TERM_NAME_TBL (REF_TERM_ID, LANG_CS, TERM_NAME, CRT_PROV_ID) VALUES (x'838483B8C7DC434EA6E563823B37D5DA', 'en', 'father-in-law', x'76A0DCFA90366E4AAF9EF1CD68E8C7E8');
INSERT INTO REF_TERM_NAME_TBL (REF_TERM_ID, LANG_CS, TERM_NAME, CRT_PROV_ID) VALUES (x'3BA1C630B09F864984D68AFFF8FE4E02', 'en', 'great grandfather', x'76A0DCFA90366E4AAF9EF1CD68E8C7E8');
INSERT INTO REF_TERM_NAME_TBL (REF_TERM_ID, LANG_CS, TERM_NAME, CRT_PROV_ID) VALUES (x'7E00B8E1652E0245A5B8B0D8E6242147', 'en', 'great grandmother', x'76A0DCFA90366E4AAF9EF1CD68E8C7E8');
INSERT INTO REF_TERM_NAME_TBL (REF_TERM_ID, LANG_CS, TERM_NAME, CRT_PROV_ID) VALUES (x'7F82FAF0E19D99419F4DE90D69B3F24F', 'en', 'great grandparent', x'76A0DCFA90366E4AAF9EF1CD68E8C7E8');
INSERT INTO REF_TERM_NAME_TBL (REF_TERM_ID, LANG_CS, TERM_NAME, CRT_PROV_ID) VALUES (x'B2613E47F683144189C6D556846E45DA', 'en', 'Grandfather', x'76A0DCFA90366E4AAF9EF1CD68E8C7E8');
INSERT INTO REF_TERM_NAME_TBL (REF_TERM_ID, LANG_CS, TERM_NAME, CRT_PROV_ID) VALUES (x'66C259C48F6E3349B39CD55450F32341', 'en', 'Grandmother', x'76A0DCFA90366E4AAF9EF1CD68E8C7E8');
INSERT INTO REF_TERM_NAME_TBL (REF_TERM_ID, LANG_CS, TERM_NAME, CRT_PROV_ID) VALUES (x'5CDF43E0D9B5B644BD4CD4901ACCB63C', 'en', 'grandchild', x'76A0DCFA90366E4AAF9EF1CD68E8C7E8');
INSERT INTO REF_TERM_NAME_TBL (REF_TERM_ID, LANG_CS, TERM_NAME, CRT_PROV_ID) VALUES (x'F8D6E1AE8E87094288DF4E06D8A453A4', 'en', 'granddaughter', x'76A0DCFA90366E4AAF9EF1CD68E8C7E8');
INSERT INTO REF_TERM_NAME_TBL (REF_TERM_ID, LANG_CS, TERM_NAME, CRT_PROV_ID) VALUES (x'7B9254357E35CC4180341D25CCAF1F9C', 'en', 'grandson', x'76A0DCFA90366E4AAF9EF1CD68E8C7E8');
INSERT INTO REF_TERM_NAME_TBL (REF_TERM_ID, LANG_CS, TERM_NAME, CRT_PROV_ID) VALUES (x'4963F7E7535945498A6291781C612367', 'en', 'Grandparent', x'76A0DCFA90366E4AAF9EF1CD68E8C7E8');
INSERT INTO REF_TERM_NAME_TBL (REF_TERM_ID, LANG_CS, TERM_NAME, CRT_PROV_ID) VALUES (x'8F6E0C11C6A795468A3CFB100B116920', 'en', 'half-brother', x'76A0DCFA90366E4AAF9EF1CD68E8C7E8');
INSERT INTO REF_TERM_NAME_TBL (REF_TERM_ID, LANG_CS, TERM_NAME, CRT_PROV_ID) VALUES (x'D04E5C8277C8EB4BB679A5968B81E29F', 'en', 'half-sibling', x'76A0DCFA90366E4AAF9EF1CD68E8C7E8');
INSERT INTO REF_TERM_NAME_TBL (REF_TERM_ID, LANG_CS, TERM_NAME, CRT_PROV_ID) VALUES (x'BD73583C1490394290624C2C1C3E852E', 'en', 'half-sister', x'76A0DCFA90366E4AAF9EF1CD68E8C7E8');
INSERT INTO REF_TERM_NAME_TBL (REF_TERM_ID, LANG_CS, TERM_NAME, CRT_PROV_ID) VALUES (x'0A3951C8AE50374A8ECF6938B31D1620', 'en', 'husband', x'76A0DCFA90366E4AAF9EF1CD68E8C7E8');
INSERT INTO REF_TERM_NAME_TBL (REF_TERM_ID, LANG_CS, TERM_NAME, CRT_PROV_ID) VALUES (x'7B93278FC1754943B641E7D08B064A0E', 'en', 'MaternalAunt', x'76A0DCFA90366E4AAF9EF1CD68E8C7E8');
INSERT INTO REF_TERM_NAME_TBL (REF_TERM_ID, LANG_CS, TERM_NAME, CRT_PROV_ID) VALUES (x'20506F4373049645AA081EF19BEDB905', 'en', 'MaternalCousin', x'76A0DCFA90366E4AAF9EF1CD68E8C7E8');
INSERT INTO REF_TERM_NAME_TBL (REF_TERM_ID, LANG_CS, TERM_NAME, CRT_PROV_ID) VALUES (x'51FDEE55820A8F41A3DD80E1282313D2', 'en', 'MaternalGreatgrandfather', x'76A0DCFA90366E4AAF9EF1CD68E8C7E8');
INSERT INTO REF_TERM_NAME_TBL (REF_TERM_ID, LANG_CS, TERM_NAME, CRT_PROV_ID) VALUES (x'63975D99B1A0C54B90AA4656F3787116', 'en', 'MaternalGreatgrandmother', x'76A0DCFA90366E4AAF9EF1CD68E8C7E8');
INSERT INTO REF_TERM_NAME_TBL (REF_TERM_ID, LANG_CS, TERM_NAME, CRT_PROV_ID) VALUES (x'69CBCC3DF5007A40B272640342C4F625', 'en', 'MaternalGreatgrandparent', x'76A0DCFA90366E4AAF9EF1CD68E8C7E8');
INSERT INTO REF_TERM_NAME_TBL (REF_TERM_ID, LANG_CS, TERM_NAME, CRT_PROV_ID) VALUES (x'CFD09AF9139A6D4388A8C98255272ED0', 'en', 'MaternalGrandfather', x'76A0DCFA90366E4AAF9EF1CD68E8C7E8');
INSERT INTO REF_TERM_NAME_TBL (REF_TERM_ID, LANG_CS, TERM_NAME, CRT_PROV_ID) VALUES (x'B72F15EA1812F04B87E45D88EC76F8A1', 'en', 'MaternalGrandmother', x'76A0DCFA90366E4AAF9EF1CD68E8C7E8');
INSERT INTO REF_TERM_NAME_TBL (REF_TERM_ID, LANG_CS, TERM_NAME, CRT_PROV_ID) VALUES (x'C7A91ECFC288374AB3D1FF54403AA9C9', 'en', 'MaternalGrandparent', x'76A0DCFA90366E4AAF9EF1CD68E8C7E8');
INSERT INTO REF_TERM_NAME_TBL (REF_TERM_ID, LANG_CS, TERM_NAME, CRT_PROV_ID) VALUES (x'561DE4EC15692443922CF85178DB8F65', 'en', 'Mother', x'76A0DCFA90366E4AAF9EF1CD68E8C7E8');
INSERT INTO REF_TERM_NAME_TBL (REF_TERM_ID, LANG_CS, TERM_NAME, CRT_PROV_ID) VALUES (x'F6F197BA498A88478F544AA84BFC6139', 'en', 'mother-in-law', x'76A0DCFA90366E4AAF9EF1CD68E8C7E8');
INSERT INTO REF_TERM_NAME_TBL (REF_TERM_ID, LANG_CS, TERM_NAME, CRT_PROV_ID) VALUES (x'8050675F48C75046B4A14D798B324128', 'en', 'MaternalUncle', x'76A0DCFA90366E4AAF9EF1CD68E8C7E8');
INSERT INTO REF_TERM_NAME_TBL (REF_TERM_ID, LANG_CS, TERM_NAME, CRT_PROV_ID) VALUES (x'FFD4E5B3ABCD544A89DD3721539313C2', 'en', 'natural brother', x'76A0DCFA90366E4AAF9EF1CD68E8C7E8');
INSERT INTO REF_TERM_NAME_TBL (REF_TERM_ID, LANG_CS, TERM_NAME, CRT_PROV_ID) VALUES (x'BB93A686F8F24A4FA522C06EB63EEC3C', 'en', 'natural child', x'76A0DCFA90366E4AAF9EF1CD68E8C7E8');
INSERT INTO REF_TERM_NAME_TBL (REF_TERM_ID, LANG_CS, TERM_NAME, CRT_PROV_ID) VALUES (x'FB0228595B5C1945975B262454D669D5', 'en', 'nephew', x'76A0DCFA90366E4AAF9EF1CD68E8C7E8');
INSERT INTO REF_TERM_NAME_TBL (REF_TERM_ID, LANG_CS, TERM_NAME, CRT_PROV_ID) VALUES (x'42C2F1BF6797A643BEF028596435046C', 'en', 'natural father', x'76A0DCFA90366E4AAF9EF1CD68E8C7E8');
INSERT INTO REF_TERM_NAME_TBL (REF_TERM_ID, LANG_CS, TERM_NAME, CRT_PROV_ID) VALUES (x'D8C3670353349C4B958960DD4BA6AE09', 'en', 'natural father of fetus', x'76A0DCFA90366E4AAF9EF1CD68E8C7E8');
INSERT INTO REF_TERM_NAME_TBL (REF_TERM_ID, LANG_CS, TERM_NAME, CRT_PROV_ID) VALUES (x'4C87A3D54581444B980B0C35A7E47AA5', 'en', 'niece', x'76A0DCFA90366E4AAF9EF1CD68E8C7E8');
INSERT INTO REF_TERM_NAME_TBL (REF_TERM_ID, LANG_CS, TERM_NAME, CRT_PROV_ID) VALUES (x'98701A5BA53D7748880F935D2EF73E15', 'en', 'niece/nephew', x'76A0DCFA90366E4AAF9EF1CD68E8C7E8');
INSERT INTO REF_TERM_NAME_TBL (REF_TERM_ID, LANG_CS, TERM_NAME, CRT_PROV_ID) VALUES (x'2A351AF14BCAB142B0DCC2F3C04C8E29', 'en', 'natural mother', x'76A0DCFA90366E4AAF9EF1CD68E8C7E8');
INSERT INTO REF_TERM_NAME_TBL (REF_TERM_ID, LANG_CS, TERM_NAME, CRT_PROV_ID) VALUES (x'5F4CEC1B04EA98438A56C18425DE229E', 'en', 'natural parent', x'76A0DCFA90366E4AAF9EF1CD68E8C7E8');
INSERT INTO REF_TERM_NAME_TBL (REF_TERM_ID, LANG_CS, TERM_NAME, CRT_PROV_ID) VALUES (x'59DD1992D4275B40953607097D5E7B8F', 'en', 'natural sibling', x'76A0DCFA90366E4AAF9EF1CD68E8C7E8');
INSERT INTO REF_TERM_NAME_TBL (REF_TERM_ID, LANG_CS, TERM_NAME, CRT_PROV_ID) VALUES (x'EC7733CEFEF669449C2D44E7A8B4FADD', 'en', 'natural sister', x'76A0DCFA90366E4AAF9EF1CD68E8C7E8');
INSERT INTO REF_TERM_NAME_TBL (REF_TERM_ID, LANG_CS, TERM_NAME, CRT_PROV_ID) VALUES (x'2569A91FC92F8C4F8777D355550928DC', 'en', 'PaternalAunt', x'76A0DCFA90366E4AAF9EF1CD68E8C7E8');
INSERT INTO REF_TERM_NAME_TBL (REF_TERM_ID, LANG_CS, TERM_NAME, CRT_PROV_ID) VALUES (x'119E8D975AEF5A4C835F7BAE6A1EB7FF', 'en', 'PaternalCousin', x'76A0DCFA90366E4AAF9EF1CD68E8C7E8');
INSERT INTO REF_TERM_NAME_TBL (REF_TERM_ID, LANG_CS, TERM_NAME, CRT_PROV_ID) VALUES (x'872D3497D919ED4F84CC98326864CCFE', 'en', 'PaternalGreatgrandfather', x'76A0DCFA90366E4AAF9EF1CD68E8C7E8');
INSERT INTO REF_TERM_NAME_TBL (REF_TERM_ID, LANG_CS, TERM_NAME, CRT_PROV_ID) VALUES (x'9C39F424904F014785F028CF4A46B141', 'en', 'PaternalGreatgrandmother', x'76A0DCFA90366E4AAF9EF1CD68E8C7E8');
INSERT INTO REF_TERM_NAME_TBL (REF_TERM_ID, LANG_CS, TERM_NAME, CRT_PROV_ID) VALUES (x'6D3CE0E93CA90A458BCBA09815E8BB11', 'en', 'PaternalGreatgrandparent', x'76A0DCFA90366E4AAF9EF1CD68E8C7E8');
INSERT INTO REF_TERM_NAME_TBL (REF_TERM_ID, LANG_CS, TERM_NAME, CRT_PROV_ID) VALUES (x'2B4AC8ED02E48F469D4E864A36B2C143', 'en', 'PaternalGrandfather', x'76A0DCFA90366E4AAF9EF1CD68E8C7E8');
INSERT INTO REF_TERM_NAME_TBL (REF_TERM_ID, LANG_CS, TERM_NAME, CRT_PROV_ID) VALUES (x'E5EF624F1922B244A34765748D36560D', 'en', 'PaternalGrandmother', x'76A0DCFA90366E4AAF9EF1CD68E8C7E8');
INSERT INTO REF_TERM_NAME_TBL (REF_TERM_ID, LANG_CS, TERM_NAME, CRT_PROV_ID) VALUES (x'7218B750F06F1A4C8902177CF765B264', 'en', 'PaternalGrandparent', x'76A0DCFA90366E4AAF9EF1CD68E8C7E8');
INSERT INTO REF_TERM_NAME_TBL (REF_TERM_ID, LANG_CS, TERM_NAME, CRT_PROV_ID) VALUES (x'602F0180D0295E43A2E8999E87C6D603', 'en', 'Parent', x'76A0DCFA90366E4AAF9EF1CD68E8C7E8');
INSERT INTO REF_TERM_NAME_TBL (REF_TERM_ID, LANG_CS, TERM_NAME, CRT_PROV_ID) VALUES (x'203AE3A351003B4AA66CBF394CE77369', 'en', 'parent in-law', x'76A0DCFA90366E4AAF9EF1CD68E8C7E8');
INSERT INTO REF_TERM_NAME_TBL (REF_TERM_ID, LANG_CS, TERM_NAME, CRT_PROV_ID) VALUES (x'5DBAE28925E1034A8369EACF75AA7741', 'en', 'PaternalUncle', x'76A0DCFA90366E4AAF9EF1CD68E8C7E8');
INSERT INTO REF_TERM_NAME_TBL (REF_TERM_ID, LANG_CS, TERM_NAME, CRT_PROV_ID) VALUES (x'52DD1FF8CB10154E82288DB4B4B612A2', 'en', 'Roomate', x'76A0DCFA90366E4AAF9EF1CD68E8C7E8');
INSERT INTO REF_TERM_NAME_TBL (REF_TERM_ID, LANG_CS, TERM_NAME, CRT_PROV_ID) VALUES (x'A3568F036951F94EBE2EA1A439427F01', 'en', 'Sibling', x'76A0DCFA90366E4AAF9EF1CD68E8C7E8');
INSERT INTO REF_TERM_NAME_TBL (REF_TERM_ID, LANG_CS, TERM_NAME, CRT_PROV_ID) VALUES (x'56A330342F8DE14D9AEE921CF64E45FF', 'en', 'sibling in-law', x'76A0DCFA90366E4AAF9EF1CD68E8C7E8');
INSERT INTO REF_TERM_NAME_TBL (REF_TERM_ID, LANG_CS, TERM_NAME, CRT_PROV_ID) VALUES (x'A7834EC966A5B44FBFC5EF18434FC5D0', 'en', 'significant other', x'76A0DCFA90366E4AAF9EF1CD68E8C7E8');
INSERT INTO REF_TERM_NAME_TBL (REF_TERM_ID, LANG_CS, TERM_NAME, CRT_PROV_ID) VALUES (x'D97DCC6257AFB74EA425667B631975A1', 'en', 'Sister', x'76A0DCFA90366E4AAF9EF1CD68E8C7E8');
INSERT INTO REF_TERM_NAME_TBL (REF_TERM_ID, LANG_CS, TERM_NAME, CRT_PROV_ID) VALUES (x'4384DA23A494254DB76E5C02B380E081', 'en', 'sister-in-law', x'76A0DCFA90366E4AAF9EF1CD68E8C7E8');
INSERT INTO REF_TERM_NAME_TBL (REF_TERM_ID, LANG_CS, TERM_NAME, CRT_PROV_ID) VALUES (x'5EF76BCA5B900248849CE4BE95FE97FC', 'en', 'natural son', x'76A0DCFA90366E4AAF9EF1CD68E8C7E8');
INSERT INTO REF_TERM_NAME_TBL (REF_TERM_ID, LANG_CS, TERM_NAME, CRT_PROV_ID) VALUES (x'56F50DA753DD034D941417A1AEEDF2DF', 'en', 'adopted son', x'76A0DCFA90366E4AAF9EF1CD68E8C7E8');
INSERT INTO REF_TERM_NAME_TBL (REF_TERM_ID, LANG_CS, TERM_NAME, CRT_PROV_ID) VALUES (x'4D211F497FA45940A340ED7FC06D9920', 'en', 'Son', x'76A0DCFA90366E4AAF9EF1CD68E8C7E8');
INSERT INTO REF_TERM_NAME_TBL (REF_TERM_ID, LANG_CS, TERM_NAME, CRT_PROV_ID) VALUES (x'B90448BE4A030F4E91CABFC74988B41B', 'en', 'foster son', x'76A0DCFA90366E4AAF9EF1CD68E8C7E8');
INSERT INTO REF_TERM_NAME_TBL (REF_TERM_ID, LANG_CS, TERM_NAME, CRT_PROV_ID) VALUES (x'50EF9B4A9B07E147B694A3614EA6F71F', 'en', 'son in-law', x'76A0DCFA90366E4AAF9EF1CD68E8C7E8');
INSERT INTO REF_TERM_NAME_TBL (REF_TERM_ID, LANG_CS, TERM_NAME, CRT_PROV_ID) VALUES (x'7FF917F2C3BD0E43B5DE086C2C52DBD0', 'en', 'spouse', x'76A0DCFA90366E4AAF9EF1CD68E8C7E8');
INSERT INTO REF_TERM_NAME_TBL (REF_TERM_ID, LANG_CS, TERM_NAME, CRT_PROV_ID) VALUES (x'39E8BEFACD47164F9A1CA6F66782FE0E', 'en', 'stepbrother', x'76A0DCFA90366E4AAF9EF1CD68E8C7E8');
INSERT INTO REF_TERM_NAME_TBL (REF_TERM_ID, LANG_CS, TERM_NAME, CRT_PROV_ID) VALUES (x'AEEF914EEC950D4786B2A3A5202B651A', 'en', 'step child', x'76A0DCFA90366E4AAF9EF1CD68E8C7E8');
INSERT INTO REF_TERM_NAME_TBL (REF_TERM_ID, LANG_CS, TERM_NAME, CRT_PROV_ID) VALUES (x'923C7E89B1EF9B468014ACA72B90ED3D', 'en', 'stepdaughter', x'76A0DCFA90366E4AAF9EF1CD68E8C7E8');
INSERT INTO REF_TERM_NAME_TBL (REF_TERM_ID, LANG_CS, TERM_NAME, CRT_PROV_ID) VALUES (x'10A95C162C6AA24FB5111D004DE75A7B', 'en', 'stepfather', x'76A0DCFA90366E4AAF9EF1CD68E8C7E8');
INSERT INTO REF_TERM_NAME_TBL (REF_TERM_ID, LANG_CS, TERM_NAME, CRT_PROV_ID) VALUES (x'3FB55A466B613142891548DDA5EE3F3B', 'en', 'stepmother', x'76A0DCFA90366E4AAF9EF1CD68E8C7E8');
INSERT INTO REF_TERM_NAME_TBL (REF_TERM_ID, LANG_CS, TERM_NAME, CRT_PROV_ID) VALUES (x'33B7683A35A62F49BC39558913C8B348', 'en', 'step parent', x'76A0DCFA90366E4AAF9EF1CD68E8C7E8');
INSERT INTO REF_TERM_NAME_TBL (REF_TERM_ID, LANG_CS, TERM_NAME, CRT_PROV_ID) VALUES (x'0CDDD83BA1DC544EA40275193E75461D', 'en', 'step sibling', x'76A0DCFA90366E4AAF9EF1CD68E8C7E8');
INSERT INTO REF_TERM_NAME_TBL (REF_TERM_ID, LANG_CS, TERM_NAME, CRT_PROV_ID) VALUES (x'63B84F8C0C09A74EB315FAAFB1718A3E', 'en', 'stepsister', x'76A0DCFA90366E4AAF9EF1CD68E8C7E8');
INSERT INTO REF_TERM_NAME_TBL (REF_TERM_ID, LANG_CS, TERM_NAME, CRT_PROV_ID) VALUES (x'E5F888D3AB18D94391847DD3502093B9', 'en', 'stepson', x'76A0DCFA90366E4AAF9EF1CD68E8C7E8');
INSERT INTO REF_TERM_NAME_TBL (REF_TERM_ID, LANG_CS, TERM_NAME, CRT_PROV_ID) VALUES (x'2975FCB97DE48049A44181F0392EABCB', 'en', 'uncle', x'76A0DCFA90366E4AAF9EF1CD68E8C7E8');
INSERT INTO REF_TERM_NAME_TBL (REF_TERM_ID, LANG_CS, TERM_NAME, CRT_PROV_ID) VALUES (x'1997B3BD0B83784DB0B6D76CB645695D', 'en', 'wife', x'76A0DCFA90366E4AAF9EF1CD68E8C7E8');
INSERT INTO REF_TERM_NAME_TBL (REF_TERM_ID, LANG_CS, TERM_NAME, CRT_PROV_ID) VALUES (x'CF14084E6FF60B4098AAB69DE7D24B99', 'en', 'representative half-life', x'76A0DCFA90366E4AAF9EF1CD68E8C7E8');
INSERT INTO REF_TERM_NAME_TBL (REF_TERM_ID, LANG_CS, TERM_NAME, CRT_PROV_ID) VALUES (x'18EC358CF620EA4494DB2D209373A5D3', 'en', 'coating', x'76A0DCFA90366E4AAF9EF1CD68E8C7E8');
INSERT INTO REF_TERM_NAME_TBL (REF_TERM_ID, LANG_CS, TERM_NAME, CRT_PROV_ID) VALUES (x'E1A8C0FD4132BD4B939032F2F30DFBB4', 'en', 'color', x'76A0DCFA90366E4AAF9EF1CD68E8C7E8');
INSERT INTO REF_TERM_NAME_TBL (REF_TERM_ID, LANG_CS, TERM_NAME, CRT_PROV_ID) VALUES (x'A42F2F0F2664C24889A9D406F8004A94', 'en', 'image', x'76A0DCFA90366E4AAF9EF1CD68E8C7E8');
INSERT INTO REF_TERM_NAME_TBL (REF_TERM_ID, LANG_CS, TERM_NAME, CRT_PROV_ID) VALUES (x'9610CD3A4EF67542A5B9271E9A4EEE28', 'en', 'imprint code', x'76A0DCFA90366E4AAF9EF1CD68E8C7E8');
INSERT INTO REF_TERM_NAME_TBL (REF_TERM_ID, LANG_CS, TERM_NAME, CRT_PROV_ID) VALUES (x'30878CA4E4706C4FBB4ABF4A5AAE0A20', 'en', 'scoring', x'76A0DCFA90366E4AAF9EF1CD68E8C7E8');
INSERT INTO REF_TERM_NAME_TBL (REF_TERM_ID, LANG_CS, TERM_NAME, CRT_PROV_ID) VALUES (x'959C60520D96EC45835153E378ADE473', 'en', 'shape', x'76A0DCFA90366E4AAF9EF1CD68E8C7E8');
INSERT INTO REF_TERM_NAME_TBL (REF_TERM_ID, LANG_CS, TERM_NAME, CRT_PROV_ID) VALUES (x'87E59A53D70E6D448E481B3735E6C423', 'en', 'size', x'76A0DCFA90366E4AAF9EF1CD68E8C7E8');
INSERT INTO REF_TERM_NAME_TBL (REF_TERM_ID, LANG_CS, TERM_NAME, CRT_PROV_ID) VALUES (x'124831FB331D4B4184B1DD7B1A16D770', 'en', 'symbol', x'76A0DCFA90366E4AAF9EF1CD68E8C7E8');

-- Concept Reference Terms
INSERT INTO CD_NAME_TBL (CD_ID, EFFT_VRSN_SEQ_ID, LANG_CS, VAL) SELECT x'A160D9BB5338134BB62AD768F93A08C5', VRSN_SEQ_ID, 'en', 'Clinical Document' FROM CD_VRSN_TBL WHERE CD_ID = x'A160D9BB5338134BB62AD768F93A08C5' AND OBSLT_UTC IS NULL;
INSERT INTO CD_NAME_TBL (CD_ID, EFFT_VRSN_SEQ_ID, LANG_CS, VAL) SELECT x'CF2C6C84025B3F4BBEB43D69CE7830DD', VRSN_SEQ_ID, 'en', 'Consumable' FROM CD_VRSN_TBL WHERE CD_ID = x'CF2C6C84025B3F4BBEB43D69CE7830DD' AND OBSLT_UTC IS NULL;
INSERT INTO CD_NAME_TBL (CD_ID, EFFT_VRSN_SEQ_ID, LANG_CS, VAL) SELECT x'34A64B0F0751AB4E965825BE293CD831', VRSN_SEQ_ID, 'en', 'Document' FROM CD_VRSN_TBL WHERE CD_ID = x'34A64B0F0751AB4E965825BE293CD831' AND OBSLT_UTC IS NULL;
INSERT INTO CD_NAME_TBL (CD_ID, EFFT_VRSN_SEQ_ID, LANG_CS, VAL) SELECT x'B4F7572565E46549B016766F192131AB', VRSN_SEQ_ID, 'en', 'Document body' FROM CD_VRSN_TBL WHERE CD_ID = x'B4F7572565E46549B016766F192131AB' AND OBSLT_UTC IS NULL;
INSERT INTO CD_NAME_TBL (CD_ID, EFFT_VRSN_SEQ_ID, LANG_CS, VAL) SELECT x'7FC4984BA5EA2C47A2C697DDDC0CB68C', VRSN_SEQ_ID, 'en', 'Document section' FROM CD_VRSN_TBL WHERE CD_ID = x'7FC4984BA5EA2C47A2C697DDDC0CB68C' AND OBSLT_UTC IS NULL;
INSERT INTO CD_NAME_TBL (CD_ID, EFFT_VRSN_SEQ_ID, LANG_CS, VAL) SELECT x'1921B5540917984089115DF6D6C84140', VRSN_SEQ_ID, 'en', 'Encounter' FROM CD_VRSN_TBL WHERE CD_ID = x'1921B5540917984089115DF6D6C84140' AND OBSLT_UTC IS NULL;
INSERT INTO CD_NAME_TBL (CD_ID, EFFT_VRSN_SEQ_ID, LANG_CS, VAL) SELECT x'D3B684BE6D447E4EB35D2925F9F93434', VRSN_SEQ_ID, 'en', 'Case' FROM CD_VRSN_TBL WHERE CD_ID = x'D3B684BE6D447E4EB35D2925F9F93434' AND OBSLT_UTC IS NULL;
INSERT INTO CD_NAME_TBL (CD_ID, EFFT_VRSN_SEQ_ID, LANG_CS, VAL) SELECT x'3CC58719B87A61449EBC0D428744A8C0', VRSN_SEQ_ID, 'en', 'Condition' FROM CD_VRSN_TBL WHERE CD_ID = x'3CC58719B87A61449EBC0D428744A8C0' AND OBSLT_UTC IS NULL;
INSERT INTO CD_NAME_TBL (CD_ID, EFFT_VRSN_SEQ_ID, LANG_CS, VAL) SELECT x'2C64A94354A0DF459BEE99274B4635CD', VRSN_SEQ_ID, 'en', 'General' FROM CD_VRSN_TBL WHERE CD_ID = x'2C64A94354A0DF459BEE99274B4635CD' AND OBSLT_UTC IS NULL;
INSERT INTO CD_NAME_TBL (CD_ID, EFFT_VRSN_SEQ_ID, LANG_CS, VAL) SELECT x'4A9B61578A2C7446A7FC8E4F9AEB4903', VRSN_SEQ_ID, 'en', 'left lateral decubitus' FROM CD_VRSN_TBL WHERE CD_ID = x'4A9B61578A2C7446A7FC8E4F9AEB4903' AND OBSLT_UTC IS NULL;
INSERT INTO CD_NAME_TBL (CD_ID, EFFT_VRSN_SEQ_ID, LANG_CS, VAL) SELECT x'C622D0288B8AC4479E6A2BC67308739E', VRSN_SEQ_ID, 'en', 'Observation' FROM CD_VRSN_TBL WHERE CD_ID = x'C622D0288B8AC4479E6A2BC67308739E' AND OBSLT_UTC IS NULL;
INSERT INTO CD_NAME_TBL (CD_ID, EFFT_VRSN_SEQ_ID, LANG_CS, VAL) SELECT x'93228E11460F784B8252AB078AFB32D3', VRSN_SEQ_ID, 'en', 'OBSSER' FROM CD_VRSN_TBL WHERE CD_ID = x'93228E11460F784B8252AB078AFB32D3' AND OBSLT_UTC IS NULL;
INSERT INTO CD_NAME_TBL (CD_ID, EFFT_VRSN_SEQ_ID, LANG_CS, VAL) SELECT x'769E8240EC330C42AE79C9B9DC5A3481', VRSN_SEQ_ID, 'en', 'Position' FROM CD_VRSN_TBL WHERE CD_ID = x'769E8240EC330C42AE79C9B9DC5A3481' AND OBSLT_UTC IS NULL;
INSERT INTO CD_NAME_TBL (CD_ID, EFFT_VRSN_SEQ_ID, LANG_CS, VAL) SELECT x'A1E30408E6ABFB4B9AD35484F170D181', VRSN_SEQ_ID, 'en', 'prone' FROM CD_VRSN_TBL WHERE CD_ID = x'A1E30408E6ABFB4B9AD35484F170D181' AND OBSLT_UTC IS NULL;
INSERT INTO CD_NAME_TBL (CD_ID, EFFT_VRSN_SEQ_ID, LANG_CS, VAL) SELECT x'A98DC5807C910B45843FDE21E4AE41A9', VRSN_SEQ_ID, 'en', 'right lateral decubitus' FROM CD_VRSN_TBL WHERE CD_ID = x'A98DC5807C910B45843FDE21E4AE41A9' AND OBSLT_UTC IS NULL;
INSERT INTO CD_NAME_TBL (CD_ID, EFFT_VRSN_SEQ_ID, LANG_CS, VAL) SELECT x'B04A302233B14A49AD304D9170176F99', VRSN_SEQ_ID, 'en', 'Semi-Fowler''s' FROM CD_VRSN_TBL WHERE CD_ID = x'B04A302233B14A49AD304D9170176F99' AND OBSLT_UTC IS NULL;
INSERT INTO CD_NAME_TBL (CD_ID, EFFT_VRSN_SEQ_ID, LANG_CS, VAL) SELECT x'902E7E48ABC29346B1902C4E2F0E7CEC', VRSN_SEQ_ID, 'en', 'sitting' FROM CD_VRSN_TBL WHERE CD_ID = x'902E7E48ABC29346B1902C4E2F0E7CEC' AND OBSLT_UTC IS NULL;
INSERT INTO CD_NAME_TBL (CD_ID, EFFT_VRSN_SEQ_ID, LANG_CS, VAL) SELECT x'9D2BE27C62E07C44A92171E690EBD5CF', VRSN_SEQ_ID, 'en', 'standing' FROM CD_VRSN_TBL WHERE CD_ID = x'9D2BE27C62E07C44A92171E690EBD5CF' AND OBSLT_UTC IS NULL;
INSERT INTO CD_NAME_TBL (CD_ID, EFFT_VRSN_SEQ_ID, LANG_CS, VAL) SELECT x'1FD338EC87A121499FB6FF9D227E9E9C', VRSN_SEQ_ID, 'en', 'supine' FROM CD_VRSN_TBL WHERE CD_ID = x'1FD338EC87A121499FB6FF9D227E9E9C' AND OBSLT_UTC IS NULL;
INSERT INTO CD_NAME_TBL (CD_ID, EFFT_VRSN_SEQ_ID, LANG_CS, VAL) SELECT x'C62F6BBC4265EC4B96EB8573A606DBB4', VRSN_SEQ_ID, 'en', 'reverse trendelenburg' FROM CD_VRSN_TBL WHERE CD_ID = x'C62F6BBC4265EC4B96EB8573A606DBB4' AND OBSLT_UTC IS NULL;
INSERT INTO CD_NAME_TBL (CD_ID, EFFT_VRSN_SEQ_ID, LANG_CS, VAL) SELECT x'7B4194AB1A0D464C8D556C3FBA04ED7E', VRSN_SEQ_ID, 'en', 'trendelenburg' FROM CD_VRSN_TBL WHERE CD_ID = x'7B4194AB1A0D464C8D556C3FBA04ED7E' AND OBSLT_UTC IS NULL;
INSERT INTO CD_NAME_TBL (CD_ID, EFFT_VRSN_SEQ_ID, LANG_CS, VAL) SELECT x'9E9ED082129BDD47ACBA0557CC025BD7', VRSN_SEQ_ID, 'en', 'overlay ROI' FROM CD_VRSN_TBL WHERE CD_ID = x'9E9ED082129BDD47ACBA0557CC025BD7' AND OBSLT_UTC IS NULL;
INSERT INTO CD_NAME_TBL (CD_ID, EFFT_VRSN_SEQ_ID, LANG_CS, VAL) SELECT x'7E3C2A9377AD0A458A1F030FC2855450', VRSN_SEQ_ID, 'en', 'Substance administration' FROM CD_VRSN_TBL WHERE CD_ID = x'7E3C2A9377AD0A458A1F030FC2855450' AND OBSLT_UTC IS NULL;
INSERT INTO CD_NAME_TBL (CD_ID, EFFT_VRSN_SEQ_ID, LANG_CS, VAL) SELECT x'4F9864A0479880448BEADDDF64B3C77C', VRSN_SEQ_ID, 'en', 'Supply' FROM CD_VRSN_TBL WHERE CD_ID = x'4F9864A0479880448BEADDDF64B3C77C' AND OBSLT_UTC IS NULL;
INSERT INTO CD_NAME_TBL (CD_ID, EFFT_VRSN_SEQ_ID, LANG_CS, VAL) SELECT x'EA0EA773CD066548A5F7F010E33BA4F3', VRSN_SEQ_ID, 'en', 'ambulatory' FROM CD_VRSN_TBL WHERE CD_ID = x'EA0EA773CD066548A5F7F010E33BA4F3' AND OBSLT_UTC IS NULL;
INSERT INTO CD_NAME_TBL (CD_ID, EFFT_VRSN_SEQ_ID, LANG_CS, VAL) SELECT x'4D047FB4C8A9654A9F84D99D913BEB97', VRSN_SEQ_ID, 'en', 'emergency' FROM CD_VRSN_TBL WHERE CD_ID = x'4D047FB4C8A9654A9F84D99D913BEB97' AND OBSLT_UTC IS NULL;
INSERT INTO CD_NAME_TBL (CD_ID, EFFT_VRSN_SEQ_ID, LANG_CS, VAL) SELECT x'181FA621C51FC047A235721D2F965E33', VRSN_SEQ_ID, 'en', 'field' FROM CD_VRSN_TBL WHERE CD_ID = x'181FA621C51FC047A235721D2F965E33' AND OBSLT_UTC IS NULL;
INSERT INTO CD_NAME_TBL (CD_ID, EFFT_VRSN_SEQ_ID, LANG_CS, VAL) SELECT x'9F408FF3923E6B4EB8FDB2ABC7E6C177', VRSN_SEQ_ID, 'en', 'home health' FROM CD_VRSN_TBL WHERE CD_ID = x'9F408FF3923E6B4EB8FDB2ABC7E6C177' AND OBSLT_UTC IS NULL;
INSERT INTO CD_NAME_TBL (CD_ID, EFFT_VRSN_SEQ_ID, LANG_CS, VAL) SELECT x'AA49AEFDCB6FAE409653744E87FDD692', VRSN_SEQ_ID, 'en', 'inpatient encounter' FROM CD_VRSN_TBL WHERE CD_ID = x'AA49AEFDCB6FAE409653744E87FDD692' AND OBSLT_UTC IS NULL;
INSERT INTO CD_NAME_TBL (CD_ID, EFFT_VRSN_SEQ_ID, LANG_CS, VAL) SELECT x'6AF1139662F9274C8489B78AEBD7E2EC', VRSN_SEQ_ID, 'en', 'inpatient acute' FROM CD_VRSN_TBL WHERE CD_ID = x'6AF1139662F9274C8489B78AEBD7E2EC' AND OBSLT_UTC IS NULL;
INSERT INTO CD_NAME_TBL (CD_ID, EFFT_VRSN_SEQ_ID, LANG_CS, VAL) SELECT x'0CF4C2904E7860428B9166BB032D3652', VRSN_SEQ_ID, 'en', 'inpatient non-acute' FROM CD_VRSN_TBL WHERE CD_ID = x'0CF4C2904E7860428B9166BB032D3652' AND OBSLT_UTC IS NULL;
INSERT INTO CD_NAME_TBL (CD_ID, EFFT_VRSN_SEQ_ID, LANG_CS, VAL) SELECT x'50E6761A4202404B9267BF3A5B386C96', VRSN_SEQ_ID, 'en', 'short stay' FROM CD_VRSN_TBL WHERE CD_ID = x'50E6761A4202404B9267BF3A5B386C96' AND OBSLT_UTC IS NULL;
INSERT INTO CD_NAME_TBL (CD_ID, EFFT_VRSN_SEQ_ID, LANG_CS, VAL) SELECT x'C923505A539A4F4FA9B25938C71041E7', VRSN_SEQ_ID, 'en', 'virtual' FROM CD_VRSN_TBL WHERE CD_ID = x'C923505A539A4F4FA9B25938C71041E7' AND OBSLT_UTC IS NULL;
INSERT INTO CD_NAME_TBL (CD_ID, EFFT_VRSN_SEQ_ID, LANG_CS, VAL) SELECT x'9C0C4A7A1CCF3A42987ED2A5717AC74E', VRSN_SEQ_ID, 'en', 'Event (critereon)' FROM CD_VRSN_TBL WHERE CD_ID = x'9C0C4A7A1CCF3A42987ED2A5717AC74E' AND OBSLT_UTC IS NULL;
INSERT INTO CD_NAME_TBL (CD_ID, EFFT_VRSN_SEQ_ID, LANG_CS, VAL) SELECT x'1F5474ECC4872743A4B997F325501747', VRSN_SEQ_ID, 'en', 'event (occurrence)' FROM CD_VRSN_TBL WHERE CD_ID = x'1F5474ECC4872743A4B997F325501747' AND OBSLT_UTC IS NULL;
INSERT INTO CD_NAME_TBL (CD_ID, EFFT_VRSN_SEQ_ID, LANG_CS, VAL) SELECT x'704089296BA7EF478C16D84E0ACD9EA6', VRSN_SEQ_ID, 'en', 'Authenticates' FROM CD_VRSN_TBL WHERE CD_ID = x'704089296BA7EF478C16D84E0ACD9EA6' AND OBSLT_UTC IS NULL;
INSERT INTO CD_NAME_TBL (CD_ID, EFFT_VRSN_SEQ_ID, LANG_CS, VAL) SELECT x'BC426564E4728B48BBF4865D452E62EC', VRSN_SEQ_ID, 'en', 'Fulfills' FROM CD_VRSN_TBL WHERE CD_ID = x'BC426564E4728B48BBF4865D452E62EC' AND OBSLT_UTC IS NULL;
INSERT INTO CD_NAME_TBL (CD_ID, EFFT_VRSN_SEQ_ID, LANG_CS, VAL) SELECT x'0F54B9788B436F4B8D83AAF4979DBC64', VRSN_SEQ_ID, 'en', 'has component' FROM CD_VRSN_TBL WHERE CD_ID = x'0F54B9788B436F4B8D83AAF4979DBC64' AND OBSLT_UTC IS NULL;
INSERT INTO CD_NAME_TBL (CD_ID, EFFT_VRSN_SEQ_ID, LANG_CS, VAL) SELECT x'0C59FE26843674459359057FDD06BA61', VRSN_SEQ_ID, 'en', 'arrival' FROM CD_VRSN_TBL WHERE CD_ID = x'0C59FE26843674459359057FDD06BA61' AND OBSLT_UTC IS NULL;
INSERT INTO CD_NAME_TBL (CD_ID, EFFT_VRSN_SEQ_ID, LANG_CS, VAL) SELECT x'6881F685432A3245BC79191FA0B47C8B', VRSN_SEQ_ID, 'en', 'has control variable' FROM CD_VRSN_TBL WHERE CD_ID = x'6881F685432A3245BC79191FA0B47C8B' AND OBSLT_UTC IS NULL;
INSERT INTO CD_NAME_TBL (CD_ID, EFFT_VRSN_SEQ_ID, LANG_CS, VAL) SELECT x'DC1CC82856CA924CB691094E89630642', VRSN_SEQ_ID, 'en', 'departure' FROM CD_VRSN_TBL WHERE CD_ID = x'DC1CC82856CA924CB691094E89630642' AND OBSLT_UTC IS NULL;
INSERT INTO CD_NAME_TBL (CD_ID, EFFT_VRSN_SEQ_ID, LANG_CS, VAL) SELECT x'C00F285A268C9141B204B1B1E4E19462', VRSN_SEQ_ID, 'en', 'has pre-condition' FROM CD_VRSN_TBL WHERE CD_ID = x'C00F285A268C9141B204B1B1E4E19462' AND OBSLT_UTC IS NULL;
INSERT INTO CD_NAME_TBL (CD_ID, EFFT_VRSN_SEQ_ID, LANG_CS, VAL) SELECT x'1D8A4899976D13408C91DED6AD3B8E89', VRSN_SEQ_ID, 'en', 'REFV' FROM CD_VRSN_TBL WHERE CD_ID = x'1D8A4899976D13408C91DED6AD3B8E89' AND OBSLT_UTC IS NULL;
INSERT INTO CD_NAME_TBL (CD_ID, EFFT_VRSN_SEQ_ID, LANG_CS, VAL) SELECT x'25D3E407B9637D48A22C9B194C09A6BA', VRSN_SEQ_ID, 'en', 'Argentine Peso' FROM CD_VRSN_TBL WHERE CD_ID = x'25D3E407B9637D48A22C9B194C09A6BA' AND OBSLT_UTC IS NULL;
INSERT INTO CD_NAME_TBL (CD_ID, EFFT_VRSN_SEQ_ID, LANG_CS, VAL) SELECT x'17A7B1C3D074E34A830CEFDDCC57BB92', VRSN_SEQ_ID, 'en', 'Australian Dollar' FROM CD_VRSN_TBL WHERE CD_ID = x'17A7B1C3D074E34A830CEFDDCC57BB92' AND OBSLT_UTC IS NULL;
INSERT INTO CD_NAME_TBL (CD_ID, EFFT_VRSN_SEQ_ID, LANG_CS, VAL) SELECT x'A8C8D4167657344CB189018D236F1CB6', VRSN_SEQ_ID, 'en', 'Brazilian Real' FROM CD_VRSN_TBL WHERE CD_ID = x'A8C8D4167657344CB189018D236F1CB6' AND OBSLT_UTC IS NULL;
INSERT INTO CD_NAME_TBL (CD_ID, EFFT_VRSN_SEQ_ID, LANG_CS, VAL) SELECT x'BBE62A80B8311A409D409CE3C3DA227C', VRSN_SEQ_ID, 'en', 'Canadian Dollar' FROM CD_VRSN_TBL WHERE CD_ID = x'BBE62A80B8311A409D409CE3C3DA227C' AND OBSLT_UTC IS NULL;
INSERT INTO CD_NAME_TBL (CD_ID, EFFT_VRSN_SEQ_ID, LANG_CS, VAL) SELECT x'5F9AA42C50AF2D4092637725071C3ED9', VRSN_SEQ_ID, 'en', 'Swiss Franc' FROM CD_VRSN_TBL WHERE CD_ID = x'5F9AA42C50AF2D4092637725071C3ED9' AND OBSLT_UTC IS NULL;
INSERT INTO CD_NAME_TBL (CD_ID, EFFT_VRSN_SEQ_ID, LANG_CS, VAL) SELECT x'97101EF89EED1B469E1F52BD7ED47236', VRSN_SEQ_ID, 'en', 'Unidades de Formento' FROM CD_VRSN_TBL WHERE CD_ID = x'97101EF89EED1B469E1F52BD7ED47236' AND OBSLT_UTC IS NULL;
INSERT INTO CD_NAME_TBL (CD_ID, EFFT_VRSN_SEQ_ID, LANG_CS, VAL) SELECT x'8D6BA53158B33A45A3C8B1D60EE52578', VRSN_SEQ_ID, 'en', 'Yuan Renminbi' FROM CD_VRSN_TBL WHERE CD_ID = x'8D6BA53158B33A45A3C8B1D60EE52578' AND OBSLT_UTC IS NULL;
INSERT INTO CD_NAME_TBL (CD_ID, EFFT_VRSN_SEQ_ID, LANG_CS, VAL) SELECT x'869A825043663C42BBAEEB3119575349', VRSN_SEQ_ID, 'en', 'Deutsche Mark' FROM CD_VRSN_TBL WHERE CD_ID = x'869A825043663C42BBAEEB3119575349' AND OBSLT_UTC IS NULL;
INSERT INTO CD_NAME_TBL (CD_ID, EFFT_VRSN_SEQ_ID, LANG_CS, VAL) SELECT x'C012349BB9ADFA419B232557BD0B3348', VRSN_SEQ_ID, 'en', 'Spanish Peseta' FROM CD_VRSN_TBL WHERE CD_ID = x'C012349BB9ADFA419B232557BD0B3348' AND OBSLT_UTC IS NULL;
INSERT INTO CD_NAME_TBL (CD_ID, EFFT_VRSN_SEQ_ID, LANG_CS, VAL) SELECT x'DA9A504F66D3AC41BD84E0B3046A0FFC', VRSN_SEQ_ID, 'en', 'Euro' FROM CD_VRSN_TBL WHERE CD_ID = x'DA9A504F66D3AC41BD84E0B3046A0FFC' AND OBSLT_UTC IS NULL;
INSERT INTO CD_NAME_TBL (CD_ID, EFFT_VRSN_SEQ_ID, LANG_CS, VAL) SELECT x'0D1469E75E19DF4FB64F0DA4ECF74B36', VRSN_SEQ_ID, 'en', 'Markka' FROM CD_VRSN_TBL WHERE CD_ID = x'0D1469E75E19DF4FB64F0DA4ECF74B36' AND OBSLT_UTC IS NULL;
INSERT INTO CD_NAME_TBL (CD_ID, EFFT_VRSN_SEQ_ID, LANG_CS, VAL) SELECT x'6CC01B22F42744428EFEA7B968FBDBD6', VRSN_SEQ_ID, 'en', 'French Franc' FROM CD_VRSN_TBL WHERE CD_ID = x'6CC01B22F42744428EFEA7B968FBDBD6' AND OBSLT_UTC IS NULL;
INSERT INTO CD_NAME_TBL (CD_ID, EFFT_VRSN_SEQ_ID, LANG_CS, VAL) SELECT x'41A920D906EC0D4D9F60631B790F8E0D', VRSN_SEQ_ID, 'en', 'Pound Sterling' FROM CD_VRSN_TBL WHERE CD_ID = x'41A920D906EC0D4D9F60631B790F8E0D' AND OBSLT_UTC IS NULL;
INSERT INTO CD_NAME_TBL (CD_ID, EFFT_VRSN_SEQ_ID, LANG_CS, VAL) SELECT x'92F830F7CCEBBC438D39BDA98BC76563', VRSN_SEQ_ID, 'en', 'Shekel' FROM CD_VRSN_TBL WHERE CD_ID = x'92F830F7CCEBBC438D39BDA98BC76563' AND OBSLT_UTC IS NULL;
INSERT INTO CD_NAME_TBL (CD_ID, EFFT_VRSN_SEQ_ID, LANG_CS, VAL) SELECT x'690AF4E0090EE144BD37080AC88661E3', VRSN_SEQ_ID, 'en', 'Indian Rupee' FROM CD_VRSN_TBL WHERE CD_ID = x'690AF4E0090EE144BD37080AC88661E3' AND OBSLT_UTC IS NULL;
INSERT INTO CD_NAME_TBL (CD_ID, EFFT_VRSN_SEQ_ID, LANG_CS, VAL) SELECT x'FBB222DA0BBFA64A8DCCCB4C4CAD1CA8', VRSN_SEQ_ID, 'en', 'Yen' FROM CD_VRSN_TBL WHERE CD_ID = x'FBB222DA0BBFA64A8DCCCB4C4CAD1CA8' AND OBSLT_UTC IS NULL;
INSERT INTO CD_NAME_TBL (CD_ID, EFFT_VRSN_SEQ_ID, LANG_CS, VAL) SELECT x'80B198C8D0DA15419200F48329FD7771', VRSN_SEQ_ID, 'en', 'Won' FROM CD_VRSN_TBL WHERE CD_ID = x'80B198C8D0DA15419200F48329FD7771' AND OBSLT_UTC IS NULL;
INSERT INTO CD_NAME_TBL (CD_ID, EFFT_VRSN_SEQ_ID, LANG_CS, VAL) SELECT x'2BD1BECFB1FFD748B0AB68F898A76749', VRSN_SEQ_ID, 'en', 'Mexican Nuevo Peso' FROM CD_VRSN_TBL WHERE CD_ID = x'2BD1BECFB1FFD748B0AB68F898A76749' AND OBSLT_UTC IS NULL;
INSERT INTO CD_NAME_TBL (CD_ID, EFFT_VRSN_SEQ_ID, LANG_CS, VAL) SELECT x'071FA7A53502E842BEABADEFEB357BF5', VRSN_SEQ_ID, 'en', 'Netherlands Guilder' FROM CD_VRSN_TBL WHERE CD_ID = x'071FA7A53502E842BEABADEFEB357BF5' AND OBSLT_UTC IS NULL;
INSERT INTO CD_NAME_TBL (CD_ID, EFFT_VRSN_SEQ_ID, LANG_CS, VAL) SELECT x'8F312B749881DE4D9B4334D20D0C18E2', VRSN_SEQ_ID, 'en', 'New Zealand Dollar' FROM CD_VRSN_TBL WHERE CD_ID = x'8F312B749881DE4D9B4334D20D0C18E2' AND OBSLT_UTC IS NULL;
INSERT INTO CD_NAME_TBL (CD_ID, EFFT_VRSN_SEQ_ID, LANG_CS, VAL) SELECT x'7C2DD7A02FB31946A943F40CED704DF6', VRSN_SEQ_ID, 'en', 'Philippine Peso' FROM CD_VRSN_TBL WHERE CD_ID = x'7C2DD7A02FB31946A943F40CED704DF6' AND OBSLT_UTC IS NULL;
INSERT INTO CD_NAME_TBL (CD_ID, EFFT_VRSN_SEQ_ID, LANG_CS, VAL) SELECT x'B3D74DC44E4E3F499ACE557CA3C672A7', VRSN_SEQ_ID, 'en', 'Russian Ruble' FROM CD_VRSN_TBL WHERE CD_ID = x'B3D74DC44E4E3F499ACE557CA3C672A7' AND OBSLT_UTC IS NULL;
INSERT INTO CD_NAME_TBL (CD_ID, EFFT_VRSN_SEQ_ID, LANG_CS, VAL) SELECT x'8C4DD0441BA8CE478857C88CC92E8DFC', VRSN_SEQ_ID, 'en', 'Baht' FROM CD_VRSN_TBL WHERE CD_ID = x'8C4DD0441BA8CE478857C88CC92E8DFC' AND OBSLT_UTC IS NULL;
INSERT INTO CD_NAME_TBL (CD_ID, EFFT_VRSN_SEQ_ID, LANG_CS, VAL) SELECT x'0AFB55EB6D12974FA7E4454D600C5C9A', VRSN_SEQ_ID, 'en', 'Lira' FROM CD_VRSN_TBL WHERE CD_ID = x'0AFB55EB6D12974FA7E4454D600C5C9A' AND OBSLT_UTC IS NULL;
INSERT INTO CD_NAME_TBL (CD_ID, EFFT_VRSN_SEQ_ID, LANG_CS, VAL) SELECT x'0BC08CD139C3A5479FF923C77542A5C3', VRSN_SEQ_ID, 'en', 'Taiwan Dollar' FROM CD_VRSN_TBL WHERE CD_ID = x'0BC08CD139C3A5479FF923C77542A5C3' AND OBSLT_UTC IS NULL;
INSERT INTO CD_NAME_TBL (CD_ID, EFFT_VRSN_SEQ_ID, LANG_CS, VAL) SELECT x'64A3C065BFB1164B8C286D1E2FC90AD1', VRSN_SEQ_ID, 'en', 'US Dollar' FROM CD_VRSN_TBL WHERE CD_ID = x'64A3C065BFB1164B8C286D1E2FC90AD1' AND OBSLT_UTC IS NULL;
INSERT INTO CD_NAME_TBL (CD_ID, EFFT_VRSN_SEQ_ID, LANG_CS, VAL) SELECT x'07FDF16926BA924E8AD0DEAC7559E90F', VRSN_SEQ_ID, 'en', 'Rand' FROM CD_VRSN_TBL WHERE CD_ID = x'07FDF16926BA924E8AD0DEAC7559E90F' AND OBSLT_UTC IS NULL;
INSERT INTO CD_NAME_TBL (CD_ID, EFFT_VRSN_SEQ_ID, LANG_CS, VAL) SELECT x'04FF7313EFA60A42B1D04A07465FE8E8', VRSN_SEQ_ID, 'en', 'Device' FROM CD_VRSN_TBL WHERE CD_ID = x'04FF7313EFA60A42B1D04A07465FE8E8' AND OBSLT_UTC IS NULL;
INSERT INTO CD_NAME_TBL (CD_ID, EFFT_VRSN_SEQ_ID, LANG_CS, VAL) SELECT x'24F36FB774B1B740A6ACD1FDF8E23967', VRSN_SEQ_ID, 'en', 'container' FROM CD_VRSN_TBL WHERE CD_ID = x'24F36FB774B1B740A6ACD1FDF8E23967' AND OBSLT_UTC IS NULL;
INSERT INTO CD_NAME_TBL (CD_ID, EFFT_VRSN_SEQ_ID, LANG_CS, VAL) SELECT x'CF9B010B1FC58C4BBFAEB7232A7DFB59', VRSN_SEQ_ID, 'en', 'manufactured material' FROM CD_VRSN_TBL WHERE CD_ID = x'CF9B010B1FC58C4BBFAEB7232A7DFB59' AND OBSLT_UTC IS NULL;
INSERT INTO CD_NAME_TBL (CD_ID, EFFT_VRSN_SEQ_ID, LANG_CS, VAL) SELECT x'44E52D4AC9F8294EB156DF478D5CBE25', VRSN_SEQ_ID, 'en', 'organization' FROM CD_VRSN_TBL WHERE CD_ID = x'44E52D4AC9F8294EB156DF478D5CBE25' AND OBSLT_UTC IS NULL;
INSERT INTO CD_NAME_TBL (CD_ID, EFFT_VRSN_SEQ_ID, LANG_CS, VAL) SELECT x'5AA2F1FB74B81B4D83A9DA193869EE78', VRSN_SEQ_ID, 'en', 'person' FROM CD_VRSN_TBL WHERE CD_ID = x'5AA2F1FB74B81B4D83A9DA193869EE78' AND OBSLT_UTC IS NULL;
INSERT INTO CD_NAME_TBL (CD_ID, EFFT_VRSN_SEQ_ID, LANG_CS, VAL) SELECT x'9632CD7458CB84499750D077A130CE05', VRSN_SEQ_ID, 'en', 'place' FROM CD_VRSN_TBL WHERE CD_ID = x'9632CD7458CB84499750D077A130CE05' AND OBSLT_UTC IS NULL;
INSERT INTO CD_NAME_TBL (CD_ID, EFFT_VRSN_SEQ_ID, LANG_CS, VAL) SELECT x'ADCF9FE21DEC604CA055039A494248AE', VRSN_SEQ_ID, 'en', 'entity' FROM CD_VRSN_TBL WHERE CD_ID = x'ADCF9FE21DEC604CA055039A494248AE' AND OBSLT_UTC IS NULL;
INSERT INTO CD_NAME_TBL (CD_ID, EFFT_VRSN_SEQ_ID, LANG_CS, VAL) SELECT x'5E33F8FD121FE04D8356F8778ED41C21', VRSN_SEQ_ID, 'en', 'health chart entity' FROM CD_VRSN_TBL WHERE CD_ID = x'5E33F8FD121FE04D8356F8778ED41C21' AND OBSLT_UTC IS NULL;
INSERT INTO CD_NAME_TBL (CD_ID, EFFT_VRSN_SEQ_ID, LANG_CS, VAL) SELECT x'C9E5A58B3B69D449973CD7010F3A23EE', VRSN_SEQ_ID, 'en', 'living subject' FROM CD_VRSN_TBL WHERE CD_ID = x'C9E5A58B3B69D449973CD7010F3A23EE' AND OBSLT_UTC IS NULL;
INSERT INTO CD_NAME_TBL (CD_ID, EFFT_VRSN_SEQ_ID, LANG_CS, VAL) SELECT x'C9E525903B69D449973CD7010F3A23EE', VRSN_SEQ_ID, 'en', 'non-living subject' FROM CD_VRSN_TBL WHERE CD_ID = x'C9E525903B69D449973CD7010F3A23EE' AND OBSLT_UTC IS NULL;
INSERT INTO CD_NAME_TBL (CD_ID, EFFT_VRSN_SEQ_ID, LANG_CS, VAL) SELECT x'75B56C8A22CF8441A2B7D9E99D2CD850', VRSN_SEQ_ID, 'en', 'non-person living subject' FROM CD_VRSN_TBL WHERE CD_ID = x'75B56C8A22CF8441A2B7D9E99D2CD850' AND OBSLT_UTC IS NULL;
INSERT INTO CD_NAME_TBL (CD_ID, EFFT_VRSN_SEQ_ID, LANG_CS, VAL) SELECT x'42BFFC61E0B5B54F9392108A5C6DBEC7', VRSN_SEQ_ID, 'en', 'animal' FROM CD_VRSN_TBL WHERE CD_ID = x'42BFFC61E0B5B54F9392108A5C6DBEC7' AND OBSLT_UTC IS NULL;
INSERT INTO CD_NAME_TBL (CD_ID, EFFT_VRSN_SEQ_ID, LANG_CS, VAL) SELECT x'7FF66201A650434788B6EDCDE354CACA', VRSN_SEQ_ID, 'en', 'microorganism' FROM CD_VRSN_TBL WHERE CD_ID = x'7FF66201A650434788B6EDCDE354CACA' AND OBSLT_UTC IS NULL;
INSERT INTO CD_NAME_TBL (CD_ID, EFFT_VRSN_SEQ_ID, LANG_CS, VAL) SELECT x'6A751FB9375B9E408CF9C985D5DBA2F1', VRSN_SEQ_ID, 'en', 'plant' FROM CD_VRSN_TBL WHERE CD_ID = x'6A751FB9375B9E408CF9C985D5DBA2F1' AND OBSLT_UTC IS NULL;
INSERT INTO CD_NAME_TBL (CD_ID, EFFT_VRSN_SEQ_ID, LANG_CS, VAL) SELECT x'46A8E29DF2DDBC4E902E84508C5089EA', VRSN_SEQ_ID, 'en', 'person' FROM CD_VRSN_TBL WHERE CD_ID = x'46A8E29DF2DDBC4E902E84508C5089EA' AND OBSLT_UTC IS NULL;
INSERT INTO CD_NAME_TBL (CD_ID, EFFT_VRSN_SEQ_ID, LANG_CS, VAL) SELECT x'BE7390D38F0F0E44B8C87034CC138A95', VRSN_SEQ_ID, 'en', 'material' FROM CD_VRSN_TBL WHERE CD_ID = x'BE7390D38F0F0E44B8C87034CC138A95' AND OBSLT_UTC IS NULL;
INSERT INTO CD_NAME_TBL (CD_ID, EFFT_VRSN_SEQ_ID, LANG_CS, VAL) SELECT x'32A39F2E9193C6489FC8920A750B25D3', VRSN_SEQ_ID, 'en', 'chemical substance' FROM CD_VRSN_TBL WHERE CD_ID = x'32A39F2E9193C6489FC8920A750B25D3' AND OBSLT_UTC IS NULL;
INSERT INTO CD_NAME_TBL (CD_ID, EFFT_VRSN_SEQ_ID, LANG_CS, VAL) SELECT x'C29CA0E5E55AC2408E32687DBA06715D', VRSN_SEQ_ID, 'en', 'food' FROM CD_VRSN_TBL WHERE CD_ID = x'C29CA0E5E55AC2408E32687DBA06715D' AND OBSLT_UTC IS NULL;
INSERT INTO CD_NAME_TBL (CD_ID, EFFT_VRSN_SEQ_ID, LANG_CS, VAL) SELECT x'86C2FEFAD5890B429085054ACA9D1EEF', VRSN_SEQ_ID, 'en', 'manufactured material' FROM CD_VRSN_TBL WHERE CD_ID = x'86C2FEFAD5890B429085054ACA9D1EEF' AND OBSLT_UTC IS NULL;
INSERT INTO CD_NAME_TBL (CD_ID, EFFT_VRSN_SEQ_ID, LANG_CS, VAL) SELECT x'91B6522422F12141B9DF76D990B43F35', VRSN_SEQ_ID, 'en', 'holder' FROM CD_VRSN_TBL WHERE CD_ID = x'91B6522422F12141B9DF76D990B43F35' AND OBSLT_UTC IS NULL;
INSERT INTO CD_NAME_TBL (CD_ID, EFFT_VRSN_SEQ_ID, LANG_CS, VAL) SELECT x'BC43702ACA6C7D44B2308414F790CDB6', VRSN_SEQ_ID, 'en', 'certificate representation' FROM CD_VRSN_TBL WHERE CD_ID = x'BC43702ACA6C7D44B2308414F790CDB6' AND OBSLT_UTC IS NULL;
INSERT INTO CD_NAME_TBL (CD_ID, EFFT_VRSN_SEQ_ID, LANG_CS, VAL) SELECT x'D69CFAA1E71C7E4FA0C17A503F9F1255', VRSN_SEQ_ID, 'en', 'imaging modality' FROM CD_VRSN_TBL WHERE CD_ID = x'D69CFAA1E71C7E4FA0C17A503F9F1255' AND OBSLT_UTC IS NULL;
INSERT INTO CD_NAME_TBL (CD_ID, EFFT_VRSN_SEQ_ID, LANG_CS, VAL) SELECT x'55BD087C424DCD4992F86388D6C4183F', VRSN_SEQ_ID, 'en', 'organization' FROM CD_VRSN_TBL WHERE CD_ID = x'55BD087C424DCD4992F86388D6C4183F' AND OBSLT_UTC IS NULL;
INSERT INTO CD_NAME_TBL (CD_ID, EFFT_VRSN_SEQ_ID, LANG_CS, VAL) SELECT x'F4643C0B0D22E544BDC64BFAD6120963', VRSN_SEQ_ID, 'en', 'public institution' FROM CD_VRSN_TBL WHERE CD_ID = x'F4643C0B0D22E544BDC64BFAD6120963' AND OBSLT_UTC IS NULL;
INSERT INTO CD_NAME_TBL (CD_ID, EFFT_VRSN_SEQ_ID, LANG_CS, VAL) SELECT x'B0B0F48CE584224185FE6AFA8240C218', VRSN_SEQ_ID, 'en', 'State' FROM CD_VRSN_TBL WHERE CD_ID = x'B0B0F48CE584224185FE6AFA8240C218' AND OBSLT_UTC IS NULL;
INSERT INTO CD_NAME_TBL (CD_ID, EFFT_VRSN_SEQ_ID, LANG_CS, VAL) SELECT x'28E5ACC77D27FB4E94EEBFD1278F40F7', VRSN_SEQ_ID, 'en', 'Nation' FROM CD_VRSN_TBL WHERE CD_ID = x'28E5ACC77D27FB4E94EEBFD1278F40F7' AND OBSLT_UTC IS NULL;
INSERT INTO CD_NAME_TBL (CD_ID, EFFT_VRSN_SEQ_ID, LANG_CS, VAL) SELECT x'7378AB21F38E784D9C194582B3C40631', VRSN_SEQ_ID, 'en', 'Place' FROM CD_VRSN_TBL WHERE CD_ID = x'7378AB21F38E784D9C194582B3C40631' AND OBSLT_UTC IS NULL;
INSERT INTO CD_NAME_TBL (CD_ID, EFFT_VRSN_SEQ_ID, LANG_CS, VAL) SELECT x'754FDD79E8682247A7F58BC2E08F5CD6', VRSN_SEQ_ID, 'en', 'City or Town' FROM CD_VRSN_TBL WHERE CD_ID = x'754FDD79E8682247A7F58BC2E08F5CD6' AND OBSLT_UTC IS NULL;
INSERT INTO CD_NAME_TBL (CD_ID, EFFT_VRSN_SEQ_ID, LANG_CS, VAL) SELECT x'B3FFB248DB07BA47AD73FC8FB8502471', VRSN_SEQ_ID, 'en', 'Country' FROM CD_VRSN_TBL WHERE CD_ID = x'B3FFB248DB07BA47AD73FC8FB8502471' AND OBSLT_UTC IS NULL;
INSERT INTO CD_NAME_TBL (CD_ID, EFFT_VRSN_SEQ_ID, LANG_CS, VAL) SELECT x'7DEEEF6EF5DFD346A6A7171EF93879C7', VRSN_SEQ_ID, 'en', 'County or Parish' FROM CD_VRSN_TBL WHERE CD_ID = x'7DEEEF6EF5DFD346A6A7171EF93879C7' AND OBSLT_UTC IS NULL;
INSERT INTO CD_NAME_TBL (CD_ID, EFFT_VRSN_SEQ_ID, LANG_CS, VAL) SELECT x'B0B0F48CE584224185FE6AFA8240C218', VRSN_SEQ_ID, 'en', 'State or Province' FROM CD_VRSN_TBL WHERE CD_ID = x'285C1A4DB7DE1E41B75FD524F90DFA63' AND OBSLT_UTC IS NULL;
INSERT INTO CD_NAME_TBL (CD_ID, EFFT_VRSN_SEQ_ID, LANG_CS, VAL) SELECT x'F6AA351987D4824CAC17FB917B5B6D71', VRSN_SEQ_ID, 'en', 'group' FROM CD_VRSN_TBL WHERE CD_ID = x'F6AA351987D4824CAC17FB917B5B6D71' AND OBSLT_UTC IS NULL;
INSERT INTO CD_NAME_TBL (CD_ID, EFFT_VRSN_SEQ_ID, LANG_CS, VAL) SELECT x'DE089FF2A7785E4AAEAF7B545BA19A09', VRSN_SEQ_ID, 'en', 'specific' FROM CD_VRSN_TBL WHERE CD_ID = x'DE089FF2A7785E4AAEAF7B545BA19A09' AND OBSLT_UTC IS NULL;
INSERT INTO CD_NAME_TBL (CD_ID, EFFT_VRSN_SEQ_ID, LANG_CS, VAL) SELECT x'ACA728AD6BA6C44291B4DE40A2B11980', VRSN_SEQ_ID, 'en', 'described' FROM CD_VRSN_TBL WHERE CD_ID = x'ACA728AD6BA6C44291B4DE40A2B11980' AND OBSLT_UTC IS NULL;
INSERT INTO CD_NAME_TBL (CD_ID, EFFT_VRSN_SEQ_ID, LANG_CS, VAL) SELECT x'B7F14C609188FB49B95F3E4E875691BC', VRSN_SEQ_ID, 'en', 'described quantified' FROM CD_VRSN_TBL WHERE CD_ID = x'B7F14C609188FB49B95F3E4E875691BC' AND OBSLT_UTC IS NULL;
INSERT INTO CD_NAME_TBL (CD_ID, EFFT_VRSN_SEQ_ID, LANG_CS, VAL) SELECT x'D81E6571918C3948B76E9BFDD2EDBA43', VRSN_SEQ_ID, 'en', 'authenticator' FROM CD_VRSN_TBL WHERE CD_ID = x'D81E6571918C3948B76E9BFDD2EDBA43' AND OBSLT_UTC IS NULL;
INSERT INTO CD_NAME_TBL (CD_ID, EFFT_VRSN_SEQ_ID, LANG_CS, VAL) SELECT x'AF3FCBF05D4304479217B884F757BC14', VRSN_SEQ_ID, 'en', 'author (originator)' FROM CD_VRSN_TBL WHERE CD_ID = x'AF3FCBF05D4304479217B884F757BC14' AND OBSLT_UTC IS NULL;
INSERT INTO CD_NAME_TBL (CD_ID, EFFT_VRSN_SEQ_ID, LANG_CS, VAL) SELECT x'2AAF58F105D41646A45950E8494A9A56', VRSN_SEQ_ID, 'en', 'consumable' FROM CD_VRSN_TBL WHERE CD_ID = x'2AAF58F105D41646A45950E8494A9A56' AND OBSLT_UTC IS NULL;
INSERT INTO CD_NAME_TBL (CD_ID, EFFT_VRSN_SEQ_ID, LANG_CS, VAL) SELECT x'2BAD35CC99664649AE3876AB08193F41', VRSN_SEQ_ID, 'en', 'custodian' FROM CD_VRSN_TBL WHERE CD_ID = x'2BAD35CC99664649AE3876AB08193F41' AND OBSLT_UTC IS NULL;
INSERT INTO CD_NAME_TBL (CD_ID, EFFT_VRSN_SEQ_ID, LANG_CS, VAL) SELECT x'D2660DC5DAE5344AB2B74CD4FE4EF2C4', VRSN_SEQ_ID, 'en', 'entity' FROM CD_VRSN_TBL WHERE CD_ID = x'D2660DC5DAE5344AB2B74CD4FE4EF2C4' AND OBSLT_UTC IS NULL;
INSERT INTO CD_NAME_TBL (CD_ID, EFFT_VRSN_SEQ_ID, LANG_CS, VAL) SELECT x'484260391278604BBC548CC1FFFB1DE6', VRSN_SEQ_ID, 'en', 'informant' FROM CD_VRSN_TBL WHERE CD_ID = x'484260391278604BBC548CC1FFFB1DE6' AND OBSLT_UTC IS NULL;
INSERT INTO CD_NAME_TBL (CD_ID, EFFT_VRSN_SEQ_ID, LANG_CS, VAL) SELECT x'82548AEC5920FC43A4CE04F71F64E3D8', VRSN_SEQ_ID, 'en', 'legal authenticator' FROM CD_VRSN_TBL WHERE CD_ID = x'82548AEC5920FC43A4CE04F71F64E3D8' AND OBSLT_UTC IS NULL;
INSERT INTO CD_NAME_TBL (CD_ID, EFFT_VRSN_SEQ_ID, LANG_CS, VAL) SELECT x'4FD94ED6A4E4A249A0D81E6F393AAB36', VRSN_SEQ_ID, 'en', 'performer' FROM CD_VRSN_TBL WHERE CD_ID = x'4FD94ED6A4E4A249A0D81E6F393AAB36' AND OBSLT_UTC IS NULL;
INSERT INTO CD_NAME_TBL (CD_ID, EFFT_VRSN_SEQ_ID, LANG_CS, VAL) SELECT x'F10564197EE04E49A56EB4B563CD85FC', VRSN_SEQ_ID, 'en', 'product' FROM CD_VRSN_TBL WHERE CD_ID = x'F10564197EE04E49A56EB4B563CD85FC' AND OBSLT_UTC IS NULL;
INSERT INTO CD_NAME_TBL (CD_ID, EFFT_VRSN_SEQ_ID, LANG_CS, VAL) SELECT x'1D6AAD9771688C44A504CB82CABC0452', VRSN_SEQ_ID, 'en', 'record target' FROM CD_VRSN_TBL WHERE CD_ID = x'1D6AAD9771688C44A504CB82CABC0452' AND OBSLT_UTC IS NULL;
INSERT INTO CD_NAME_TBL (CD_ID, EFFT_VRSN_SEQ_ID, LANG_CS, VAL) SELECT x'2139504C6E1D4941A3C433F6BE4646CE', VRSN_SEQ_ID, 'en', 'response' FROM CD_VRSN_TBL WHERE CD_ID = x'2139504C6E1D4941A3C433F6BE4646CE' AND OBSLT_UTC IS NULL;
INSERT INTO CD_NAME_TBL (CD_ID, EFFT_VRSN_SEQ_ID, LANG_CS, VAL) SELECT x'578584618DD7E540954F0B9C97307A04', VRSN_SEQ_ID, 'en', 'location' FROM CD_VRSN_TBL WHERE CD_ID = x'578584618DD7E540954F0B9C97307A04' AND OBSLT_UTC IS NULL;
INSERT INTO CD_NAME_TBL (CD_ID, EFFT_VRSN_SEQ_ID, LANG_CS, VAL) SELECT x'F8AD5D4575C1A145A85934283A8210F8', VRSN_SEQ_ID, 'en', 'subject' FROM CD_VRSN_TBL WHERE CD_ID = x'F8AD5D4575C1A145A85934283A8210F8' AND OBSLT_UTC IS NULL;
INSERT INTO CD_NAME_TBL (CD_ID, EFFT_VRSN_SEQ_ID, LANG_CS, VAL) SELECT x'164217A0396451439483A241A48029B7', VRSN_SEQ_ID, 'en', 'admitter' FROM CD_VRSN_TBL WHERE CD_ID = x'164217A0396451439483A241A48029B7' AND OBSLT_UTC IS NULL;
INSERT INTO CD_NAME_TBL (CD_ID, EFFT_VRSN_SEQ_ID, LANG_CS, VAL) SELECT x'AD29BF6C51ACC948885ACFE3026ECF6E', VRSN_SEQ_ID, 'en', 'attender' FROM CD_VRSN_TBL WHERE CD_ID = x'AD29BF6C51ACC948885ACFE3026ECF6E' AND OBSLT_UTC IS NULL;
INSERT INTO CD_NAME_TBL (CD_ID, EFFT_VRSN_SEQ_ID, LANG_CS, VAL) SELECT x'AE404C9C152C8145A496BE1ABFE4EB66', VRSN_SEQ_ID, 'en', 'callback contact' FROM CD_VRSN_TBL WHERE CD_ID = x'AE404C9C152C8145A496BE1ABFE4EB66' AND OBSLT_UTC IS NULL;
INSERT INTO CD_NAME_TBL (CD_ID, EFFT_VRSN_SEQ_ID, LANG_CS, VAL) SELECT x'D74A360A61F98A4D93F01FD4176548B3', VRSN_SEQ_ID, 'en', 'consultant' FROM CD_VRSN_TBL WHERE CD_ID = x'D74A360A61F98A4D93F01FD4176548B3' AND OBSLT_UTC IS NULL;
INSERT INTO CD_NAME_TBL (CD_ID, EFFT_VRSN_SEQ_ID, LANG_CS, VAL) SELECT x'6E4E59A2FEE8684C82A5D3A46DBEC87D', VRSN_SEQ_ID, 'en', 'discharger' FROM CD_VRSN_TBL WHERE CD_ID = x'6E4E59A2FEE8684C82A5D3A46DBEC87D' AND OBSLT_UTC IS NULL;
INSERT INTO CD_NAME_TBL (CD_ID, EFFT_VRSN_SEQ_ID, LANG_CS, VAL) SELECT x'ED617A72352F094E8BB66D09E2BA8FEC', VRSN_SEQ_ID, 'en', 'escort' FROM CD_VRSN_TBL WHERE CD_ID = x'ED617A72352F094E8BB66D09E2BA8FEC' AND OBSLT_UTC IS NULL;
INSERT INTO CD_NAME_TBL (CD_ID, EFFT_VRSN_SEQ_ID, LANG_CS, VAL) SELECT x'3DA204C7EF86114E9050F8AA10919FF2', VRSN_SEQ_ID, 'en', 'Participation' FROM CD_VRSN_TBL WHERE CD_ID = x'3DA204C7EF86114E9050F8AA10919FF2' AND OBSLT_UTC IS NULL;
INSERT INTO CD_NAME_TBL (CD_ID, EFFT_VRSN_SEQ_ID, LANG_CS, VAL) SELECT x'8B0F8E5E23BC474882AB49B8DD79981E', VRSN_SEQ_ID, 'en', 'referrer' FROM CD_VRSN_TBL WHERE CD_ID = x'8B0F8E5E23BC474882AB49B8DD79981E' AND OBSLT_UTC IS NULL;
INSERT INTO CD_NAME_TBL (CD_ID, EFFT_VRSN_SEQ_ID, LANG_CS, VAL) SELECT x'27753FDEC9E3EF45857400CA4495F767', VRSN_SEQ_ID, 'en', 'Transcriber' FROM CD_VRSN_TBL WHERE CD_ID = x'27753FDEC9E3EF45857400CA4495F767' AND OBSLT_UTC IS NULL;
INSERT INTO CD_NAME_TBL (CD_ID, EFFT_VRSN_SEQ_ID, LANG_CS, VAL) SELECT x'7F35820BE05A4345AB8EA33E9B315BAB', VRSN_SEQ_ID, 'en', 'witness' FROM CD_VRSN_TBL WHERE CD_ID = x'7F35820BE05A4345AB8EA33E9B315BAB' AND OBSLT_UTC IS NULL;
INSERT INTO CD_NAME_TBL (CD_ID, EFFT_VRSN_SEQ_ID, LANG_CS, VAL) SELECT x'696D9D649C130640AE45AFF4649D6079', VRSN_SEQ_ID, 'en', 'custodian' FROM CD_VRSN_TBL WHERE CD_ID = x'696D9D649C130640AE45AFF4649D6079' AND OBSLT_UTC IS NULL;
INSERT INTO CD_NAME_TBL (CD_ID, EFFT_VRSN_SEQ_ID, LANG_CS, VAL) SELECT x'B0969847D535424881095FDBEE14E8A4', VRSN_SEQ_ID, 'en', 'baby' FROM CD_VRSN_TBL WHERE CD_ID = x'B0969847D535424881095FDBEE14E8A4' AND OBSLT_UTC IS NULL;
INSERT INTO CD_NAME_TBL (CD_ID, EFFT_VRSN_SEQ_ID, LANG_CS, VAL) SELECT x'F7C7CAA5B7E3D84D872CDB0E7FCC2D84', VRSN_SEQ_ID, 'en', 'consumable' FROM CD_VRSN_TBL WHERE CD_ID = x'F7C7CAA5B7E3D84D872CDB0E7FCC2D84' AND OBSLT_UTC IS NULL;
INSERT INTO CD_NAME_TBL (CD_ID, EFFT_VRSN_SEQ_ID, LANG_CS, VAL) SELECT x'6CDB92675CFDB84A96F5ACE5665BDCB9', VRSN_SEQ_ID, 'en', 'non-reuseable device' FROM CD_VRSN_TBL WHERE CD_ID = x'6CDB92675CFDB84A96F5ACE5665BDCB9' AND OBSLT_UTC IS NULL;
INSERT INTO CD_NAME_TBL (CD_ID, EFFT_VRSN_SEQ_ID, LANG_CS, VAL) SELECT x'3D0D9976273F394B836BBA87EEBA3328', VRSN_SEQ_ID, 'en', 'reusable device' FROM CD_VRSN_TBL WHERE CD_ID = x'3D0D9976273F394B836BBA87EEBA3328' AND OBSLT_UTC IS NULL;
INSERT INTO CD_NAME_TBL (CD_ID, EFFT_VRSN_SEQ_ID, LANG_CS, VAL) SELECT x'EE3512BE0A71324788FD6E895DE7C56D', VRSN_SEQ_ID, 'en', 'donor' FROM CD_VRSN_TBL WHERE CD_ID = x'EE3512BE0A71324788FD6E895DE7C56D' AND OBSLT_UTC IS NULL;
INSERT INTO CD_NAME_TBL (CD_ID, EFFT_VRSN_SEQ_ID, LANG_CS, VAL) SELECT x'A9A560EA71E90D4FBB5DDC7A0C74A2C9', VRSN_SEQ_ID, 'en', 'ExposureAgent' FROM CD_VRSN_TBL WHERE CD_ID = x'A9A560EA71E90D4FBB5DDC7A0C74A2C9' AND OBSLT_UTC IS NULL;
INSERT INTO CD_NAME_TBL (CD_ID, EFFT_VRSN_SEQ_ID, LANG_CS, VAL) SELECT x'5C1B40EC334C29429C72428FC5DB37FF', VRSN_SEQ_ID, 'en', 'ExposureTarget' FROM CD_VRSN_TBL WHERE CD_ID = x'5C1B40EC334C29429C72428FC5DB37FF' AND OBSLT_UTC IS NULL;
INSERT INTO CD_NAME_TBL (CD_ID, EFFT_VRSN_SEQ_ID, LANG_CS, VAL) SELECT x'7B29B6CB3C743C458476BA4C10A1C965', VRSN_SEQ_ID, 'en', 'ExposureSource' FROM CD_VRSN_TBL WHERE CD_ID = x'7B29B6CB3C743C458476BA4C10A1C965' AND OBSLT_UTC IS NULL;
INSERT INTO CD_NAME_TBL (CD_ID, EFFT_VRSN_SEQ_ID, LANG_CS, VAL) SELECT x'8872E79909CB5040A8CF385513F32F0A', VRSN_SEQ_ID, 'en', 'product' FROM CD_VRSN_TBL WHERE CD_ID = x'8872E79909CB5040A8CF385513F32F0A' AND OBSLT_UTC IS NULL;
INSERT INTO CD_NAME_TBL (CD_ID, EFFT_VRSN_SEQ_ID, LANG_CS, VAL) SELECT x'0077060337CE5F408ED3E4965BA2F601', VRSN_SEQ_ID, 'en', 'subject' FROM CD_VRSN_TBL WHERE CD_ID = x'0077060337CE5F408ED3E4965BA2F601' AND OBSLT_UTC IS NULL;
INSERT INTO CD_NAME_TBL (CD_ID, EFFT_VRSN_SEQ_ID, LANG_CS, VAL) SELECT x'217BE1BCB205024FBF7AC6D3561AA948', VRSN_SEQ_ID, 'en', 'specimen' FROM CD_VRSN_TBL WHERE CD_ID = x'217BE1BCB205024FBF7AC6D3561AA948' AND OBSLT_UTC IS NULL;
INSERT INTO CD_NAME_TBL (CD_ID, EFFT_VRSN_SEQ_ID, LANG_CS, VAL) SELECT x'DF44C72889D8444ABC1A2E9E9D64AF13', VRSN_SEQ_ID, 'en', 'beneficiary' FROM CD_VRSN_TBL WHERE CD_ID = x'DF44C72889D8444ABC1A2E9E9D64AF13' AND OBSLT_UTC IS NULL;
INSERT INTO CD_NAME_TBL (CD_ID, EFFT_VRSN_SEQ_ID, LANG_CS, VAL) SELECT x'3EB8817F780D85468BA4224EB315CE54', VRSN_SEQ_ID, 'en', 'causative agent' FROM CD_VRSN_TBL WHERE CD_ID = x'3EB8817F780D85468BA4224EB315CE54' AND OBSLT_UTC IS NULL;
INSERT INTO CD_NAME_TBL (CD_ID, EFFT_VRSN_SEQ_ID, LANG_CS, VAL) SELECT x'D471544BFEE3F74585A2AE2B4F224757', VRSN_SEQ_ID, 'en', 'coverage target' FROM CD_VRSN_TBL WHERE CD_ID = x'D471544BFEE3F74585A2AE2B4F224757' AND OBSLT_UTC IS NULL;
INSERT INTO CD_NAME_TBL (CD_ID, EFFT_VRSN_SEQ_ID, LANG_CS, VAL) SELECT x'1E79FB289E171A46B16CCAC13A04BD0A', VRSN_SEQ_ID, 'en', 'guarantor party' FROM CD_VRSN_TBL WHERE CD_ID = x'1E79FB289E171A46B16CCAC13A04BD0A' AND OBSLT_UTC IS NULL;
INSERT INTO CD_NAME_TBL (CD_ID, EFFT_VRSN_SEQ_ID, LANG_CS, VAL) SELECT x'EEDB923F5EA64F4398CE841FEEB02E3F', VRSN_SEQ_ID, 'en', 'record target' FROM CD_VRSN_TBL WHERE CD_ID = x'EEDB923F5EA64F4398CE841FEEB02E3F' AND OBSLT_UTC IS NULL;
INSERT INTO CD_NAME_TBL (CD_ID, EFFT_VRSN_SEQ_ID, LANG_CS, VAL) SELECT x'B894C653D827DD4395A4BB318431D17C', VRSN_SEQ_ID, 'en', 'receiver' FROM CD_VRSN_TBL WHERE CD_ID = x'B894C653D827DD4395A4BB318431D17C' AND OBSLT_UTC IS NULL;
INSERT INTO CD_NAME_TBL (CD_ID, EFFT_VRSN_SEQ_ID, LANG_CS, VAL) SELECT x'9979B801A7855C4F9B7E892F1195CFE3', VRSN_SEQ_ID, 'en', 'ugent notification contact' FROM CD_VRSN_TBL WHERE CD_ID = x'9979B801A7855C4F9B7E892F1195CFE3' AND OBSLT_UTC IS NULL;
INSERT INTO CD_NAME_TBL (CD_ID, EFFT_VRSN_SEQ_ID, LANG_CS, VAL) SELECT x'3479BB02B576C54CBD4258570F15EB4D', VRSN_SEQ_ID, 'en', 'primary information recipient' FROM CD_VRSN_TBL WHERE CD_ID = x'3479BB02B576C54CBD4258570F15EB4D' AND OBSLT_UTC IS NULL;
INSERT INTO CD_NAME_TBL (CD_ID, EFFT_VRSN_SEQ_ID, LANG_CS, VAL) SELECT x'CAA6A36DB02A324D9588E094F277F06D', VRSN_SEQ_ID, 'en', 'Referred By' FROM CD_VRSN_TBL WHERE CD_ID = x'CAA6A36DB02A324D9588E094F277F06D' AND OBSLT_UTC IS NULL;
INSERT INTO CD_NAME_TBL (CD_ID, EFFT_VRSN_SEQ_ID, LANG_CS, VAL) SELECT x'55923F355E76364380071D61AB09AAD6', VRSN_SEQ_ID, 'en', 'Referred to' FROM CD_VRSN_TBL WHERE CD_ID = x'55923F355E76364380071D61AB09AAD6' AND OBSLT_UTC IS NULL;
INSERT INTO CD_NAME_TBL (CD_ID, EFFT_VRSN_SEQ_ID, LANG_CS, VAL) SELECT x'3A01BEC3C520204C840CD9DBB15D040E', VRSN_SEQ_ID, 'en', 'tracker' FROM CD_VRSN_TBL WHERE CD_ID = x'3A01BEC3C520204C840CD9DBB15D040E' AND OBSLT_UTC IS NULL;
INSERT INTO CD_NAME_TBL (CD_ID, EFFT_VRSN_SEQ_ID, LANG_CS, VAL) SELECT x'24367B7262EABB46A68BB9E49E302ECA', VRSN_SEQ_ID, 'en', 'destination' FROM CD_VRSN_TBL WHERE CD_ID = x'24367B7262EABB46A68BB9E49E302ECA' AND OBSLT_UTC IS NULL;
INSERT INTO CD_NAME_TBL (CD_ID, EFFT_VRSN_SEQ_ID, LANG_CS, VAL) SELECT x'5B1805AC805AA847B924060DEB6D0EB2', VRSN_SEQ_ID, 'en', 'entry location' FROM CD_VRSN_TBL WHERE CD_ID = x'5B1805AC805AA847B924060DEB6D0EB2' AND OBSLT_UTC IS NULL;
INSERT INTO CD_NAME_TBL (CD_ID, EFFT_VRSN_SEQ_ID, LANG_CS, VAL) SELECT x'215F175D63198945A400B5EF5F64842C', VRSN_SEQ_ID, 'en', 'origin' FROM CD_VRSN_TBL WHERE CD_ID = x'215F175D63198945A400B5EF5F64842C' AND OBSLT_UTC IS NULL;
INSERT INTO CD_NAME_TBL (CD_ID, EFFT_VRSN_SEQ_ID, LANG_CS, VAL) SELECT x'DE25123C4E19CE49A41A0F9376B04C11', VRSN_SEQ_ID, 'en', 'remote' FROM CD_VRSN_TBL WHERE CD_ID = x'DE25123C4E19CE49A41A0F9376B04C11' AND OBSLT_UTC IS NULL;
INSERT INTO CD_NAME_TBL (CD_ID, EFFT_VRSN_SEQ_ID, LANG_CS, VAL) SELECT x'74AC0F5BC65AE64499A46813C0E2F4A9', VRSN_SEQ_ID, 'en', 'via' FROM CD_VRSN_TBL WHERE CD_ID = x'74AC0F5BC65AE64499A46813C0E2F4A9' AND OBSLT_UTC IS NULL;
INSERT INTO CD_NAME_TBL (CD_ID, EFFT_VRSN_SEQ_ID, LANG_CS, VAL) SELECT x'A4705EFA6EA465468A2094D4D7B86FC8', VRSN_SEQ_ID, 'en', 'performer' FROM CD_VRSN_TBL WHERE CD_ID = x'A4705EFA6EA465468A2094D4D7B86FC8' AND OBSLT_UTC IS NULL;
INSERT INTO CD_NAME_TBL (CD_ID, EFFT_VRSN_SEQ_ID, LANG_CS, VAL) SELECT x'FA083F695A62D240B9286856099C0349', VRSN_SEQ_ID, 'en', 'distributor' FROM CD_VRSN_TBL WHERE CD_ID = x'FA083F695A62D240B9286856099C0349' AND OBSLT_UTC IS NULL;
INSERT INTO CD_NAME_TBL (CD_ID, EFFT_VRSN_SEQ_ID, LANG_CS, VAL) SELECT x'6C13F6796514E845917EE7832BC8E3B2', VRSN_SEQ_ID, 'en', 'primary performer' FROM CD_VRSN_TBL WHERE CD_ID = x'6C13F6796514E845917EE7832BC8E3B2' AND OBSLT_UTC IS NULL;
INSERT INTO CD_NAME_TBL (CD_ID, EFFT_VRSN_SEQ_ID, LANG_CS, VAL) SELECT x'061EF94F392EE3449FBE0D828FE318FE', VRSN_SEQ_ID, 'en', 'secondary performer' FROM CD_VRSN_TBL WHERE CD_ID = x'061EF94F392EE3449FBE0D828FE318FE' AND OBSLT_UTC IS NULL;
INSERT INTO CD_NAME_TBL (CD_ID, EFFT_VRSN_SEQ_ID, LANG_CS, VAL) SELECT x'124C476478B9B64BA58446DADEC2D952', VRSN_SEQ_ID, 'en', 'responsible party' FROM CD_VRSN_TBL WHERE CD_ID = x'124C476478B9B64BA58446DADEC2D952' AND OBSLT_UTC IS NULL;
INSERT INTO CD_NAME_TBL (CD_ID, EFFT_VRSN_SEQ_ID, LANG_CS, VAL) SELECT x'8757DCF94DDDC642A082AC7D11956FDA', VRSN_SEQ_ID, 'en', 'verifier' FROM CD_VRSN_TBL WHERE CD_ID = x'8757DCF94DDDC642A082AC7D11956FDA' AND OBSLT_UTC IS NULL;
INSERT INTO CD_NAME_TBL (CD_ID, EFFT_VRSN_SEQ_ID, LANG_CS, VAL) SELECT x'82BF2D1B03A5F44C9ECBA8E111B4674E', VRSN_SEQ_ID, 'en', 'authenticator' FROM CD_VRSN_TBL WHERE CD_ID = x'82BF2D1B03A5F44C9ECBA8E111B4674E' AND OBSLT_UTC IS NULL;
INSERT INTO CD_NAME_TBL (CD_ID, EFFT_VRSN_SEQ_ID, LANG_CS, VAL) SELECT x'33A3160746CD9D43BFD6BF788F3885FA', VRSN_SEQ_ID, 'en', 'legal authenticator' FROM CD_VRSN_TBL WHERE CD_ID = x'33A3160746CD9D43BFD6BF788F3885FA' AND OBSLT_UTC IS NULL;
INSERT INTO CD_NAME_TBL (CD_ID, EFFT_VRSN_SEQ_ID, LANG_CS, VAL) SELECT x'3571088E6F8C1442BDD2448387D3F24C', VRSN_SEQ_ID, 'en', 'circle' FROM CD_VRSN_TBL WHERE CD_ID = x'3571088E6F8C1442BDD2448387D3F24C' AND OBSLT_UTC IS NULL;
INSERT INTO CD_NAME_TBL (CD_ID, EFFT_VRSN_SEQ_ID, LANG_CS, VAL) SELECT x'70CCD7CEBC12BB45AC46DDF41141E64B', VRSN_SEQ_ID, 'en', 'ellipse' FROM CD_VRSN_TBL WHERE CD_ID = x'70CCD7CEBC12BB45AC46DDF41141E64B' AND OBSLT_UTC IS NULL;
INSERT INTO CD_NAME_TBL (CD_ID, EFFT_VRSN_SEQ_ID, LANG_CS, VAL) SELECT x'6E5DF36A7C5534409518E87BC6CFF808', VRSN_SEQ_ID, 'en', 'point' FROM CD_VRSN_TBL WHERE CD_ID = x'6E5DF36A7C5534409518E87BC6CFF808' AND OBSLT_UTC IS NULL;
INSERT INTO CD_NAME_TBL (CD_ID, EFFT_VRSN_SEQ_ID, LANG_CS, VAL) SELECT x'D93BDAFDEEA39C479B2D89BA49F09B85', VRSN_SEQ_ID, 'en', 'polyline' FROM CD_VRSN_TBL WHERE CD_ID = x'D93BDAFDEEA39C479B2D89BA49F09B85' AND OBSLT_UTC IS NULL;
INSERT INTO CD_NAME_TBL (CD_ID, EFFT_VRSN_SEQ_ID, LANG_CS, VAL) SELECT x'216D7AA8A62CEA4A88F36135CCEB58D1', VRSN_SEQ_ID, 'en', 'assigned entity' FROM CD_VRSN_TBL WHERE CD_ID = x'216D7AA8A62CEA4A88F36135CCEB58D1' AND OBSLT_UTC IS NULL;
INSERT INTO CD_NAME_TBL (CD_ID, EFFT_VRSN_SEQ_ID, LANG_CS, VAL) SELECT x'8DB98236144B2B4E92F5AA7ABF522E28', VRSN_SEQ_ID, 'en', 'contact' FROM CD_VRSN_TBL WHERE CD_ID = x'8DB98236144B2B4E92F5AA7ABF522E28' AND OBSLT_UTC IS NULL;
INSERT INTO CD_NAME_TBL (CD_ID, EFFT_VRSN_SEQ_ID, LANG_CS, VAL) SELECT x'E7B5E78D41C9BD42B73552D750EFC5E6', VRSN_SEQ_ID, 'en', 'affiliate' FROM CD_VRSN_TBL WHERE CD_ID = x'E7B5E78D41C9BD42B73552D750EFC5E6' AND OBSLT_UTC IS NULL;
INSERT INTO CD_NAME_TBL (CD_ID, EFFT_VRSN_SEQ_ID, LANG_CS, VAL) SELECT x'45D47F8690D41946804E75C04B8A0E57', VRSN_SEQ_ID, 'en', 'agent' FROM CD_VRSN_TBL WHERE CD_ID = x'45D47F8690D41946804E75C04B8A0E57' AND OBSLT_UTC IS NULL;
INSERT INTO CD_NAME_TBL (CD_ID, EFFT_VRSN_SEQ_ID, LANG_CS, VAL) SELECT x'4BA0B77765C0AF4F8EC02CDAD4AE372B', VRSN_SEQ_ID, 'en', 'assigned entity' FROM CD_VRSN_TBL WHERE CD_ID = x'4BA0B77765C0AF4F8EC02CDAD4AE372B' AND OBSLT_UTC IS NULL;
INSERT INTO CD_NAME_TBL (CD_ID, EFFT_VRSN_SEQ_ID, LANG_CS, VAL) SELECT x'0114BD33DBDFE740A9140A695AD5186E', VRSN_SEQ_ID, 'en', 'commissioning party' FROM CD_VRSN_TBL WHERE CD_ID = x'0114BD33DBDFE740A9140A695AD5186E' AND OBSLT_UTC IS NULL;
INSERT INTO CD_NAME_TBL (CD_ID, EFFT_VRSN_SEQ_ID, LANG_CS, VAL) SELECT x'DF987F75E0146A44BD50BB0AFFB34F09', VRSN_SEQ_ID, 'en', 'signing authority or officer' FROM CD_VRSN_TBL WHERE CD_ID = x'DF987F75E0146A44BD50BB0AFFB34F09' AND OBSLT_UTC IS NULL;
INSERT INTO CD_NAME_TBL (CD_ID, EFFT_VRSN_SEQ_ID, LANG_CS, VAL) SELECT x'8D14D2B135BB37438FE6021F5A3AC8A3', VRSN_SEQ_ID, 'en', 'contact' FROM CD_VRSN_TBL WHERE CD_ID = x'8D14D2B135BB37438FE6021F5A3AC8A3' AND OBSLT_UTC IS NULL;
--INSERT INTO CD_NAME_TBL (CD_ID, EFFT_VRSN_SEQ_ID, LANG_CS, VAL) SELECT x'425F98256A475544A9774E97A554D710', VRSN_SEQ_ID, 'en', 'emergency contact' FROM CD_VRSN_TBL WHERE CD_ID = x'425F98256A475544A9774E97A554D710' AND OBSLT_UTC IS NULL;
INSERT INTO CD_NAME_TBL (CD_ID, EFFT_VRSN_SEQ_ID, LANG_CS, VAL) SELECT x'4FE7E41E2D54444596F6266A6247F274', VRSN_SEQ_ID, 'en', 'next of kin' FROM CD_VRSN_TBL WHERE CD_ID = x'4FE7E41E2D54444596F6266A6247F274' AND OBSLT_UTC IS NULL;
INSERT INTO CD_NAME_TBL (CD_ID, EFFT_VRSN_SEQ_ID, LANG_CS, VAL) SELECT x'34238E3BCC4C244F8AAE37341EA03D3E', VRSN_SEQ_ID, 'en', 'guardian' FROM CD_VRSN_TBL WHERE CD_ID = x'34238E3BCC4C244F8AAE37341EA03D3E' AND OBSLT_UTC IS NULL;
INSERT INTO CD_NAME_TBL (CD_ID, EFFT_VRSN_SEQ_ID, LANG_CS, VAL) SELECT x'5231B1353CE4CB4B8649A9E83BEE33A2', VRSN_SEQ_ID, 'en', 'citizen' FROM CD_VRSN_TBL WHERE CD_ID = x'5231B1353CE4CB4B8649A9E83BEE33A2' AND OBSLT_UTC IS NULL;
INSERT INTO CD_NAME_TBL (CD_ID, EFFT_VRSN_SEQ_ID, LANG_CS, VAL) SELECT x'724684D4D7C04C4383776DD0655B0532', VRSN_SEQ_ID, 'en', 'covered party' FROM CD_VRSN_TBL WHERE CD_ID = x'724684D4D7C04C4383776DD0655B0532' AND OBSLT_UTC IS NULL;
INSERT INTO CD_NAME_TBL (CD_ID, EFFT_VRSN_SEQ_ID, LANG_CS, VAL) SELECT x'7962259DACF1B346A974DD13E2AD4F72', VRSN_SEQ_ID, 'en', 'claimant' FROM CD_VRSN_TBL WHERE CD_ID = x'7962259DACF1B346A974DD13E2AD4F72' AND OBSLT_UTC IS NULL;
INSERT INTO CD_NAME_TBL (CD_ID, EFFT_VRSN_SEQ_ID, LANG_CS, VAL) SELECT x'377F903D5C08264CB59B62E40621DAFD', VRSN_SEQ_ID, 'en', 'named insured' FROM CD_VRSN_TBL WHERE CD_ID = x'377F903D5C08264CB59B62E40621DAFD' AND OBSLT_UTC IS NULL;
INSERT INTO CD_NAME_TBL (CD_ID, EFFT_VRSN_SEQ_ID, LANG_CS, VAL) SELECT x'8FD78EF2AB85A147BA08B5051E62D6C3', VRSN_SEQ_ID, 'en', 'dependent' FROM CD_VRSN_TBL WHERE CD_ID = x'8FD78EF2AB85A147BA08B5051E62D6C3' AND OBSLT_UTC IS NULL;
INSERT INTO CD_NAME_TBL (CD_ID, EFFT_VRSN_SEQ_ID, LANG_CS, VAL) SELECT x'0F9B044789F1194E9AA87C38ADB2491A', VRSN_SEQ_ID, 'en', 'individual' FROM CD_VRSN_TBL WHERE CD_ID = x'0F9B044789F1194E9AA87C38ADB2491A' AND OBSLT_UTC IS NULL;
INSERT INTO CD_NAME_TBL (CD_ID, EFFT_VRSN_SEQ_ID, LANG_CS, VAL) SELECT x'5B2A1AF313CEE147A0FBD704F31547DB', VRSN_SEQ_ID, 'en', 'subscriber' FROM CD_VRSN_TBL WHERE CD_ID = x'5B2A1AF313CEE147A0FBD704F31547DB' AND OBSLT_UTC IS NULL;
INSERT INTO CD_NAME_TBL (CD_ID, EFFT_VRSN_SEQ_ID, LANG_CS, VAL) SELECT x'0CA0E2CBD5E1E944AAE3D7D03E3C2EFA', VRSN_SEQ_ID, 'en', 'program eligible' FROM CD_VRSN_TBL WHERE CD_ID = x'0CA0E2CBD5E1E944AAE3D7D03E3C2EFA' AND OBSLT_UTC IS NULL;
INSERT INTO CD_NAME_TBL (CD_ID, EFFT_VRSN_SEQ_ID, LANG_CS, VAL) SELECT x'C07BAD43D82E274B97E5B3DB00A07D17', VRSN_SEQ_ID, 'en', 'clinical research investigator' FROM CD_VRSN_TBL WHERE CD_ID = x'C07BAD43D82E274B97E5B3DB00A07D17' AND OBSLT_UTC IS NULL;
INSERT INTO CD_NAME_TBL (CD_ID, EFFT_VRSN_SEQ_ID, LANG_CS, VAL) SELECT x'E66AC966C4C5664D9BD0A00C56E831DA', VRSN_SEQ_ID, 'en', 'clinical research sponsor' FROM CD_VRSN_TBL WHERE CD_ID = x'E66AC966C4C5664D9BD0A00C56E831DA' AND OBSLT_UTC IS NULL;
INSERT INTO CD_NAME_TBL (CD_ID, EFFT_VRSN_SEQ_ID, LANG_CS, VAL) SELECT x'13953CB41C1CD04E92DB55A904C122E6', VRSN_SEQ_ID, 'en', 'employee' FROM CD_VRSN_TBL WHERE CD_ID = x'13953CB41C1CD04E92DB55A904C122E6' AND OBSLT_UTC IS NULL;
INSERT INTO CD_NAME_TBL (CD_ID, EFFT_VRSN_SEQ_ID, LANG_CS, VAL) SELECT x'8DB0CF1BFAC6DD4198BF06336A33A3B7', VRSN_SEQ_ID, 'en', 'military person' FROM CD_VRSN_TBL WHERE CD_ID = x'8DB0CF1BFAC6DD4198BF06336A33A3B7' AND OBSLT_UTC IS NULL;
INSERT INTO CD_NAME_TBL (CD_ID, EFFT_VRSN_SEQ_ID, LANG_CS, VAL) SELECT x'570CB1F5E13AEA4186491CF8D9848AE1', VRSN_SEQ_ID, 'en', 'guarantor' FROM CD_VRSN_TBL WHERE CD_ID = x'570CB1F5E13AEA4186491CF8D9848AE1' AND OBSLT_UTC IS NULL;
INSERT INTO CD_NAME_TBL (CD_ID, EFFT_VRSN_SEQ_ID, LANG_CS, VAL) SELECT x'D12B520CA2DFCB43A98EF6FF137968AE', VRSN_SEQ_ID, 'en', 'Investigation Subject' FROM CD_VRSN_TBL WHERE CD_ID = x'D12B520CA2DFCB43A98EF6FF137968AE' AND OBSLT_UTC IS NULL;
INSERT INTO CD_NAME_TBL (CD_ID, EFFT_VRSN_SEQ_ID, LANG_CS, VAL) SELECT x'C048ADD79D88E24199E9BE5E6C5327B2', VRSN_SEQ_ID, 'en', 'Case Subject' FROM CD_VRSN_TBL WHERE CD_ID = x'C048ADD79D88E24199E9BE5E6C5327B2' AND OBSLT_UTC IS NULL;
INSERT INTO CD_NAME_TBL (CD_ID, EFFT_VRSN_SEQ_ID, LANG_CS, VAL) SELECT x'FE7F59EF65D99843B55A650530EBB997', VRSN_SEQ_ID, 'en', 'research subject' FROM CD_VRSN_TBL WHERE CD_ID = x'FE7F59EF65D99843B55A650530EBB997' AND OBSLT_UTC IS NULL;
INSERT INTO CD_NAME_TBL (CD_ID, EFFT_VRSN_SEQ_ID, LANG_CS, VAL) SELECT x'7E05FEB9577FEB4289D767C69646C0C4', VRSN_SEQ_ID, 'en', 'licensed entity' FROM CD_VRSN_TBL WHERE CD_ID = x'7E05FEB9577FEB4289D767C69646C0C4' AND OBSLT_UTC IS NULL;
INSERT INTO CD_NAME_TBL (CD_ID, EFFT_VRSN_SEQ_ID, LANG_CS, VAL) SELECT x'466CEFF1EB058244BAEBEAF0A8E5FFEF', VRSN_SEQ_ID, 'en', 'notary public' FROM CD_VRSN_TBL WHERE CD_ID = x'466CEFF1EB058244BAEBEAF0A8E5FFEF' AND OBSLT_UTC IS NULL;
INSERT INTO CD_NAME_TBL (CD_ID, EFFT_VRSN_SEQ_ID, LANG_CS, VAL) SELECT x'D8FE046B64C19C46910BF824C2BDA4F0', VRSN_SEQ_ID, 'en', 'healthcare provider' FROM CD_VRSN_TBL WHERE CD_ID = x'D8FE046B64C19C46910BF824C2BDA4F0' AND OBSLT_UTC IS NULL;
INSERT INTO CD_NAME_TBL (CD_ID, EFFT_VRSN_SEQ_ID, LANG_CS, VAL) SELECT x'6F9CCDBAA93F1E48963637457962804D', VRSN_SEQ_ID, 'en', 'patient' FROM CD_VRSN_TBL WHERE CD_ID = x'6F9CCDBAA93F1E48963637457962804D' AND OBSLT_UTC IS NULL;
INSERT INTO CD_NAME_TBL (CD_ID, EFFT_VRSN_SEQ_ID, LANG_CS, VAL) SELECT x'E15145736029684A93A2B277DB072A43', VRSN_SEQ_ID, 'en', 'payee' FROM CD_VRSN_TBL WHERE CD_ID = x'E15145736029684A93A2B277DB072A43' AND OBSLT_UTC IS NULL;
INSERT INTO CD_NAME_TBL (CD_ID, EFFT_VRSN_SEQ_ID, LANG_CS, VAL) SELECT x'D222C907C9125A4195D49B3FED4959D6', VRSN_SEQ_ID, 'en', 'invoice payor' FROM CD_VRSN_TBL WHERE CD_ID = x'D222C907C9125A4195D49B3FED4959D6' AND OBSLT_UTC IS NULL;
INSERT INTO CD_NAME_TBL (CD_ID, EFFT_VRSN_SEQ_ID, LANG_CS, VAL) SELECT x'EF17C0CE494EAF418596ABAD1A91C9D0', VRSN_SEQ_ID, 'en', 'policy holder' FROM CD_VRSN_TBL WHERE CD_ID = x'EF17C0CE494EAF418596ABAD1A91C9D0' AND OBSLT_UTC IS NULL;
INSERT INTO CD_NAME_TBL (CD_ID, EFFT_VRSN_SEQ_ID, LANG_CS, VAL) SELECT x'09DD21654B33BF4F9C891AD5A804326C', VRSN_SEQ_ID, 'en', 'qualified entity' FROM CD_VRSN_TBL WHERE CD_ID = x'09DD21654B33BF4F9C891AD5A804326C' AND OBSLT_UTC IS NULL;
INSERT INTO CD_NAME_TBL (CD_ID, EFFT_VRSN_SEQ_ID, LANG_CS, VAL) SELECT x'A5D9F98F06A2664582CD67B770D7CE8A', VRSN_SEQ_ID, 'en', 'coverage sponsor' FROM CD_VRSN_TBL WHERE CD_ID = x'A5D9F98F06A2664582CD67B770D7CE8A' AND OBSLT_UTC IS NULL;
INSERT INTO CD_NAME_TBL (CD_ID, EFFT_VRSN_SEQ_ID, LANG_CS, VAL) SELECT x'6675150CE9D176498542473CAA9BA2A4', VRSN_SEQ_ID, 'en', 'student' FROM CD_VRSN_TBL WHERE CD_ID = x'6675150CE9D176498542473CAA9BA2A4' AND OBSLT_UTC IS NULL;
INSERT INTO CD_NAME_TBL (CD_ID, EFFT_VRSN_SEQ_ID, LANG_CS, VAL) SELECT x'3FD8FCA88B804B498A1CEC2C6DBC3DFA', VRSN_SEQ_ID, 'en', 'underwriter' FROM CD_VRSN_TBL WHERE CD_ID = x'3FD8FCA88B804B498A1CEC2C6DBC3DFA' AND OBSLT_UTC IS NULL;
INSERT INTO CD_NAME_TBL (CD_ID, EFFT_VRSN_SEQ_ID, LANG_CS, VAL) SELECT x'05B7C1DD68C77A4C8F6976AD4B167B40', VRSN_SEQ_ID, 'en', 'access' FROM CD_VRSN_TBL WHERE CD_ID = x'05B7C1DD68C77A4C8F6976AD4B167B40' AND OBSLT_UTC IS NULL;
INSERT INTO CD_NAME_TBL (CD_ID, EFFT_VRSN_SEQ_ID, LANG_CS, VAL) SELECT x'957E2CB5B8884C4C836A934277AFDB92', VRSN_SEQ_ID, 'en', 'Administerable Material' FROM CD_VRSN_TBL WHERE CD_ID = x'957E2CB5B8884C4C836A934277AFDB92' AND OBSLT_UTC IS NULL;
INSERT INTO CD_NAME_TBL (CD_ID, EFFT_VRSN_SEQ_ID, LANG_CS, VAL) SELECT x'487EEFF3B7D83040B431AFF7E0E1CB76', VRSN_SEQ_ID, 'en', 'birthplace' FROM CD_VRSN_TBL WHERE CD_ID = x'487EEFF3B7D83040B431AFF7E0E1CB76' AND OBSLT_UTC IS NULL;
INSERT INTO CD_NAME_TBL (CD_ID, EFFT_VRSN_SEQ_ID, LANG_CS, VAL) SELECT x'CBDFB031BAD72A4598B945EBCCD30732', VRSN_SEQ_ID, 'en', 'caregiver' FROM CD_VRSN_TBL WHERE CD_ID = x'CBDFB031BAD72A4598B945EBCCD30732' AND OBSLT_UTC IS NULL;
INSERT INTO CD_NAME_TBL (CD_ID, EFFT_VRSN_SEQ_ID, LANG_CS, VAL) SELECT x'FE0CBE9BABFAC94DA28FC001E3E95E6E', VRSN_SEQ_ID, 'en', 'place of death' FROM CD_VRSN_TBL WHERE CD_ID = x'FE0CBE9BABFAC94DA28FC001E3E95E6E' AND OBSLT_UTC IS NULL;
INSERT INTO CD_NAME_TBL (CD_ID, EFFT_VRSN_SEQ_ID, LANG_CS, VAL) SELECT x'DA7A54F5B91EBB40B163081567D869E7', VRSN_SEQ_ID, 'en', 'distributed material' FROM CD_VRSN_TBL WHERE CD_ID = x'DA7A54F5B91EBB40B163081567D869E7' AND OBSLT_UTC IS NULL;
INSERT INTO CD_NAME_TBL (CD_ID, EFFT_VRSN_SEQ_ID, LANG_CS, VAL) SELECT x'F4F83D7024B1C54495061AB74DDFD91D', VRSN_SEQ_ID, 'en', 'retailed material' FROM CD_VRSN_TBL WHERE CD_ID = x'F4F83D7024B1C54495061AB74DDFD91D' AND OBSLT_UTC IS NULL;
INSERT INTO CD_NAME_TBL (CD_ID, EFFT_VRSN_SEQ_ID, LANG_CS, VAL) SELECT x'7C0839ABD3171A42A1E32DE4E0AB9FAF', VRSN_SEQ_ID, 'en', 'exposed entity' FROM CD_VRSN_TBL WHERE CD_ID = x'7C0839ABD3171A42A1E32DE4E0AB9FAF' AND OBSLT_UTC IS NULL;
INSERT INTO CD_NAME_TBL (CD_ID, EFFT_VRSN_SEQ_ID, LANG_CS, VAL) SELECT x'21A6029C6585B44694FFA2BD210989B1', VRSN_SEQ_ID, 'en', 'held entity' FROM CD_VRSN_TBL WHERE CD_ID = x'21A6029C6585B44694FFA2BD210989B1' AND OBSLT_UTC IS NULL;
INSERT INTO CD_NAME_TBL (CD_ID, EFFT_VRSN_SEQ_ID, LANG_CS, VAL) SELECT x'938C0F5BC957FF4DB59A9564739EF445', VRSN_SEQ_ID, 'en', 'health chart' FROM CD_VRSN_TBL WHERE CD_ID = x'938C0F5BC957FF4DB59A9564739EF445' AND OBSLT_UTC IS NULL;
INSERT INTO CD_NAME_TBL (CD_ID, EFFT_VRSN_SEQ_ID, LANG_CS, VAL) SELECT x'35B9C8C54F29904C9D81CBF914BF5808', VRSN_SEQ_ID, 'en', 'identified entity' FROM CD_VRSN_TBL WHERE CD_ID = x'35B9C8C54F29904C9D81CBF914BF5808' AND OBSLT_UTC IS NULL;
INSERT INTO CD_NAME_TBL (CD_ID, EFFT_VRSN_SEQ_ID, LANG_CS, VAL) SELECT x'3BDF8067BDAFA3448627CBB3DC2F02F6', VRSN_SEQ_ID, 'en', 'manufactured product' FROM CD_VRSN_TBL WHERE CD_ID = x'3BDF8067BDAFA3448627CBB3DC2F02F6' AND OBSLT_UTC IS NULL;
INSERT INTO CD_NAME_TBL (CD_ID, EFFT_VRSN_SEQ_ID, LANG_CS, VAL) SELECT x'DB7F65D6F34E3141AF7914E01A21FACA', VRSN_SEQ_ID, 'en', 'therapeutic agent' FROM CD_VRSN_TBL WHERE CD_ID = x'DB7F65D6F34E3141AF7914E01A21FACA' AND OBSLT_UTC IS NULL;
INSERT INTO CD_NAME_TBL (CD_ID, EFFT_VRSN_SEQ_ID, LANG_CS, VAL) SELECT x'CDD8B677A0051F4B9E14B895203BF40C', VRSN_SEQ_ID, 'en', 'maintained entity' FROM CD_VRSN_TBL WHERE CD_ID = x'CDD8B677A0051F4B9E14B895203BF40C' AND OBSLT_UTC IS NULL;
INSERT INTO CD_NAME_TBL (CD_ID, EFFT_VRSN_SEQ_ID, LANG_CS, VAL) SELECT x'5CA17D116408004FA9879B9854CBA44E', VRSN_SEQ_ID, 'en', 'owned entity' FROM CD_VRSN_TBL WHERE CD_ID = x'5CA17D116408004FA9879B9854CBA44E' AND OBSLT_UTC IS NULL;
INSERT INTO CD_NAME_TBL (CD_ID, EFFT_VRSN_SEQ_ID, LANG_CS, VAL) SELECT x'E83FFDAB2695FB48B36635BACA9BD170', VRSN_SEQ_ID, 'en', 'personal relationship' FROM CD_VRSN_TBL WHERE CD_ID = x'E83FFDAB2695FB48B36635BACA9BD170' AND OBSLT_UTC IS NULL;
INSERT INTO CD_NAME_TBL (CD_ID, EFFT_VRSN_SEQ_ID, LANG_CS, VAL) SELECT x'178DE9204DE2644CB09E521A177CCD05', VRSN_SEQ_ID, 'en', 'regulated product' FROM CD_VRSN_TBL WHERE CD_ID = x'178DE9204DE2644CB09E521A177CCD05' AND OBSLT_UTC IS NULL;
INSERT INTO CD_NAME_TBL (CD_ID, EFFT_VRSN_SEQ_ID, LANG_CS, VAL) SELECT x'A7DF34FFD3C68B4FBC9F14BCDC13BA6C', VRSN_SEQ_ID, 'en', 'service delivery location' FROM CD_VRSN_TBL WHERE CD_ID = x'A7DF34FFD3C68B4FBC9F14BCDC13BA6C' AND OBSLT_UTC IS NULL;
INSERT INTO CD_NAME_TBL (CD_ID, EFFT_VRSN_SEQ_ID, LANG_CS, VAL) SELECT x'72175F4580F5E84786BDB5CE25D351F9', VRSN_SEQ_ID, 'en', 'dedicated service delivery location' FROM CD_VRSN_TBL WHERE CD_ID = x'72175F4580F5E84786BDB5CE25D351F9' AND OBSLT_UTC IS NULL;
INSERT INTO CD_NAME_TBL (CD_ID, EFFT_VRSN_SEQ_ID, LANG_CS, VAL) SELECT x'AAF7BA41FD5F2144831F42D4AB3DE38A', VRSN_SEQ_ID, 'en', 'incidental service delivery location' FROM CD_VRSN_TBL WHERE CD_ID = x'AAF7BA41FD5F2144831F42D4AB3DE38A' AND OBSLT_UTC IS NULL;
INSERT INTO CD_NAME_TBL (CD_ID, EFFT_VRSN_SEQ_ID, LANG_CS, VAL) SELECT x'7625B9C6621D964887996F931F8AB607', VRSN_SEQ_ID, 'en', 'territory of authority' FROM CD_VRSN_TBL WHERE CD_ID = x'7625B9C6621D964887996F931F8AB607' AND OBSLT_UTC IS NULL;
INSERT INTO CD_NAME_TBL (CD_ID, EFFT_VRSN_SEQ_ID, LANG_CS, VAL) SELECT x'D9F7FF08C7BA7B41B026C9BEE52F4A37', VRSN_SEQ_ID, 'en', 'used entity' FROM CD_VRSN_TBL WHERE CD_ID = x'D9F7FF08C7BA7B41B026C9BEE52F4A37' AND OBSLT_UTC IS NULL;
INSERT INTO CD_NAME_TBL (CD_ID, EFFT_VRSN_SEQ_ID, LANG_CS, VAL) SELECT x'8F4B9B63D3AF63499E79EF0D3928796A', VRSN_SEQ_ID, 'en', 'warranted product' FROM CD_VRSN_TBL WHERE CD_ID = x'8F4B9B63D3AF63499E79EF0D3928796A' AND OBSLT_UTC IS NULL;
INSERT INTO CD_NAME_TBL (CD_ID, EFFT_VRSN_SEQ_ID, LANG_CS, VAL) SELECT x'DE205184F7E6EC4C94AAE6E943C91367', VRSN_SEQ_ID, 'en', 'guardian' FROM CD_VRSN_TBL WHERE CD_ID = x'DE205184F7E6EC4C94AAE6E943C91367' AND OBSLT_UTC IS NULL;
INSERT INTO CD_NAME_TBL (CD_ID, EFFT_VRSN_SEQ_ID, LANG_CS, VAL) SELECT x'52B5FEB2AF8EFE45A397F789D6F4728A', VRSN_SEQ_ID, 'en', 'part' FROM CD_VRSN_TBL WHERE CD_ID = x'52B5FEB2AF8EFE45A397F789D6F4728A' AND OBSLT_UTC IS NULL;
INSERT INTO CD_NAME_TBL (CD_ID, EFFT_VRSN_SEQ_ID, LANG_CS, VAL) SELECT x'6B1B2B2174B0754A862DE4E194252044', VRSN_SEQ_ID, 'en', 'active moiety' FROM CD_VRSN_TBL WHERE CD_ID = x'6B1B2B2174B0754A862DE4E194252044' AND OBSLT_UTC IS NULL;
INSERT INTO CD_NAME_TBL (CD_ID, EFFT_VRSN_SEQ_ID, LANG_CS, VAL) SELECT x'E470F6CF5E968842B96647A44479D2AD', VRSN_SEQ_ID, 'en', 'aliquot' FROM CD_VRSN_TBL WHERE CD_ID = x'E470F6CF5E968842B96647A44479D2AD' AND OBSLT_UTC IS NULL;
INSERT INTO CD_NAME_TBL (CD_ID, EFFT_VRSN_SEQ_ID, LANG_CS, VAL) SELECT x'A0280C02527CF442A046DB9E329D5A42', VRSN_SEQ_ID, 'en', 'isolate' FROM CD_VRSN_TBL WHERE CD_ID = x'A0280C02527CF442A046DB9E329D5A42' AND OBSLT_UTC IS NULL;
INSERT INTO CD_NAME_TBL (CD_ID, EFFT_VRSN_SEQ_ID, LANG_CS, VAL) SELECT x'69A444CAD78184449189CA1D55AFECBC', VRSN_SEQ_ID, 'en', 'account management' FROM CD_VRSN_TBL WHERE CD_ID = x'69A444CAD78184449189CA1D55AFECBC' AND OBSLT_UTC IS NULL;
INSERT INTO CD_NAME_TBL (CD_ID, EFFT_VRSN_SEQ_ID, LANG_CS, VAL) SELECT x'4E4274D892C6D84FB94E642E1CBF83E9', VRSN_SEQ_ID, 'en', 'act' FROM CD_VRSN_TBL WHERE CD_ID = x'4E4274D892C6D84FB94E642E1CBF83E9' AND OBSLT_UTC IS NULL;
INSERT INTO CD_NAME_TBL (CD_ID, EFFT_VRSN_SEQ_ID, LANG_CS, VAL) SELECT x'0878EB035108E249B773663B0AC2BD38', VRSN_SEQ_ID, 'en', 'CT event' FROM CD_VRSN_TBL WHERE CD_ID = x'0878EB035108E249B773663B0AC2BD38' AND OBSLT_UTC IS NULL;
INSERT INTO CD_NAME_TBL (CD_ID, EFFT_VRSN_SEQ_ID, LANG_CS, VAL) SELECT x'7B297115ED8602408B4013403CBA68AB', VRSN_SEQ_ID, 'en', 'INC' FROM CD_VRSN_TBL WHERE CD_ID = x'7B297115ED8602408B4013403CBA68AB' AND OBSLT_UTC IS NULL;
INSERT INTO CD_NAME_TBL (CD_ID, EFFT_VRSN_SEQ_ID, LANG_CS, VAL) SELECT x'68172F199ED39D4087BE5AFD0EE0D1FE', VRSN_SEQ_ID, 'en', 'informant' FROM CD_VRSN_TBL WHERE CD_ID = x'68172F199ED39D4087BE5AFD0EE0D1FE' AND OBSLT_UTC IS NULL;
INSERT INTO CD_NAME_TBL (CD_ID, EFFT_VRSN_SEQ_ID, LANG_CS, VAL) SELECT x'78E26D67AA64F2449B6960D61FC1F5F5', VRSN_SEQ_ID, 'en', 'battery' FROM CD_VRSN_TBL WHERE CD_ID = x'78E26D67AA64F2449B6960D61FC1F5F5' AND OBSLT_UTC IS NULL;
INSERT INTO CD_NAME_TBL (CD_ID, EFFT_VRSN_SEQ_ID, LANG_CS, VAL) SELECT x'B59180D3659021478A1FBFBB3B4BF447', VRSN_SEQ_ID, 'en', 'cluster' FROM CD_VRSN_TBL WHERE CD_ID = x'B59180D3659021478A1FBFBB3B4BF447' AND OBSLT_UTC IS NULL;
INSERT INTO CD_NAME_TBL (CD_ID, EFFT_VRSN_SEQ_ID, LANG_CS, VAL) SELECT x'26A4143B37632A4FB83BE6BE7DBCD5A5', VRSN_SEQ_ID, 'en', 'definition' FROM CD_VRSN_TBL WHERE CD_ID = x'26A4143B37632A4FB83BE6BE7DBCD5A5' AND OBSLT_UTC IS NULL;
INSERT INTO CD_NAME_TBL (CD_ID, EFFT_VRSN_SEQ_ID, LANG_CS, VAL) SELECT x'6759921348E7D64DB5621E1DA3DDFB06', VRSN_SEQ_ID, 'en', 'Goal' FROM CD_VRSN_TBL WHERE CD_ID = x'6759921348E7D64DB5621E1DA3DDFB06' AND OBSLT_UTC IS NULL;
INSERT INTO CD_NAME_TBL (CD_ID, EFFT_VRSN_SEQ_ID, LANG_CS, VAL) SELECT x'5ECC9B092F8E504DB5099F9D5BBEB58E', VRSN_SEQ_ID, 'en', 'intent' FROM CD_VRSN_TBL WHERE CD_ID = x'5ECC9B092F8E504DB5099F9D5BBEB58E' AND OBSLT_UTC IS NULL;
INSERT INTO CD_NAME_TBL (CD_ID, EFFT_VRSN_SEQ_ID, LANG_CS, VAL) SELECT x'F2BAF7AC1F22C24B8116CEB5165BE079', VRSN_SEQ_ID, 'en', 'proposal' FROM CD_VRSN_TBL WHERE CD_ID = x'F2BAF7AC1F22C24B8116CEB5165BE079' AND OBSLT_UTC IS NULL;
INSERT INTO CD_NAME_TBL (CD_ID, EFFT_VRSN_SEQ_ID, LANG_CS, VAL) SELECT x'05F23DDCEF185448AC0068C295C9C744', VRSN_SEQ_ID, 'en', 'appends' FROM CD_VRSN_TBL WHERE CD_ID = x'05F23DDCEF185448AC0068C295C9C744' AND OBSLT_UTC IS NULL;
INSERT INTO CD_NAME_TBL (CD_ID, EFFT_VRSN_SEQ_ID, LANG_CS, VAL) SELECT x'378657D1CBE15E41B3194011DA033813', VRSN_SEQ_ID, 'en', 'replaces' FROM CD_VRSN_TBL WHERE CD_ID = x'378657D1CBE15E41B3194011DA033813' AND OBSLT_UTC IS NULL;
INSERT INTO CD_NAME_TBL (CD_ID, EFFT_VRSN_SEQ_ID, LANG_CS, VAL) SELECT x'2AE02ADB12FF1B4C9C5BECDD41AF8583', VRSN_SEQ_ID, 'en', 'transforms' FROM CD_VRSN_TBL WHERE CD_ID = x'2AE02ADB12FF1B4C9C5BECDD41AF8583' AND OBSLT_UTC IS NULL;
INSERT INTO CD_NAME_TBL (CD_ID, EFFT_VRSN_SEQ_ID, LANG_CS, VAL) SELECT x'F8A0B6816AB85F499D5D8A4073FDD882', VRSN_SEQ_ID, 'en', 'derivation' FROM CD_VRSN_TBL WHERE CD_ID = x'F8A0B6816AB85F499D5D8A4073FDD882' AND OBSLT_UTC IS NULL;
INSERT INTO CD_NAME_TBL (CD_ID, EFFT_VRSN_SEQ_ID, LANG_CS, VAL) SELECT x'8516D85799E3BD4A874496454188A9FA', VRSN_SEQ_ID, 'en', 'causes' FROM CD_VRSN_TBL WHERE CD_ID = x'8516D85799E3BD4A874496454188A9FA' AND OBSLT_UTC IS NULL;
INSERT INTO CD_NAME_TBL (CD_ID, EFFT_VRSN_SEQ_ID, LANG_CS, VAL) SELECT x'178D9122DCD33541A0034C1C52E57E75', VRSN_SEQ_ID, 'en', 'manifests' FROM CD_VRSN_TBL WHERE CD_ID = x'178D9122DCD33541A0034C1C52E57E75' AND OBSLT_UTC IS NULL;
INSERT INTO CD_NAME_TBL (CD_ID, EFFT_VRSN_SEQ_ID, LANG_CS, VAL) SELECT x'A261DA55867BF3479B0BBA47DC99C950', VRSN_SEQ_ID, 'en', 'has reason' FROM CD_VRSN_TBL WHERE CD_ID = x'A261DA55867BF3479B0BBA47DC99C950' AND OBSLT_UTC IS NULL;
INSERT INTO CD_NAME_TBL (CD_ID, EFFT_VRSN_SEQ_ID, LANG_CS, VAL) SELECT x'A97C6DC6C2C6B1469276AD76BAF04B07', VRSN_SEQ_ID, 'en', 'starts after start of' FROM CD_VRSN_TBL WHERE CD_ID = x'A97C6DC6C2C6B1469276AD76BAF04B07' AND OBSLT_UTC IS NULL;
INSERT INTO CD_NAME_TBL (CD_ID, EFFT_VRSN_SEQ_ID, LANG_CS, VAL) SELECT x'F1E309325822634B81822C888DA66CF0', VRSN_SEQ_ID, 'en', 'supports' FROM CD_VRSN_TBL WHERE CD_ID = x'F1E309325822634B81822C888DA66CF0' AND OBSLT_UTC IS NULL;
INSERT INTO CD_NAME_TBL (CD_ID, EFFT_VRSN_SEQ_ID, LANG_CS, VAL) SELECT x'BCC371987AB59D47A0317B56CB06FA84', VRSN_SEQ_ID, 'en', 'subject of' FROM CD_VRSN_TBL WHERE CD_ID = x'BCC371987AB59D47A0317B56CB06FA84' AND OBSLT_UTC IS NULL;
INSERT INTO CD_NAME_TBL (CD_ID, EFFT_VRSN_SEQ_ID, LANG_CS, VAL) SELECT x'10ACF9EBC9B57A4091A4360BFB7E0FB9', VRSN_SEQ_ID, 'en', 'link' FROM CD_VRSN_TBL WHERE CD_ID = x'10ACF9EBC9B57A4091A4360BFB7E0FB9' AND OBSLT_UTC IS NULL;
INSERT INTO CD_NAME_TBL (CD_ID, EFFT_VRSN_SEQ_ID, LANG_CS, VAL) SELECT x'DF6F13E572CE5747A1CC24E1CC98F034', VRSN_SEQ_ID, 'en', 'trace' FROM CD_VRSN_TBL WHERE CD_ID = x'DF6F13E572CE5747A1CC24E1CC98F034' AND OBSLT_UTC IS NULL;
INSERT INTO CD_NAME_TBL (CD_ID, EFFT_VRSN_SEQ_ID, LANG_CS, VAL) SELECT x'FC7B284ACA72B6469D34380EEAE9369A', VRSN_SEQ_ID, 'en', 'adjudicated with adjustments' FROM CD_VRSN_TBL WHERE CD_ID = x'FC7B284ACA72B6469D34380EEAE9369A' AND OBSLT_UTC IS NULL;
INSERT INTO CD_NAME_TBL (CD_ID, EFFT_VRSN_SEQ_ID, LANG_CS, VAL) SELECT x'651E757130CC804085DE5C19D5201772', VRSN_SEQ_ID, 'en', 'adjudicated with adjustments and no financial impact' FROM CD_VRSN_TBL WHERE CD_ID = x'651E757130CC804085DE5C19D5201772' AND OBSLT_UTC IS NULL;
INSERT INTO CD_NAME_TBL (CD_ID, EFFT_VRSN_SEQ_ID, LANG_CS, VAL) SELECT x'E801D07F5154484AB5B6DA5928DCE03F', VRSN_SEQ_ID, 'en', 'adjudicated as refused' FROM CD_VRSN_TBL WHERE CD_ID = x'E801D07F5154484AB5B6DA5928DCE03F' AND OBSLT_UTC IS NULL;
INSERT INTO CD_NAME_TBL (CD_ID, EFFT_VRSN_SEQ_ID, LANG_CS, VAL) SELECT x'E392E18B1A973C4CB795554B0B5AD672', VRSN_SEQ_ID, 'en', 'adjudicated as submitted' FROM CD_VRSN_TBL WHERE CD_ID = x'E392E18B1A973C4CB795554B0B5AD672' AND OBSLT_UTC IS NULL;
INSERT INTO CD_NAME_TBL (CD_ID, EFFT_VRSN_SEQ_ID, LANG_CS, VAL) SELECT x'513FE159CA0C3E438A458EC24B332ECE', VRSN_SEQ_ID, 'en', 'Display' FROM CD_VRSN_TBL WHERE CD_ID = x'513FE159CA0C3E438A458EC24B332ECE' AND OBSLT_UTC IS NULL;
INSERT INTO CD_NAME_TBL (CD_ID, EFFT_VRSN_SEQ_ID, LANG_CS, VAL) SELECT x'8168E62BE1877341B9505534334EE08B', VRSN_SEQ_ID, 'en', 'Print on Form' FROM CD_VRSN_TBL WHERE CD_ID = x'8168E62BE1877341B9505534334EE08B' AND OBSLT_UTC IS NULL;
INSERT INTO CD_NAME_TBL (CD_ID, EFFT_VRSN_SEQ_ID, LANG_CS, VAL) SELECT x'6365C7040B0EC44996646EB3CBD771D1', VRSN_SEQ_ID, 'en', 'automobile' FROM CD_VRSN_TBL WHERE CD_ID = x'6365C7040B0EC44996646EB3CBD771D1' AND OBSLT_UTC IS NULL;
INSERT INTO CD_NAME_TBL (CD_ID, EFFT_VRSN_SEQ_ID, LANG_CS, VAL) SELECT x'B8BF98BD21C6EC48919E65A65E334D37', VRSN_SEQ_ID, 'en', 'disease program' FROM CD_VRSN_TBL WHERE CD_ID = x'B8BF98BD21C6EC48919E65A65E334D37' AND OBSLT_UTC IS NULL;
INSERT INTO CD_NAME_TBL (CD_ID, EFFT_VRSN_SEQ_ID, LANG_CS, VAL) SELECT x'337C0D2DA0C37A4992D8D27095F1E2E7', VRSN_SEQ_ID, 'en', 'collision coverage policy' FROM CD_VRSN_TBL WHERE CD_ID = x'337C0D2DA0C37A4992D8D27095F1E2E7' AND OBSLT_UTC IS NULL;
INSERT INTO CD_NAME_TBL (CD_ID, EFFT_VRSN_SEQ_ID, LANG_CS, VAL) SELECT x'7EC6E33F5AEB4045BDCD5AE2A5FFBBEF', VRSN_SEQ_ID, 'en', 'dental program' FROM CD_VRSN_TBL WHERE CD_ID = x'7EC6E33F5AEB4045BDCD5AE2A5FFBBEF' AND OBSLT_UTC IS NULL;
INSERT INTO CD_NAME_TBL (CD_ID, EFFT_VRSN_SEQ_ID, LANG_CS, VAL) SELECT x'541FE7A56CCEF4488DA5F8C61B04B7CF', VRSN_SEQ_ID, 'en', 'extended healthcare' FROM CD_VRSN_TBL WHERE CD_ID = x'541FE7A56CCEF4488DA5F8C61B04B7CF' AND OBSLT_UTC IS NULL;
INSERT INTO CD_NAME_TBL (CD_ID, EFFT_VRSN_SEQ_ID, LANG_CS, VAL) SELECT x'8D79130417407A489A8FDDF40A21F48C', VRSN_SEQ_ID, 'en', 'end renal program' FROM CD_VRSN_TBL WHERE CD_ID = x'8D79130417407A489A8FDDF40A21F48C' AND OBSLT_UTC IS NULL;
INSERT INTO CD_NAME_TBL (CD_ID, EFFT_VRSN_SEQ_ID, LANG_CS, VAL) SELECT x'D8881C238929F9488AD7DF27ADCE9948', VRSN_SEQ_ID, 'en', 'HIV-AIDS program' FROM CD_VRSN_TBL WHERE CD_ID = x'D8881C238929F9488AD7DF27ADCE9948' AND OBSLT_UTC IS NULL;
INSERT INTO CD_NAME_TBL (CD_ID, EFFT_VRSN_SEQ_ID, LANG_CS, VAL) SELECT x'F71F58C89976884784DDD6B28EDFA919', VRSN_SEQ_ID, 'en', 'health spending account' FROM CD_VRSN_TBL WHERE CD_ID = x'F71F58C89976884784DDD6B28EDFA919' AND OBSLT_UTC IS NULL;
INSERT INTO CD_NAME_TBL (CD_ID, EFFT_VRSN_SEQ_ID, LANG_CS, VAL) SELECT x'F0F21A0C62615847B532ECECE14D5A24', VRSN_SEQ_ID, 'en', 'mandatory health program' FROM CD_VRSN_TBL WHERE CD_ID = x'F0F21A0C62615847B532ECECE14D5A24' AND OBSLT_UTC IS NULL;
INSERT INTO CD_NAME_TBL (CD_ID, EFFT_VRSN_SEQ_ID, LANG_CS, VAL) SELECT x'8B793CB8671BD84793537A8687967A63', VRSN_SEQ_ID, 'en', 'mental health program' FROM CD_VRSN_TBL WHERE CD_ID = x'8B793CB8671BD84793537A8687967A63' AND OBSLT_UTC IS NULL;
INSERT INTO CD_NAME_TBL (CD_ID, EFFT_VRSN_SEQ_ID, LANG_CS, VAL) SELECT x'C597D4A88CC6DD4BB8331202735BA0AC', VRSN_SEQ_ID, 'en', 'public healthcare' FROM CD_VRSN_TBL WHERE CD_ID = x'C597D4A88CC6DD4BB8331202735BA0AC' AND OBSLT_UTC IS NULL;
INSERT INTO CD_NAME_TBL (CD_ID, EFFT_VRSN_SEQ_ID, LANG_CS, VAL) SELECT x'C967AA528945434D99FC0E3DA3B116E9', VRSN_SEQ_ID, 'en', 'safety net clinic program' FROM CD_VRSN_TBL WHERE CD_ID = x'C967AA528945434D99FC0E3DA3B116E9' AND OBSLT_UTC IS NULL;
INSERT INTO CD_NAME_TBL (CD_ID, EFFT_VRSN_SEQ_ID, LANG_CS, VAL) SELECT x'37BCF4B2F5B7364886F5500D72A552D0', VRSN_SEQ_ID, 'en', 'substance use program' FROM CD_VRSN_TBL WHERE CD_ID = x'37BCF4B2F5B7364886F5500D72A552D0' AND OBSLT_UTC IS NULL;
INSERT INTO CD_NAME_TBL (CD_ID, EFFT_VRSN_SEQ_ID, LANG_CS, VAL) SELECT x'B3D9468F301A9240B3EDC1BC0C4189B7', VRSN_SEQ_ID, 'en', 'subsidized health program' FROM CD_VRSN_TBL WHERE CD_ID = x'B3D9468F301A9240B3EDC1BC0C4189B7' AND OBSLT_UTC IS NULL;
INSERT INTO CD_NAME_TBL (CD_ID, EFFT_VRSN_SEQ_ID, LANG_CS, VAL) SELECT x'6393A850593F714285FDF79E8AC11F41', VRSN_SEQ_ID, 'en', 'subsidized managed care program' FROM CD_VRSN_TBL WHERE CD_ID = x'6393A850593F714285FDF79E8AC11F41' AND OBSLT_UTC IS NULL;
INSERT INTO CD_NAME_TBL (CD_ID, EFFT_VRSN_SEQ_ID, LANG_CS, VAL) SELECT x'F6115ADDF891D244AEF17AD8F5B690A2', VRSN_SEQ_ID, 'en', 'subsidized supplemental health program' FROM CD_VRSN_TBL WHERE CD_ID = x'F6115ADDF891D244AEF17AD8F5B690A2' AND OBSLT_UTC IS NULL;
INSERT INTO CD_NAME_TBL (CD_ID, EFFT_VRSN_SEQ_ID, LANG_CS, VAL) SELECT x'7B2CC05DD9886741A0C73EBBE67EC625', VRSN_SEQ_ID, 'en', 'uninsured motorist policy' FROM CD_VRSN_TBL WHERE CD_ID = x'7B2CC05DD9886741A0C73EBBE67EC625' AND OBSLT_UTC IS NULL;
INSERT INTO CD_NAME_TBL (CD_ID, EFFT_VRSN_SEQ_ID, LANG_CS, VAL) SELECT x'D5A2AF0117EF414F83D4B166308E998F', VRSN_SEQ_ID, 'en', 'worker''s compensation' FROM CD_VRSN_TBL WHERE CD_ID = x'D5A2AF0117EF414F83D4B166308E998F' AND OBSLT_UTC IS NULL;
INSERT INTO CD_NAME_TBL (CD_ID, EFFT_VRSN_SEQ_ID, LANG_CS, VAL) SELECT x'E9251B409660E04F8FEAD7EB40E37592', VRSN_SEQ_ID, 'en', 'federal sales tax' FROM CD_VRSN_TBL WHERE CD_ID = x'E9251B409660E04F8FEAD7EB40E37592' AND OBSLT_UTC IS NULL;
INSERT INTO CD_NAME_TBL (CD_ID, EFFT_VRSN_SEQ_ID, LANG_CS, VAL) SELECT x'837B39EAAF597A4D93F871E615072AAE', VRSN_SEQ_ID, 'en', 'harmonized sales Tax' FROM CD_VRSN_TBL WHERE CD_ID = x'837B39EAAF597A4D93F871E615072AAE' AND OBSLT_UTC IS NULL;
INSERT INTO CD_NAME_TBL (CD_ID, EFFT_VRSN_SEQ_ID, LANG_CS, VAL) SELECT x'922791BE37F67343A48D6C9F838191E2', VRSN_SEQ_ID, 'en', 'provincial/state sales tax' FROM CD_VRSN_TBL WHERE CD_ID = x'922791BE37F67343A48D6C9F838191E2' AND OBSLT_UTC IS NULL;
INSERT INTO CD_NAME_TBL (CD_ID, EFFT_VRSN_SEQ_ID, LANG_CS, VAL) SELECT x'2B168AECF7818843B695E998369C2425', VRSN_SEQ_ID, 'en', 'adjud. nullified prior-period electronic amount' FROM CD_VRSN_TBL WHERE CD_ID = x'2B168AECF7818843B695E998369C2425' AND OBSLT_UTC IS NULL;
INSERT INTO CD_NAME_TBL (CD_ID, EFFT_VRSN_SEQ_ID, LANG_CS, VAL) SELECT x'8A3FC169E2290B41B5ADF616F7191B14', VRSN_SEQ_ID, 'en', 'adjud. nullified prior-period electronic count' FROM CD_VRSN_TBL WHERE CD_ID = x'8A3FC169E2290B41B5ADF616F7191B14' AND OBSLT_UTC IS NULL;
INSERT INTO CD_NAME_TBL (CD_ID, EFFT_VRSN_SEQ_ID, LANG_CS, VAL) SELECT x'B457AE415F5FE5498C774BA7969FF469', VRSN_SEQ_ID, 'en', 'adjud. nullified prior-period manual amount' FROM CD_VRSN_TBL WHERE CD_ID = x'B457AE415F5FE5498C774BA7969FF469' AND OBSLT_UTC IS NULL;
INSERT INTO CD_NAME_TBL (CD_ID, EFFT_VRSN_SEQ_ID, LANG_CS, VAL) SELECT x'907979706D39424590A27F5F1ABF0AD1', VRSN_SEQ_ID, 'en', 'adjud. nullified prior-period manual count' FROM CD_VRSN_TBL WHERE CD_ID = x'907979706D39424590A27F5F1ABF0AD1' AND OBSLT_UTC IS NULL;
INSERT INTO CD_NAME_TBL (CD_ID, EFFT_VRSN_SEQ_ID, LANG_CS, VAL) SELECT x'01A00E3E3E12A449B28C939E5D5EA488', VRSN_SEQ_ID, 'en', 'adjud. nullified same-period electronic amount' FROM CD_VRSN_TBL WHERE CD_ID = x'01A00E3E3E12A449B28C939E5D5EA488' AND OBSLT_UTC IS NULL;
INSERT INTO CD_NAME_TBL (CD_ID, EFFT_VRSN_SEQ_ID, LANG_CS, VAL) SELECT x'9B3E228417324D40AD473EF9BDE43DCB', VRSN_SEQ_ID, 'en', 'adjud. nullified same-period electronic count' FROM CD_VRSN_TBL WHERE CD_ID = x'9B3E228417324D40AD473EF9BDE43DCB' AND OBSLT_UTC IS NULL;
INSERT INTO CD_NAME_TBL (CD_ID, EFFT_VRSN_SEQ_ID, LANG_CS, VAL) SELECT x'B091C3EF744DE44691E6C03F315555E2', VRSN_SEQ_ID, 'en', 'adjud. nullified same-period manual amount' FROM CD_VRSN_TBL WHERE CD_ID = x'B091C3EF744DE44691E6C03F315555E2' AND OBSLT_UTC IS NULL;
INSERT INTO CD_NAME_TBL (CD_ID, EFFT_VRSN_SEQ_ID, LANG_CS, VAL) SELECT x'D2B4EA2FD56BA84D905782FF9BF6A1BC', VRSN_SEQ_ID, 'en', 'adjud. nullified same-period manual count' FROM CD_VRSN_TBL WHERE CD_ID = x'D2B4EA2FD56BA84D905782FF9BF6A1BC' AND OBSLT_UTC IS NULL;
INSERT INTO CD_NAME_TBL (CD_ID, EFFT_VRSN_SEQ_ID, LANG_CS, VAL) SELECT x'BCDFB42FDD646846B2E50D5C743C9A9F', VRSN_SEQ_ID, 'en', 'adjud. non-payee payable prior-period electronic amount' FROM CD_VRSN_TBL WHERE CD_ID = x'BCDFB42FDD646846B2E50D5C743C9A9F' AND OBSLT_UTC IS NULL;
INSERT INTO CD_NAME_TBL (CD_ID, EFFT_VRSN_SEQ_ID, LANG_CS, VAL) SELECT x'60BE9D4E4E3E7440A4320BB4E47EB62D', VRSN_SEQ_ID, 'en', 'adjud. non-payee payable prior-period electronic count' FROM CD_VRSN_TBL WHERE CD_ID = x'60BE9D4E4E3E7440A4320BB4E47EB62D' AND OBSLT_UTC IS NULL;
INSERT INTO CD_NAME_TBL (CD_ID, EFFT_VRSN_SEQ_ID, LANG_CS, VAL) SELECT x'330B8A95D7C3EF47959659EEE434EB2D', VRSN_SEQ_ID, 'en', 'adjud. non-payee payable prior-period manual amount' FROM CD_VRSN_TBL WHERE CD_ID = x'330B8A95D7C3EF47959659EEE434EB2D' AND OBSLT_UTC IS NULL;
INSERT INTO CD_NAME_TBL (CD_ID, EFFT_VRSN_SEQ_ID, LANG_CS, VAL) SELECT x'6916CD17AF5A6049BD23988209EBA352', VRSN_SEQ_ID, 'en', 'adjud. non-payee payable prior-period manual count' FROM CD_VRSN_TBL WHERE CD_ID = x'6916CD17AF5A6049BD23988209EBA352' AND OBSLT_UTC IS NULL;
INSERT INTO CD_NAME_TBL (CD_ID, EFFT_VRSN_SEQ_ID, LANG_CS, VAL) SELECT x'97E7BDE7ACDE634C9F611DDBD38B98F3', VRSN_SEQ_ID, 'en', 'adjud. non-payee payable same-period electronic amount' FROM CD_VRSN_TBL WHERE CD_ID = x'97E7BDE7ACDE634C9F611DDBD38B98F3' AND OBSLT_UTC IS NULL;
INSERT INTO CD_NAME_TBL (CD_ID, EFFT_VRSN_SEQ_ID, LANG_CS, VAL) SELECT x'BA0B571D4282DB4FBD63C2E7601A64C6', VRSN_SEQ_ID, 'en', 'adjud. non-payee payable same-period electronic count' FROM CD_VRSN_TBL WHERE CD_ID = x'BA0B571D4282DB4FBD63C2E7601A64C6' AND OBSLT_UTC IS NULL;
INSERT INTO CD_NAME_TBL (CD_ID, EFFT_VRSN_SEQ_ID, LANG_CS, VAL) SELECT x'D780170981CD154CA082FD969B5BAF85', VRSN_SEQ_ID, 'en', 'adjud. non-payee payable same-period manual amount' FROM CD_VRSN_TBL WHERE CD_ID = x'D780170981CD154CA082FD969B5BAF85' AND OBSLT_UTC IS NULL;
INSERT INTO CD_NAME_TBL (CD_ID, EFFT_VRSN_SEQ_ID, LANG_CS, VAL) SELECT x'84DA15FFE664BE4795C23C5F4629913A', VRSN_SEQ_ID, 'en', 'adjud. non-payee payable same-period manual count' FROM CD_VRSN_TBL WHERE CD_ID = x'84DA15FFE664BE4795C23C5F4629913A' AND OBSLT_UTC IS NULL;
INSERT INTO CD_NAME_TBL (CD_ID, EFFT_VRSN_SEQ_ID, LANG_CS, VAL) SELECT x'30FDEE2BAF62E44083EC127F3FB6834A', VRSN_SEQ_ID, 'en', 'adjud. payee payable prior-period electronic amount' FROM CD_VRSN_TBL WHERE CD_ID = x'30FDEE2BAF62E44083EC127F3FB6834A' AND OBSLT_UTC IS NULL;
INSERT INTO CD_NAME_TBL (CD_ID, EFFT_VRSN_SEQ_ID, LANG_CS, VAL) SELECT x'C1CF92F2D1E43F48B67BB2367BB53451', VRSN_SEQ_ID, 'en', 'adjud. payee payable prior-period electronic count' FROM CD_VRSN_TBL WHERE CD_ID = x'C1CF92F2D1E43F48B67BB2367BB53451' AND OBSLT_UTC IS NULL;
INSERT INTO CD_NAME_TBL (CD_ID, EFFT_VRSN_SEQ_ID, LANG_CS, VAL) SELECT x'0951AC0AAE30494BA780735CC77218EE', VRSN_SEQ_ID, 'en', 'adjud. payee payable prior-period manual amout' FROM CD_VRSN_TBL WHERE CD_ID = x'0951AC0AAE30494BA780735CC77218EE' AND OBSLT_UTC IS NULL;
INSERT INTO CD_NAME_TBL (CD_ID, EFFT_VRSN_SEQ_ID, LANG_CS, VAL) SELECT x'5C6769197E010F48B0A833A03D4B4068', VRSN_SEQ_ID, 'en', 'adjud. payee payable prior-period manual count' FROM CD_VRSN_TBL WHERE CD_ID = x'5C6769197E010F48B0A833A03D4B4068' AND OBSLT_UTC IS NULL;
INSERT INTO CD_NAME_TBL (CD_ID, EFFT_VRSN_SEQ_ID, LANG_CS, VAL) SELECT x'D3B05929A11572469D074ECE0497BDC5', VRSN_SEQ_ID, 'en', 'adjud. payee payable same-period electronic amount' FROM CD_VRSN_TBL WHERE CD_ID = x'D3B05929A11572469D074ECE0497BDC5' AND OBSLT_UTC IS NULL;
INSERT INTO CD_NAME_TBL (CD_ID, EFFT_VRSN_SEQ_ID, LANG_CS, VAL) SELECT x'87EF045CA30CD94B9B7F4C2D41101535', VRSN_SEQ_ID, 'en', 'adjud. payee payable same-period electronic count' FROM CD_VRSN_TBL WHERE CD_ID = x'87EF045CA30CD94B9B7F4C2D41101535' AND OBSLT_UTC IS NULL;
INSERT INTO CD_NAME_TBL (CD_ID, EFFT_VRSN_SEQ_ID, LANG_CS, VAL) SELECT x'21ABD5C80A0A194E9209D0B23E06C1B1', VRSN_SEQ_ID, 'en', 'adjud. payee payable same-period manual amount' FROM CD_VRSN_TBL WHERE CD_ID = x'21ABD5C80A0A194E9209D0B23E06C1B1' AND OBSLT_UTC IS NULL;
INSERT INTO CD_NAME_TBL (CD_ID, EFFT_VRSN_SEQ_ID, LANG_CS, VAL) SELECT x'30611F4D60C08C4F8EB3C1DBA2B0DB81', VRSN_SEQ_ID, 'en', 'adjud. payee payable same-period manual count' FROM CD_VRSN_TBL WHERE CD_ID = x'30611F4D60C08C4F8EB3C1DBA2B0DB81' AND OBSLT_UTC IS NULL;
INSERT INTO CD_NAME_TBL (CD_ID, EFFT_VRSN_SEQ_ID, LANG_CS, VAL) SELECT x'620900C35E27CC4C9BC94DD9525BB9C7', VRSN_SEQ_ID, 'en', 'adjud. refused prior-period electronic amount' FROM CD_VRSN_TBL WHERE CD_ID = x'620900C35E27CC4C9BC94DD9525BB9C7' AND OBSLT_UTC IS NULL;
INSERT INTO CD_NAME_TBL (CD_ID, EFFT_VRSN_SEQ_ID, LANG_CS, VAL) SELECT x'1632DCFE31FD8F49AE54D95296A73636', VRSN_SEQ_ID, 'en', 'adjud. refused prior-period electronic count' FROM CD_VRSN_TBL WHERE CD_ID = x'1632DCFE31FD8F49AE54D95296A73636' AND OBSLT_UTC IS NULL;
INSERT INTO CD_NAME_TBL (CD_ID, EFFT_VRSN_SEQ_ID, LANG_CS, VAL) SELECT x'5B00342E7671BE4281E167B63F68B4CD', VRSN_SEQ_ID, 'en', 'adjud. refused prior-period manual amount' FROM CD_VRSN_TBL WHERE CD_ID = x'5B00342E7671BE4281E167B63F68B4CD' AND OBSLT_UTC IS NULL;
INSERT INTO CD_NAME_TBL (CD_ID, EFFT_VRSN_SEQ_ID, LANG_CS, VAL) SELECT x'EB06F20E9A18D84F965C6044AC8854B8', VRSN_SEQ_ID, 'en', 'adjud. refused prior-period manual count' FROM CD_VRSN_TBL WHERE CD_ID = x'EB06F20E9A18D84F965C6044AC8854B8' AND OBSLT_UTC IS NULL;
INSERT INTO CD_NAME_TBL (CD_ID, EFFT_VRSN_SEQ_ID, LANG_CS, VAL) SELECT x'4CFAD2EB41A42944AAC668D46D8C96BF', VRSN_SEQ_ID, 'en', 'adjud. refused same-period electronic amount' FROM CD_VRSN_TBL WHERE CD_ID = x'4CFAD2EB41A42944AAC668D46D8C96BF' AND OBSLT_UTC IS NULL;
INSERT INTO CD_NAME_TBL (CD_ID, EFFT_VRSN_SEQ_ID, LANG_CS, VAL) SELECT x'15192D61AF8F5D47A1906902591EB6DC', VRSN_SEQ_ID, 'en', 'adjud. refused same-period electronic count' FROM CD_VRSN_TBL WHERE CD_ID = x'15192D61AF8F5D47A1906902591EB6DC' AND OBSLT_UTC IS NULL;
INSERT INTO CD_NAME_TBL (CD_ID, EFFT_VRSN_SEQ_ID, LANG_CS, VAL) SELECT x'F1F0E9F821D33846A3A8043511EAECFC', VRSN_SEQ_ID, 'en', 'adjud. refused same-period manual amount' FROM CD_VRSN_TBL WHERE CD_ID = x'F1F0E9F821D33846A3A8043511EAECFC' AND OBSLT_UTC IS NULL;
INSERT INTO CD_NAME_TBL (CD_ID, EFFT_VRSN_SEQ_ID, LANG_CS, VAL) SELECT x'83FDBECE66E36442BA1370CFB2B4CDB2', VRSN_SEQ_ID, 'en', 'adjud. refused same-period manual count' FROM CD_VRSN_TBL WHERE CD_ID = x'83FDBECE66E36442BA1370CFB2B4CDB2' AND OBSLT_UTC IS NULL;
INSERT INTO CD_NAME_TBL (CD_ID, EFFT_VRSN_SEQ_ID, LANG_CS, VAL) SELECT x'E890D1958222C84AA53A02B49D9D3A8C', VRSN_SEQ_ID, 'en', 'paid nullified prior-period electronic amount' FROM CD_VRSN_TBL WHERE CD_ID = x'E890D1958222C84AA53A02B49D9D3A8C' AND OBSLT_UTC IS NULL;
INSERT INTO CD_NAME_TBL (CD_ID, EFFT_VRSN_SEQ_ID, LANG_CS, VAL) SELECT x'F072A54E6DC83948BD45344285157C92', VRSN_SEQ_ID, 'en', 'paid nullified prior-period electronic count' FROM CD_VRSN_TBL WHERE CD_ID = x'F072A54E6DC83948BD45344285157C92' AND OBSLT_UTC IS NULL;
INSERT INTO CD_NAME_TBL (CD_ID, EFFT_VRSN_SEQ_ID, LANG_CS, VAL) SELECT x'C56FEC8652B94E4E8407AA3369AA5D51', VRSN_SEQ_ID, 'en', 'paid nullified prior-period manual amount' FROM CD_VRSN_TBL WHERE CD_ID = x'C56FEC8652B94E4E8407AA3369AA5D51' AND OBSLT_UTC IS NULL;
INSERT INTO CD_NAME_TBL (CD_ID, EFFT_VRSN_SEQ_ID, LANG_CS, VAL) SELECT x'72485D41D55C3040B4B8677959A2DD1A', VRSN_SEQ_ID, 'en', 'paid nullified prior-period manual count' FROM CD_VRSN_TBL WHERE CD_ID = x'72485D41D55C3040B4B8677959A2DD1A' AND OBSLT_UTC IS NULL;
INSERT INTO CD_NAME_TBL (CD_ID, EFFT_VRSN_SEQ_ID, LANG_CS, VAL) SELECT x'D97CC7D4D8EE62449A442AB5AF40B711', VRSN_SEQ_ID, 'en', 'paid nullified same-period electronic amount' FROM CD_VRSN_TBL WHERE CD_ID = x'D97CC7D4D8EE62449A442AB5AF40B711' AND OBSLT_UTC IS NULL;
INSERT INTO CD_NAME_TBL (CD_ID, EFFT_VRSN_SEQ_ID, LANG_CS, VAL) SELECT x'BE6D7D3CD03DCC4D917DD932375C021E', VRSN_SEQ_ID, 'en', 'paid nullified same-period electronic count' FROM CD_VRSN_TBL WHERE CD_ID = x'BE6D7D3CD03DCC4D917DD932375C021E' AND OBSLT_UTC IS NULL;
INSERT INTO CD_NAME_TBL (CD_ID, EFFT_VRSN_SEQ_ID, LANG_CS, VAL) SELECT x'9DD6D1652C896149837991C5AA70D16E', VRSN_SEQ_ID, 'en', 'paid nullified same-period manual amount' FROM CD_VRSN_TBL WHERE CD_ID = x'9DD6D1652C896149837991C5AA70D16E' AND OBSLT_UTC IS NULL;
INSERT INTO CD_NAME_TBL (CD_ID, EFFT_VRSN_SEQ_ID, LANG_CS, VAL) SELECT x'437426EDFC265F4E96470C0AB3AD5696', VRSN_SEQ_ID, 'en', 'paid nullified same-period manual count' FROM CD_VRSN_TBL WHERE CD_ID = x'437426EDFC265F4E96470C0AB3AD5696' AND OBSLT_UTC IS NULL;
INSERT INTO CD_NAME_TBL (CD_ID, EFFT_VRSN_SEQ_ID, LANG_CS, VAL) SELECT x'B8EDF4719FFF3641BB66EFEE62CE4A74', VRSN_SEQ_ID, 'en', 'paid non-payee payable prior-period electronic amount' FROM CD_VRSN_TBL WHERE CD_ID = x'B8EDF4719FFF3641BB66EFEE62CE4A74' AND OBSLT_UTC IS NULL;
INSERT INTO CD_NAME_TBL (CD_ID, EFFT_VRSN_SEQ_ID, LANG_CS, VAL) SELECT x'BC4C7C6C19553B46B23D31DC0238B172', VRSN_SEQ_ID, 'en', 'paid non-payee payable prior-period electronic count' FROM CD_VRSN_TBL WHERE CD_ID = x'BC4C7C6C19553B46B23D31DC0238B172' AND OBSLT_UTC IS NULL;
INSERT INTO CD_NAME_TBL (CD_ID, EFFT_VRSN_SEQ_ID, LANG_CS, VAL) SELECT x'915DF1CAAFDC014288BB1F41D116D01C', VRSN_SEQ_ID, 'en', 'paid non-payee payable prior-period manual amount' FROM CD_VRSN_TBL WHERE CD_ID = x'915DF1CAAFDC014288BB1F41D116D01C' AND OBSLT_UTC IS NULL;
INSERT INTO CD_NAME_TBL (CD_ID, EFFT_VRSN_SEQ_ID, LANG_CS, VAL) SELECT x'C2927BD409AE134DBC452D545706E731', VRSN_SEQ_ID, 'en', 'paid non-payee payable prior-period manual count' FROM CD_VRSN_TBL WHERE CD_ID = x'C2927BD409AE134DBC452D545706E731' AND OBSLT_UTC IS NULL;
INSERT INTO CD_NAME_TBL (CD_ID, EFFT_VRSN_SEQ_ID, LANG_CS, VAL) SELECT x'AEA18D9255DB0F45812973E7D1218653', VRSN_SEQ_ID, 'en', 'paid non-payee payable same-period electronic amount' FROM CD_VRSN_TBL WHERE CD_ID = x'AEA18D9255DB0F45812973E7D1218653' AND OBSLT_UTC IS NULL;
INSERT INTO CD_NAME_TBL (CD_ID, EFFT_VRSN_SEQ_ID, LANG_CS, VAL) SELECT x'E9E699EA42BA8F4FB0F7CFB46B5DF629', VRSN_SEQ_ID, 'en', 'paid non-payee payable same-period electronic count' FROM CD_VRSN_TBL WHERE CD_ID = x'E9E699EA42BA8F4FB0F7CFB46B5DF629' AND OBSLT_UTC IS NULL;
INSERT INTO CD_NAME_TBL (CD_ID, EFFT_VRSN_SEQ_ID, LANG_CS, VAL) SELECT x'AABFB0AB82309442B8F65E9EC041B5A0', VRSN_SEQ_ID, 'en', 'paid non-payee payable same-period manual amount' FROM CD_VRSN_TBL WHERE CD_ID = x'AABFB0AB82309442B8F65E9EC041B5A0' AND OBSLT_UTC IS NULL;
INSERT INTO CD_NAME_TBL (CD_ID, EFFT_VRSN_SEQ_ID, LANG_CS, VAL) SELECT x'1C2F8F0B0B199645891288D21D367EE1', VRSN_SEQ_ID, 'en', 'paid non-payee payable same-period manual count' FROM CD_VRSN_TBL WHERE CD_ID = x'1C2F8F0B0B199645891288D21D367EE1' AND OBSLT_UTC IS NULL;
INSERT INTO CD_NAME_TBL (CD_ID, EFFT_VRSN_SEQ_ID, LANG_CS, VAL) SELECT x'820E4AA5FAA79C4AB36F39E976BBE29A', VRSN_SEQ_ID, 'en', 'paid payee payable prior-period electronic amount' FROM CD_VRSN_TBL WHERE CD_ID = x'820E4AA5FAA79C4AB36F39E976BBE29A' AND OBSLT_UTC IS NULL;
INSERT INTO CD_NAME_TBL (CD_ID, EFFT_VRSN_SEQ_ID, LANG_CS, VAL) SELECT x'523A8164EC19E843AEA9E7527CDEA88A', VRSN_SEQ_ID, 'en', 'paid payee payable prior-period electronic count' FROM CD_VRSN_TBL WHERE CD_ID = x'523A8164EC19E843AEA9E7527CDEA88A' AND OBSLT_UTC IS NULL;
INSERT INTO CD_NAME_TBL (CD_ID, EFFT_VRSN_SEQ_ID, LANG_CS, VAL) SELECT x'853402985FF851418330C4ADFDE0B579', VRSN_SEQ_ID, 'en', 'paid payee payable prior-period manual amount' FROM CD_VRSN_TBL WHERE CD_ID = x'853402985FF851418330C4ADFDE0B579' AND OBSLT_UTC IS NULL;
INSERT INTO CD_NAME_TBL (CD_ID, EFFT_VRSN_SEQ_ID, LANG_CS, VAL) SELECT x'5626C3EE6AFADC4091452487F1E561EF', VRSN_SEQ_ID, 'en', 'paid payee payable prior-period manual count' FROM CD_VRSN_TBL WHERE CD_ID = x'5626C3EE6AFADC4091452487F1E561EF' AND OBSLT_UTC IS NULL;
INSERT INTO CD_NAME_TBL (CD_ID, EFFT_VRSN_SEQ_ID, LANG_CS, VAL) SELECT x'32B72E192622A844A802FE694C581A41', VRSN_SEQ_ID, 'en', 'paid payee payable same-period electronic amount' FROM CD_VRSN_TBL WHERE CD_ID = x'32B72E192622A844A802FE694C581A41' AND OBSLT_UTC IS NULL;
INSERT INTO CD_NAME_TBL (CD_ID, EFFT_VRSN_SEQ_ID, LANG_CS, VAL) SELECT x'A795B5B8179C124D958A8B098ABDC638', VRSN_SEQ_ID, 'en', 'paid payee payable same-period electronic count' FROM CD_VRSN_TBL WHERE CD_ID = x'A795B5B8179C124D958A8B098ABDC638' AND OBSLT_UTC IS NULL;
INSERT INTO CD_NAME_TBL (CD_ID, EFFT_VRSN_SEQ_ID, LANG_CS, VAL) SELECT x'A32DE0BE99A5144D905338CE443BC2B8', VRSN_SEQ_ID, 'en', 'paid payee payable same-period manual amount' FROM CD_VRSN_TBL WHERE CD_ID = x'A32DE0BE99A5144D905338CE443BC2B8' AND OBSLT_UTC IS NULL;
INSERT INTO CD_NAME_TBL (CD_ID, EFFT_VRSN_SEQ_ID, LANG_CS, VAL) SELECT x'4B85B0B68F94EE47B3C2688BD722AEAC', VRSN_SEQ_ID, 'en', 'paid payee payable same-period manual count' FROM CD_VRSN_TBL WHERE CD_ID = x'4B85B0B68F94EE47B3C2688BD722AEAC' AND OBSLT_UTC IS NULL;
INSERT INTO CD_NAME_TBL (CD_ID, EFFT_VRSN_SEQ_ID, LANG_CS, VAL) SELECT x'77ED8C31D6CCD048B16F6EA4BE00A586', VRSN_SEQ_ID, 'en', 'submitted billed electronic amount' FROM CD_VRSN_TBL WHERE CD_ID = x'77ED8C31D6CCD048B16F6EA4BE00A586' AND OBSLT_UTC IS NULL;
INSERT INTO CD_NAME_TBL (CD_ID, EFFT_VRSN_SEQ_ID, LANG_CS, VAL) SELECT x'B3CA93F1FACF714699AF6BE949BA96AA', VRSN_SEQ_ID, 'en', 'submitted billed electronic count' FROM CD_VRSN_TBL WHERE CD_ID = x'B3CA93F1FACF714699AF6BE949BA96AA' AND OBSLT_UTC IS NULL;
INSERT INTO CD_NAME_TBL (CD_ID, EFFT_VRSN_SEQ_ID, LANG_CS, VAL) SELECT x'10C8CB2BBC5337439C0C303C52356659', VRSN_SEQ_ID, 'en', 'submitted nullified electronic amount' FROM CD_VRSN_TBL WHERE CD_ID = x'10C8CB2BBC5337439C0C303C52356659' AND OBSLT_UTC IS NULL;
INSERT INTO CD_NAME_TBL (CD_ID, EFFT_VRSN_SEQ_ID, LANG_CS, VAL) SELECT x'543E76C8A64ED44FAE315644BA0CBE0C', VRSN_SEQ_ID, 'en', 'submitted cancelled electronic count' FROM CD_VRSN_TBL WHERE CD_ID = x'543E76C8A64ED44FAE315644BA0CBE0C' AND OBSLT_UTC IS NULL;
INSERT INTO CD_NAME_TBL (CD_ID, EFFT_VRSN_SEQ_ID, LANG_CS, VAL) SELECT x'590B18B2B279F54C9EA2FB36D9AD8C03', VRSN_SEQ_ID, 'en', 'submitted pending electronic amount' FROM CD_VRSN_TBL WHERE CD_ID = x'590B18B2B279F54C9EA2FB36D9AD8C03' AND OBSLT_UTC IS NULL;
INSERT INTO CD_NAME_TBL (CD_ID, EFFT_VRSN_SEQ_ID, LANG_CS, VAL) SELECT x'778E57CAC2BC054395D5FFE559318AEA', VRSN_SEQ_ID, 'en', 'submitted pending electronic count' FROM CD_VRSN_TBL WHERE CD_ID = x'778E57CAC2BC054395D5FFE559318AEA' AND OBSLT_UTC IS NULL;
INSERT INTO CD_NAME_TBL (CD_ID, EFFT_VRSN_SEQ_ID, LANG_CS, VAL) SELECT x'910E8E7C4978054DA9E92663F3C738DB', VRSN_SEQ_ID, 'en', 'clinical product invoice' FROM CD_VRSN_TBL WHERE CD_ID = x'910E8E7C4978054DA9E92663F3C738DB' AND OBSLT_UTC IS NULL;
INSERT INTO CD_NAME_TBL (CD_ID, EFFT_VRSN_SEQ_ID, LANG_CS, VAL) SELECT x'C16D3CF7F4DD8142A4CF2DAFB8996B19', VRSN_SEQ_ID, 'en', 'compound drug invoice group' FROM CD_VRSN_TBL WHERE CD_ID = x'C16D3CF7F4DD8142A4CF2DAFB8996B19' AND OBSLT_UTC IS NULL;
INSERT INTO CD_NAME_TBL (CD_ID, EFFT_VRSN_SEQ_ID, LANG_CS, VAL) SELECT x'FB3198439B27634CA2CAAA24A95BCECB', VRSN_SEQ_ID, 'en', 'compound ingredient invoice group' FROM CD_VRSN_TBL WHERE CD_ID = x'FB3198439B27634CA2CAAA24A95BCECB' AND OBSLT_UTC IS NULL;
INSERT INTO CD_NAME_TBL (CD_ID, EFFT_VRSN_SEQ_ID, LANG_CS, VAL) SELECT x'5DC30C4B5CE0C446AFD82A03ECFE6DF1', VRSN_SEQ_ID, 'en', 'compound supply invoice group' FROM CD_VRSN_TBL WHERE CD_ID = x'5DC30C4B5CE0C446AFD82A03ECFE6DF1' AND OBSLT_UTC IS NULL;
INSERT INTO CD_NAME_TBL (CD_ID, EFFT_VRSN_SEQ_ID, LANG_CS, VAL) SELECT x'67607DA6583ECD4299D3B3B25F9C0B1E', VRSN_SEQ_ID, 'en', 'clinical service invoice' FROM CD_VRSN_TBL WHERE CD_ID = x'67607DA6583ECD4299D3B3B25F9C0B1E' AND OBSLT_UTC IS NULL;
INSERT INTO CD_NAME_TBL (CD_ID, EFFT_VRSN_SEQ_ID, LANG_CS, VAL) SELECT x'82267DC12BAA1A42A096F5D634234218', VRSN_SEQ_ID, 'en', 'clinical service and product' FROM CD_VRSN_TBL WHERE CD_ID = x'82267DC12BAA1A42A096F5D634234218' AND OBSLT_UTC IS NULL;
INSERT INTO CD_NAME_TBL (CD_ID, EFFT_VRSN_SEQ_ID, LANG_CS, VAL) SELECT x'989BCCE0E12DA74C9CC915CD488AE7AD', VRSN_SEQ_ID, 'en', 'drug invoice group' FROM CD_VRSN_TBL WHERE CD_ID = x'989BCCE0E12DA74C9CC915CD488AE7AD' AND OBSLT_UTC IS NULL;
INSERT INTO CD_NAME_TBL (CD_ID, EFFT_VRSN_SEQ_ID, LANG_CS, VAL) SELECT x'EF0A0DC75FFCB648A2AB940667923DD1', VRSN_SEQ_ID, 'en', 'financial invoice' FROM CD_VRSN_TBL WHERE CD_ID = x'EF0A0DC75FFCB648A2AB940667923DD1' AND OBSLT_UTC IS NULL;
INSERT INTO CD_NAME_TBL (CD_ID, EFFT_VRSN_SEQ_ID, LANG_CS, VAL) SELECT x'5030B73533B4B44C972AD8E2CDA72C7E', VRSN_SEQ_ID, 'en', 'frame invoice group' FROM CD_VRSN_TBL WHERE CD_ID = x'5030B73533B4B44C972AD8E2CDA72C7E' AND OBSLT_UTC IS NULL;
INSERT INTO CD_NAME_TBL (CD_ID, EFFT_VRSN_SEQ_ID, LANG_CS, VAL) SELECT x'BB65BFC849A72C4CA8412E3B3B4B4CA1', VRSN_SEQ_ID, 'en', 'lens invoice group' FROM CD_VRSN_TBL WHERE CD_ID = x'BB65BFC849A72C4CA8412E3B3B4B4CA1' AND OBSLT_UTC IS NULL;
INSERT INTO CD_NAME_TBL (CD_ID, EFFT_VRSN_SEQ_ID, LANG_CS, VAL) SELECT x'A864DC387534B140862138673DD243D1', VRSN_SEQ_ID, 'en', 'oral health service' FROM CD_VRSN_TBL WHERE CD_ID = x'A864DC387534B140862138673DD243D1' AND OBSLT_UTC IS NULL;
INSERT INTO CD_NAME_TBL (CD_ID, EFFT_VRSN_SEQ_ID, LANG_CS, VAL) SELECT x'523F72F404E85341864955A8C8CD0263', VRSN_SEQ_ID, 'en', 'preferred accommodation invoice' FROM CD_VRSN_TBL WHERE CD_ID = x'523F72F404E85341864955A8C8CD0263' AND OBSLT_UTC IS NULL;
INSERT INTO CD_NAME_TBL (CD_ID, EFFT_VRSN_SEQ_ID, LANG_CS, VAL) SELECT x'282F9EF9C8492843AD66EC57950C758E', VRSN_SEQ_ID, 'en', 'product invoice group' FROM CD_VRSN_TBL WHERE CD_ID = x'282F9EF9C8492843AD66EC57950C758E' AND OBSLT_UTC IS NULL;
INSERT INTO CD_NAME_TBL (CD_ID, EFFT_VRSN_SEQ_ID, LANG_CS, VAL) SELECT x'ABC565D3D24AD740AFC20CDC734D2B4F', VRSN_SEQ_ID, 'en', 'Rx compound invoice' FROM CD_VRSN_TBL WHERE CD_ID = x'ABC565D3D24AD740AFC20CDC734D2B4F' AND OBSLT_UTC IS NULL;
INSERT INTO CD_NAME_TBL (CD_ID, EFFT_VRSN_SEQ_ID, LANG_CS, VAL) SELECT x'90D62DCD879B5E4FA0877BD0B1CF9248', VRSN_SEQ_ID, 'en', 'Rx dispense invoice' FROM CD_VRSN_TBL WHERE CD_ID = x'90D62DCD879B5E4FA0877BD0B1CF9248' AND OBSLT_UTC IS NULL;
INSERT INTO CD_NAME_TBL (CD_ID, EFFT_VRSN_SEQ_ID, LANG_CS, VAL) SELECT x'371F4B9C28748B4F84A7C08E8FF1FCE0', VRSN_SEQ_ID, 'en', 'sessional or block fee invoice' FROM CD_VRSN_TBL WHERE CD_ID = x'371F4B9C28748B4F84A7C08E8FF1FCE0' AND OBSLT_UTC IS NULL;
INSERT INTO CD_NAME_TBL (CD_ID, EFFT_VRSN_SEQ_ID, LANG_CS, VAL) SELECT x'44E3B187545ACE468668FF4D2363F61B', VRSN_SEQ_ID, 'en', 'vision dispense invoice' FROM CD_VRSN_TBL WHERE CD_ID = x'44E3B187545ACE468668FF4D2363F61B' AND OBSLT_UTC IS NULL;
INSERT INTO CD_NAME_TBL (CD_ID, EFFT_VRSN_SEQ_ID, LANG_CS, VAL) SELECT x'3FE1310371F4BD4F92DC66E0A46239D5', VRSN_SEQ_ID, 'en', 'Booster Immunization' FROM CD_VRSN_TBL WHERE CD_ID = x'3FE1310371F4BD4F92DC66E0A46239D5' AND OBSLT_UTC IS NULL;
INSERT INTO CD_NAME_TBL (CD_ID, EFFT_VRSN_SEQ_ID, LANG_CS, VAL) SELECT x'57A0847DCC1F5440A51FB77D230FC6D1', VRSN_SEQ_ID, 'en', 'drug therapy' FROM CD_VRSN_TBL WHERE CD_ID = x'57A0847DCC1F5440A51FB77D230FC6D1' AND OBSLT_UTC IS NULL;
INSERT INTO CD_NAME_TBL (CD_ID, EFFT_VRSN_SEQ_ID, LANG_CS, VAL) SELECT x'21357A6E67290A4C80EC6C5C197B2178', VRSN_SEQ_ID, 'en', 'immunization' FROM CD_VRSN_TBL WHERE CD_ID = x'21357A6E67290A4C80EC6C5C197B2178' AND OBSLT_UTC IS NULL;
INSERT INTO CD_NAME_TBL (CD_ID, EFFT_VRSN_SEQ_ID, LANG_CS, VAL) SELECT x'886BBEF38FBC6342A77986F21EA10A47', VRSN_SEQ_ID, 'en', 'Initial Immunization' FROM CD_VRSN_TBL WHERE CD_ID = x'886BBEF38FBC6342A77986F21EA10A47' AND OBSLT_UTC IS NULL;
INSERT INTO CD_NAME_TBL (CD_ID, EFFT_VRSN_SEQ_ID, LANG_CS, VAL) SELECT x'E9414909DBA3B548862CBC289BD7F86C', VRSN_SEQ_ID, 'en', 'female' FROM CD_VRSN_TBL WHERE CD_ID = x'E9414909DBA3B548862CBC289BD7F86C' AND OBSLT_UTC IS NULL;
INSERT INTO CD_NAME_TBL (CD_ID, EFFT_VRSN_SEQ_ID, LANG_CS, VAL) SELECT x'BBA6E3F42E61B2469F77FF844D971198', VRSN_SEQ_ID, 'en', 'male' FROM CD_VRSN_TBL WHERE CD_ID = x'BBA6E3F42E61B2469F77FF844D971198' AND OBSLT_UTC IS NULL;
INSERT INTO CD_NAME_TBL (CD_ID, EFFT_VRSN_SEQ_ID, LANG_CS, VAL) SELECT x'82A794AE851441429BCA5B09DB2156BF', VRSN_SEQ_ID, 'en', 'undifferentiated' FROM CD_VRSN_TBL WHERE CD_ID = x'82A794AE851441429BCA5B09DB2156BF' AND OBSLT_UTC IS NULL;
INSERT INTO CD_NAME_TBL (CD_ID, EFFT_VRSN_SEQ_ID, LANG_CS, VAL) SELECT x'03ABF20F0A6ED140894704C4937B4CC4', VRSN_SEQ_ID, 'en', 'aunt' FROM CD_VRSN_TBL WHERE CD_ID = x'03ABF20F0A6ED140894704C4937B4CC4' AND OBSLT_UTC IS NULL;
INSERT INTO CD_NAME_TBL (CD_ID, EFFT_VRSN_SEQ_ID, LANG_CS, VAL) SELECT x'530D382422EA20489F068671F774F133', VRSN_SEQ_ID, 'en', 'Brother' FROM CD_VRSN_TBL WHERE CD_ID = x'530D382422EA20489F068671F774F133' AND OBSLT_UTC IS NULL;
INSERT INTO CD_NAME_TBL (CD_ID, EFFT_VRSN_SEQ_ID, LANG_CS, VAL) SELECT x'E2874C0AC3166143BE3CDD765EE4BC7D', VRSN_SEQ_ID, 'en', 'brother-in-law' FROM CD_VRSN_TBL WHERE CD_ID = x'E2874C0AC3166143BE3CDD765EE4BC7D' AND OBSLT_UTC IS NULL;
INSERT INTO CD_NAME_TBL (CD_ID, EFFT_VRSN_SEQ_ID, LANG_CS, VAL) SELECT x'D05794735A839C4A811C42B5E92ED1CA', VRSN_SEQ_ID, 'en', 'Child' FROM CD_VRSN_TBL WHERE CD_ID = x'D05794735A839C4A811C42B5E92ED1CA' AND OBSLT_UTC IS NULL;
INSERT INTO CD_NAME_TBL (CD_ID, EFFT_VRSN_SEQ_ID, LANG_CS, VAL) SELECT x'695BA28FC2C9404C84C10EA9641A12EC', VRSN_SEQ_ID, 'en', 'adopted child' FROM CD_VRSN_TBL WHERE CD_ID = x'695BA28FC2C9404C84C10EA9641A12EC' AND OBSLT_UTC IS NULL;
INSERT INTO CD_NAME_TBL (CD_ID, EFFT_VRSN_SEQ_ID, LANG_CS, VAL) SELECT x'3726FEAB38D39040B3A53EC19A47BE6A', VRSN_SEQ_ID, 'en', 'foster child' FROM CD_VRSN_TBL WHERE CD_ID = x'3726FEAB38D39040B3A53EC19A47BE6A' AND OBSLT_UTC IS NULL;
INSERT INTO CD_NAME_TBL (CD_ID, EFFT_VRSN_SEQ_ID, LANG_CS, VAL) SELECT x'9231F28B75DEEB48ABEE81A9A15332F8', VRSN_SEQ_ID, 'en', 'child in-law' FROM CD_VRSN_TBL WHERE CD_ID = x'9231F28B75DEEB48ABEE81A9A15332F8' AND OBSLT_UTC IS NULL;
INSERT INTO CD_NAME_TBL (CD_ID, EFFT_VRSN_SEQ_ID, LANG_CS, VAL) SELECT x'1C930F1C499C524A8FBF5217C52EA778', VRSN_SEQ_ID, 'en', 'cousin' FROM CD_VRSN_TBL WHERE CD_ID = x'1C930F1C499C524A8FBF5217C52EA778' AND OBSLT_UTC IS NULL;
INSERT INTO CD_NAME_TBL (CD_ID, EFFT_VRSN_SEQ_ID, LANG_CS, VAL) SELECT x'3C1A186A41722543B011630D3CA6DC4A', VRSN_SEQ_ID, 'en', 'natural daughter' FROM CD_VRSN_TBL WHERE CD_ID = x'3C1A186A41722543B011630D3CA6DC4A' AND OBSLT_UTC IS NULL;
INSERT INTO CD_NAME_TBL (CD_ID, EFFT_VRSN_SEQ_ID, LANG_CS, VAL) SELECT x'D82E4B2B0CF99341870AF48BC39657C1', VRSN_SEQ_ID, 'en', 'adopted daughter' FROM CD_VRSN_TBL WHERE CD_ID = x'D82E4B2B0CF99341870AF48BC39657C1' AND OBSLT_UTC IS NULL;
INSERT INTO CD_NAME_TBL (CD_ID, EFFT_VRSN_SEQ_ID, LANG_CS, VAL) SELECT x'3FB465810381D34EBAC64FC0DF8C1A84', VRSN_SEQ_ID, 'en', 'Daughter' FROM CD_VRSN_TBL WHERE CD_ID = x'3FB465810381D34EBAC64FC0DF8C1A84' AND OBSLT_UTC IS NULL;
INSERT INTO CD_NAME_TBL (CD_ID, EFFT_VRSN_SEQ_ID, LANG_CS, VAL) SELECT x'73671DE8E3972D4BB6A3A4624BA5C6A9', VRSN_SEQ_ID, 'en', 'foster daughter' FROM CD_VRSN_TBL WHERE CD_ID = x'73671DE8E3972D4BB6A3A4624BA5C6A9' AND OBSLT_UTC IS NULL;
INSERT INTO CD_NAME_TBL (CD_ID, EFFT_VRSN_SEQ_ID, LANG_CS, VAL) SELECT x'E7F0FD76E0CFB4479630C645F254CDFD', VRSN_SEQ_ID, 'en', 'daughter in-law' FROM CD_VRSN_TBL WHERE CD_ID = x'E7F0FD76E0CFB4479630C645F254CDFD' AND OBSLT_UTC IS NULL;
INSERT INTO CD_NAME_TBL (CD_ID, EFFT_VRSN_SEQ_ID, LANG_CS, VAL) SELECT x'E282B13D3B65FD4BA30032F23345D1C0', VRSN_SEQ_ID, 'en', 'domestic partner' FROM CD_VRSN_TBL WHERE CD_ID = x'E282B13D3B65FD4BA30032F23345D1C0' AND OBSLT_UTC IS NULL;
INSERT INTO CD_NAME_TBL (CD_ID, EFFT_VRSN_SEQ_ID, LANG_CS, VAL) SELECT x'C76ED638C80C09469675B6FF91EDE605', VRSN_SEQ_ID, 'en', 'Family Member' FROM CD_VRSN_TBL WHERE CD_ID = x'C76ED638C80C09469675B6FF91EDE605' AND OBSLT_UTC IS NULL;
INSERT INTO CD_NAME_TBL (CD_ID, EFFT_VRSN_SEQ_ID, LANG_CS, VAL) SELECT x'CC8ED140F88F034E8E5897A980F04060', VRSN_SEQ_ID, 'en', 'Father' FROM CD_VRSN_TBL WHERE CD_ID = x'CC8ED140F88F034E8E5897A980F04060' AND OBSLT_UTC IS NULL;
INSERT INTO CD_NAME_TBL (CD_ID, EFFT_VRSN_SEQ_ID, LANG_CS, VAL) SELECT x'81DD01B41C93AD4A8FD822A6AC2EA3DC', VRSN_SEQ_ID, 'en', 'father-in-law' FROM CD_VRSN_TBL WHERE CD_ID = x'81DD01B41C93AD4A8FD822A6AC2EA3DC' AND OBSLT_UTC IS NULL;
INSERT INTO CD_NAME_TBL (CD_ID, EFFT_VRSN_SEQ_ID, LANG_CS, VAL) SELECT x'5D4BE2BF329CF34DAD7BEAA19E7D4AFB', VRSN_SEQ_ID, 'en', 'great grandfather' FROM CD_VRSN_TBL WHERE CD_ID = x'5D4BE2BF329CF34DAD7BEAA19E7D4AFB' AND OBSLT_UTC IS NULL;
INSERT INTO CD_NAME_TBL (CD_ID, EFFT_VRSN_SEQ_ID, LANG_CS, VAL) SELECT x'45C3FB02251A784FAEEAA12584A1EEC3', VRSN_SEQ_ID, 'en', 'great grandmother' FROM CD_VRSN_TBL WHERE CD_ID = x'45C3FB02251A784FAEEAA12584A1EEC3' AND OBSLT_UTC IS NULL;
INSERT INTO CD_NAME_TBL (CD_ID, EFFT_VRSN_SEQ_ID, LANG_CS, VAL) SELECT x'11EB8F5281AE6A42BE1FCE74C83009EB', VRSN_SEQ_ID, 'en', 'great grandparent' FROM CD_VRSN_TBL WHERE CD_ID = x'11EB8F5281AE6A42BE1FCE74C83009EB' AND OBSLT_UTC IS NULL;
INSERT INTO CD_NAME_TBL (CD_ID, EFFT_VRSN_SEQ_ID, LANG_CS, VAL) SELECT x'4494C548C0FEB843AA2C7AEDB70733AD', VRSN_SEQ_ID, 'en', 'Grandfather' FROM CD_VRSN_TBL WHERE CD_ID = x'4494C548C0FEB843AA2C7AEDB70733AD' AND OBSLT_UTC IS NULL;
INSERT INTO CD_NAME_TBL (CD_ID, EFFT_VRSN_SEQ_ID, LANG_CS, VAL) SELECT x'2CBA30B6008AD846BF64870D381D8917', VRSN_SEQ_ID, 'en', 'Grandmother' FROM CD_VRSN_TBL WHERE CD_ID = x'2CBA30B6008AD846BF64870D381D8917' AND OBSLT_UTC IS NULL;
INSERT INTO CD_NAME_TBL (CD_ID, EFFT_VRSN_SEQ_ID, LANG_CS, VAL) SELECT x'A2DD3AC3EDA492408D9CB8E3FBD5D90B', VRSN_SEQ_ID, 'en', 'grandchild' FROM CD_VRSN_TBL WHERE CD_ID = x'A2DD3AC3EDA492408D9CB8E3FBD5D90B' AND OBSLT_UTC IS NULL;
INSERT INTO CD_NAME_TBL (CD_ID, EFFT_VRSN_SEQ_ID, LANG_CS, VAL) SELECT x'3F99B13C03373F4587BE21B606DB7631', VRSN_SEQ_ID, 'en', 'granddaughter' FROM CD_VRSN_TBL WHERE CD_ID = x'3F99B13C03373F4587BE21B606DB7631' AND OBSLT_UTC IS NULL;
INSERT INTO CD_NAME_TBL (CD_ID, EFFT_VRSN_SEQ_ID, LANG_CS, VAL) SELECT x'6344A6F775BCD444A8CAC9FBC2C87175', VRSN_SEQ_ID, 'en', 'grandson' FROM CD_VRSN_TBL WHERE CD_ID = x'6344A6F775BCD444A8CAC9FBC2C87175' AND OBSLT_UTC IS NULL;
INSERT INTO CD_NAME_TBL (CD_ID, EFFT_VRSN_SEQ_ID, LANG_CS, VAL) SELECT x'F96D64FA647D1F4DAE9A6261FD5FD6AE', VRSN_SEQ_ID, 'en', 'Grandparent' FROM CD_VRSN_TBL WHERE CD_ID = x'F96D64FA647D1F4DAE9A6261FD5FD6AE' AND OBSLT_UTC IS NULL;
INSERT INTO CD_NAME_TBL (CD_ID, EFFT_VRSN_SEQ_ID, LANG_CS, VAL) SELECT x'F2E2CA25ECD1FE4EA92FD479785F7D8A', VRSN_SEQ_ID, 'en', 'half-brother' FROM CD_VRSN_TBL WHERE CD_ID = x'F2E2CA25ECD1FE4EA92FD479785F7D8A' AND OBSLT_UTC IS NULL;
INSERT INTO CD_NAME_TBL (CD_ID, EFFT_VRSN_SEQ_ID, LANG_CS, VAL) SELECT x'B9EC528462D74A4C96B281D130CB729B', VRSN_SEQ_ID, 'en', 'half-sibling' FROM CD_VRSN_TBL WHERE CD_ID = x'B9EC528462D74A4C96B281D130CB729B' AND OBSLT_UTC IS NULL;
INSERT INTO CD_NAME_TBL (CD_ID, EFFT_VRSN_SEQ_ID, LANG_CS, VAL) SELECT x'80C642CE83A7DE4CBCD1E261D6FD68A0', VRSN_SEQ_ID, 'en', 'half-sister' FROM CD_VRSN_TBL WHERE CD_ID = x'80C642CE83A7DE4CBCD1E261D6FD68A0' AND OBSLT_UTC IS NULL;
INSERT INTO CD_NAME_TBL (CD_ID, EFFT_VRSN_SEQ_ID, LANG_CS, VAL) SELECT x'4CA4AC627CB5FD449703FCDFF97C04B6', VRSN_SEQ_ID, 'en', 'husband' FROM CD_VRSN_TBL WHERE CD_ID = x'4CA4AC627CB5FD449703FCDFF97C04B6' AND OBSLT_UTC IS NULL;
INSERT INTO CD_NAME_TBL (CD_ID, EFFT_VRSN_SEQ_ID, LANG_CS, VAL) SELECT x'5D35EA96680C1F488B6F1B00A101AB8F', VRSN_SEQ_ID, 'en', 'MaternalAunt' FROM CD_VRSN_TBL WHERE CD_ID = x'5D35EA96680C1F488B6F1B00A101AB8F' AND OBSLT_UTC IS NULL;
INSERT INTO CD_NAME_TBL (CD_ID, EFFT_VRSN_SEQ_ID, LANG_CS, VAL) SELECT x'E5CD74D8767D1D4F97E6DB7E82BAC958', VRSN_SEQ_ID, 'en', 'MaternalCousin' FROM CD_VRSN_TBL WHERE CD_ID = x'E5CD74D8767D1D4F97E6DB7E82BAC958' AND OBSLT_UTC IS NULL;
INSERT INTO CD_NAME_TBL (CD_ID, EFFT_VRSN_SEQ_ID, LANG_CS, VAL) SELECT x'D1D0E6AB374E7C4B9ACCEEDB2C36F9CD', VRSN_SEQ_ID, 'en', 'MaternalGreatgrandfather' FROM CD_VRSN_TBL WHERE CD_ID = x'D1D0E6AB374E7C4B9ACCEEDB2C36F9CD' AND OBSLT_UTC IS NULL;
INSERT INTO CD_NAME_TBL (CD_ID, EFFT_VRSN_SEQ_ID, LANG_CS, VAL) SELECT x'E6724FFEF8847642AE642EF1F2FF406F', VRSN_SEQ_ID, 'en', 'MaternalGreatgrandmother' FROM CD_VRSN_TBL WHERE CD_ID = x'E6724FFEF8847642AE642EF1F2FF406F' AND OBSLT_UTC IS NULL;
INSERT INTO CD_NAME_TBL (CD_ID, EFFT_VRSN_SEQ_ID, LANG_CS, VAL) SELECT x'D387BC591816144F81D271072C1F37E9', VRSN_SEQ_ID, 'en', 'MaternalGreatgrandparent' FROM CD_VRSN_TBL WHERE CD_ID = x'D387BC591816144F81D271072C1F37E9' AND OBSLT_UTC IS NULL;
INSERT INTO CD_NAME_TBL (CD_ID, EFFT_VRSN_SEQ_ID, LANG_CS, VAL) SELECT x'776A0F36B5FDB64FB2233CD1047FD08E', VRSN_SEQ_ID, 'en', 'MaternalGrandfather' FROM CD_VRSN_TBL WHERE CD_ID = x'776A0F36B5FDB64FB2233CD1047FD08E' AND OBSLT_UTC IS NULL;
INSERT INTO CD_NAME_TBL (CD_ID, EFFT_VRSN_SEQ_ID, LANG_CS, VAL) SELECT x'2B8313EA382EB64BB55DAE749CCABA95', VRSN_SEQ_ID, 'en', 'MaternalGrandmother' FROM CD_VRSN_TBL WHERE CD_ID = x'2B8313EA382EB64BB55DAE749CCABA95' AND OBSLT_UTC IS NULL;
INSERT INTO CD_NAME_TBL (CD_ID, EFFT_VRSN_SEQ_ID, LANG_CS, VAL) SELECT x'D1DBE0666590F84A808D89EDD302F264', VRSN_SEQ_ID, 'en', 'MaternalGrandparent' FROM CD_VRSN_TBL WHERE CD_ID = x'D1DBE0666590F84A808D89EDD302F264' AND OBSLT_UTC IS NULL;
INSERT INTO CD_NAME_TBL (CD_ID, EFFT_VRSN_SEQ_ID, LANG_CS, VAL) SELECT x'E564FF2964B51A4192C76818C02A9E48', VRSN_SEQ_ID, 'en', 'Mother' FROM CD_VRSN_TBL WHERE CD_ID = x'E564FF2964B51A4192C76818C02A9E48' AND OBSLT_UTC IS NULL;
INSERT INTO CD_NAME_TBL (CD_ID, EFFT_VRSN_SEQ_ID, LANG_CS, VAL) SELECT x'8A9841F9551C0844AB57E9ED35B2A24D', VRSN_SEQ_ID, 'en', 'mother-in-law' FROM CD_VRSN_TBL WHERE CD_ID = x'8A9841F9551C0844AB57E9ED35B2A24D' AND OBSLT_UTC IS NULL;
INSERT INTO CD_NAME_TBL (CD_ID, EFFT_VRSN_SEQ_ID, LANG_CS, VAL) SELECT x'469C294E6FF0FC4EB3C0B7B659A120F2', VRSN_SEQ_ID, 'en', 'MaternalUncle' FROM CD_VRSN_TBL WHERE CD_ID = x'469C294E6FF0FC4EB3C0B7B659A120F2' AND OBSLT_UTC IS NULL;
INSERT INTO CD_NAME_TBL (CD_ID, EFFT_VRSN_SEQ_ID, LANG_CS, VAL) SELECT x'B11EF1DAC2FC2145A1C0DAEBAF0A923A', VRSN_SEQ_ID, 'en', 'natural brother' FROM CD_VRSN_TBL WHERE CD_ID = x'B11EF1DAC2FC2145A1C0DAEBAF0A923A' AND OBSLT_UTC IS NULL;
INSERT INTO CD_NAME_TBL (CD_ID, EFFT_VRSN_SEQ_ID, LANG_CS, VAL) SELECT x'757E098032A29F4A878F7E60EC70F921', VRSN_SEQ_ID, 'en', 'natural child' FROM CD_VRSN_TBL WHERE CD_ID = x'757E098032A29F4A878F7E60EC70F921' AND OBSLT_UTC IS NULL;
INSERT INTO CD_NAME_TBL (CD_ID, EFFT_VRSN_SEQ_ID, LANG_CS, VAL) SELECT x'D2F15A5C6D0E8F4595743AD61C393A90', VRSN_SEQ_ID, 'en', 'nephew' FROM CD_VRSN_TBL WHERE CD_ID = x'D2F15A5C6D0E8F4595743AD61C393A90' AND OBSLT_UTC IS NULL;
INSERT INTO CD_NAME_TBL (CD_ID, EFFT_VRSN_SEQ_ID, LANG_CS, VAL) SELECT x'0B893D23EF04654399AD26CB4E1F75F3', VRSN_SEQ_ID, 'en', 'natural father' FROM CD_VRSN_TBL WHERE CD_ID = x'0B893D23EF04654399AD26CB4E1F75F3' AND OBSLT_UTC IS NULL;
INSERT INTO CD_NAME_TBL (CD_ID, EFFT_VRSN_SEQ_ID, LANG_CS, VAL) SELECT x'BCDE888E75D1F3469B48106F9C151CD2', VRSN_SEQ_ID, 'en', 'natural father of fetus' FROM CD_VRSN_TBL WHERE CD_ID = x'BCDE888E75D1F3469B48106F9C151CD2' AND OBSLT_UTC IS NULL;
INSERT INTO CD_NAME_TBL (CD_ID, EFFT_VRSN_SEQ_ID, LANG_CS, VAL) SELECT x'2A96500AB460D844A7F61EB2AA5967CC', VRSN_SEQ_ID, 'en', 'niece' FROM CD_VRSN_TBL WHERE CD_ID = x'2A96500AB460D844A7F61EB2AA5967CC' AND OBSLT_UTC IS NULL;
INSERT INTO CD_NAME_TBL (CD_ID, EFFT_VRSN_SEQ_ID, LANG_CS, VAL) SELECT x'D8E407A923D88F479C5A6FACAE6B4B5B', VRSN_SEQ_ID, 'en', 'niece/nephew' FROM CD_VRSN_TBL WHERE CD_ID = x'D8E407A923D88F479C5A6FACAE6B4B5B' AND OBSLT_UTC IS NULL;
INSERT INTO CD_NAME_TBL (CD_ID, EFFT_VRSN_SEQ_ID, LANG_CS, VAL) SELECT x'9A689D059223FB4FB6AE682C9DED8DA2', VRSN_SEQ_ID, 'en', 'natural mother' FROM CD_VRSN_TBL WHERE CD_ID = x'9A689D059223FB4FB6AE682C9DED8DA2' AND OBSLT_UTC IS NULL;
INSERT INTO CD_NAME_TBL (CD_ID, EFFT_VRSN_SEQ_ID, LANG_CS, VAL) SELECT x'391B85E671A75E4A8AA89BA140B3DCA3', VRSN_SEQ_ID, 'en', 'natural parent' FROM CD_VRSN_TBL WHERE CD_ID = x'391B85E671A75E4A8AA89BA140B3DCA3' AND OBSLT_UTC IS NULL;
INSERT INTO CD_NAME_TBL (CD_ID, EFFT_VRSN_SEQ_ID, LANG_CS, VAL) SELECT x'65FB890B8ECA4D4A9D250BAE3F4D7A59', VRSN_SEQ_ID, 'en', 'natural sibling' FROM CD_VRSN_TBL WHERE CD_ID = x'65FB890B8ECA4D4A9D250BAE3F4D7A59' AND OBSLT_UTC IS NULL;
INSERT INTO CD_NAME_TBL (CD_ID, EFFT_VRSN_SEQ_ID, LANG_CS, VAL) SELECT x'7D1DA28EE96E9B44A1DCC4AA0FF7F5B9', VRSN_SEQ_ID, 'en', 'natural sister' FROM CD_VRSN_TBL WHERE CD_ID = x'7D1DA28EE96E9B44A1DCC4AA0FF7F5B9' AND OBSLT_UTC IS NULL;
INSERT INTO CD_NAME_TBL (CD_ID, EFFT_VRSN_SEQ_ID, LANG_CS, VAL) SELECT x'8B9E1E6AC3D0F0449906A6458685E269', VRSN_SEQ_ID, 'en', 'PaternalAunt' FROM CD_VRSN_TBL WHERE CD_ID = x'8B9E1E6AC3D0F0449906A6458685E269' AND OBSLT_UTC IS NULL;
INSERT INTO CD_NAME_TBL (CD_ID, EFFT_VRSN_SEQ_ID, LANG_CS, VAL) SELECT x'56FEAF606D12EE439FDE5F117E41C7A8', VRSN_SEQ_ID, 'en', 'PaternalCousin' FROM CD_VRSN_TBL WHERE CD_ID = x'56FEAF606D12EE439FDE5F117E41C7A8' AND OBSLT_UTC IS NULL;
INSERT INTO CD_NAME_TBL (CD_ID, EFFT_VRSN_SEQ_ID, LANG_CS, VAL) SELECT x'58C7EE0A0FC2E44397898C44629F5941', VRSN_SEQ_ID, 'en', 'PaternalGreatgrandfather' FROM CD_VRSN_TBL WHERE CD_ID = x'58C7EE0A0FC2E44397898C44629F5941' AND OBSLT_UTC IS NULL;
INSERT INTO CD_NAME_TBL (CD_ID, EFFT_VRSN_SEQ_ID, LANG_CS, VAL) SELECT x'03A2CB0F38120140BEB719A667506ADE', VRSN_SEQ_ID, 'en', 'PaternalGreatgrandmother' FROM CD_VRSN_TBL WHERE CD_ID = x'03A2CB0F38120140BEB719A667506ADE' AND OBSLT_UTC IS NULL;
INSERT INTO CD_NAME_TBL (CD_ID, EFFT_VRSN_SEQ_ID, LANG_CS, VAL) SELECT x'5089A9089133664AA1C8421C6FD82911', VRSN_SEQ_ID, 'en', 'PaternalGreatgrandparent' FROM CD_VRSN_TBL WHERE CD_ID = x'5089A9089133664AA1C8421C6FD82911' AND OBSLT_UTC IS NULL;
INSERT INTO CD_NAME_TBL (CD_ID, EFFT_VRSN_SEQ_ID, LANG_CS, VAL) SELECT x'39C9D52F08C550428EFB13B772E56B7F', VRSN_SEQ_ID, 'en', 'PaternalGrandfather' FROM CD_VRSN_TBL WHERE CD_ID = x'39C9D52F08C550428EFB13B772E56B7F' AND OBSLT_UTC IS NULL;
INSERT INTO CD_NAME_TBL (CD_ID, EFFT_VRSN_SEQ_ID, LANG_CS, VAL) SELECT x'DB07DBBF2197C34E94E14BD9F0D6985C', VRSN_SEQ_ID, 'en', 'PaternalGrandmother' FROM CD_VRSN_TBL WHERE CD_ID = x'DB07DBBF2197C34E94E14BD9F0D6985C' AND OBSLT_UTC IS NULL;
INSERT INTO CD_NAME_TBL (CD_ID, EFFT_VRSN_SEQ_ID, LANG_CS, VAL) SELECT x'A462D3A33149EF4BAF18AC59DD092981', VRSN_SEQ_ID, 'en', 'PaternalGrandparent' FROM CD_VRSN_TBL WHERE CD_ID = x'A462D3A33149EF4BAF18AC59DD092981' AND OBSLT_UTC IS NULL;
INSERT INTO CD_NAME_TBL (CD_ID, EFFT_VRSN_SEQ_ID, LANG_CS, VAL) SELECT x'45B3CBBFDB86BA43B47EE7411276AC7C', VRSN_SEQ_ID, 'en', 'Parent' FROM CD_VRSN_TBL WHERE CD_ID = x'45B3CBBFDB86BA43B47EE7411276AC7C' AND OBSLT_UTC IS NULL;
INSERT INTO CD_NAME_TBL (CD_ID, EFFT_VRSN_SEQ_ID, LANG_CS, VAL) SELECT x'FE0A2B5E4E72CD419BE29030646F2529', VRSN_SEQ_ID, 'en', 'parent in-law' FROM CD_VRSN_TBL WHERE CD_ID = x'FE0A2B5E4E72CD419BE29030646F2529' AND OBSLT_UTC IS NULL;
INSERT INTO CD_NAME_TBL (CD_ID, EFFT_VRSN_SEQ_ID, LANG_CS, VAL) SELECT x'DE853C8517482843A1216A3BDAFBF82E', VRSN_SEQ_ID, 'en', 'PaternalUncle' FROM CD_VRSN_TBL WHERE CD_ID = x'DE853C8517482843A1216A3BDAFBF82E' AND OBSLT_UTC IS NULL;
INSERT INTO CD_NAME_TBL (CD_ID, EFFT_VRSN_SEQ_ID, LANG_CS, VAL) SELECT x'EDC1FABB6454004193C38685B052A2CF', VRSN_SEQ_ID, 'en', 'Roomate' FROM CD_VRSN_TBL WHERE CD_ID = x'EDC1FABB6454004193C38685B052A2CF' AND OBSLT_UTC IS NULL;
INSERT INTO CD_NAME_TBL (CD_ID, EFFT_VRSN_SEQ_ID, LANG_CS, VAL) SELECT x'06B55E68976BC141B201B6B932A3F3AA', VRSN_SEQ_ID, 'en', 'Sibling' FROM CD_VRSN_TBL WHERE CD_ID = x'06B55E68976BC141B201B6B932A3F3AA' AND OBSLT_UTC IS NULL;
INSERT INTO CD_NAME_TBL (CD_ID, EFFT_VRSN_SEQ_ID, LANG_CS, VAL) SELECT x'F82C89FD4FDB4E4EA13B4EB3BDDE5BE5', VRSN_SEQ_ID, 'en', 'sibling in-law' FROM CD_VRSN_TBL WHERE CD_ID = x'F82C89FD4FDB4E4EA13B4EB3BDDE5BE5' AND OBSLT_UTC IS NULL;
INSERT INTO CD_NAME_TBL (CD_ID, EFFT_VRSN_SEQ_ID, LANG_CS, VAL) SELECT x'9852AB2E83BC2C499004ED3499246AFE', VRSN_SEQ_ID, 'en', 'significant other' FROM CD_VRSN_TBL WHERE CD_ID = x'9852AB2E83BC2C499004ED3499246AFE' AND OBSLT_UTC IS NULL;
INSERT INTO CD_NAME_TBL (CD_ID, EFFT_VRSN_SEQ_ID, LANG_CS, VAL) SELECT x'04891ECDDC317443902DC91F1DE23C46', VRSN_SEQ_ID, 'en', 'Sister' FROM CD_VRSN_TBL WHERE CD_ID = x'04891ECDDC317443902DC91F1DE23C46' AND OBSLT_UTC IS NULL;
INSERT INTO CD_NAME_TBL (CD_ID, EFFT_VRSN_SEQ_ID, LANG_CS, VAL) SELECT x'1897AEDC81AB3747B07136CF1175804D', VRSN_SEQ_ID, 'en', 'sister-in-law' FROM CD_VRSN_TBL WHERE CD_ID = x'1897AEDC81AB3747B07136CF1175804D' AND OBSLT_UTC IS NULL;
INSERT INTO CD_NAME_TBL (CD_ID, EFFT_VRSN_SEQ_ID, LANG_CS, VAL) SELECT x'CFD4179F7FA6C64A8C50718AF6E264EE', VRSN_SEQ_ID, 'en', 'natural son' FROM CD_VRSN_TBL WHERE CD_ID = x'CFD4179F7FA6C64A8C50718AF6E264EE' AND OBSLT_UTC IS NULL;
INSERT INTO CD_NAME_TBL (CD_ID, EFFT_VRSN_SEQ_ID, LANG_CS, VAL) SELECT x'92BA50CE21CDC443858234E7FBB3170F', VRSN_SEQ_ID, 'en', 'adopted son' FROM CD_VRSN_TBL WHERE CD_ID = x'92BA50CE21CDC443858234E7FBB3170F' AND OBSLT_UTC IS NULL;
INSERT INTO CD_NAME_TBL (CD_ID, EFFT_VRSN_SEQ_ID, LANG_CS, VAL) SELECT x'04C215F18584F34C88153C6738465E30', VRSN_SEQ_ID, 'en', 'Son' FROM CD_VRSN_TBL WHERE CD_ID = x'04C215F18584F34C88153C6738465E30' AND OBSLT_UTC IS NULL;
INSERT INTO CD_NAME_TBL (CD_ID, EFFT_VRSN_SEQ_ID, LANG_CS, VAL) SELECT x'5062CDDE8B7E774B895D31953CF1387A', VRSN_SEQ_ID, 'en', 'foster son' FROM CD_VRSN_TBL WHERE CD_ID = x'5062CDDE8B7E774B895D31953CF1387A' AND OBSLT_UTC IS NULL;
INSERT INTO CD_NAME_TBL (CD_ID, EFFT_VRSN_SEQ_ID, LANG_CS, VAL) SELECT x'11BCF73488221A47AF38553AE6B8410C', VRSN_SEQ_ID, 'en', 'son in-law' FROM CD_VRSN_TBL WHERE CD_ID = x'11BCF73488221A47AF38553AE6B8410C' AND OBSLT_UTC IS NULL;
INSERT INTO CD_NAME_TBL (CD_ID, EFFT_VRSN_SEQ_ID, LANG_CS, VAL) SELECT x'7BC5BD895CD8854E94E8C17049540A0D', VRSN_SEQ_ID, 'en', 'spouse' FROM CD_VRSN_TBL WHERE CD_ID = x'7BC5BD895CD8854E94E8C17049540A0D' AND OBSLT_UTC IS NULL;
INSERT INTO CD_NAME_TBL (CD_ID, EFFT_VRSN_SEQ_ID, LANG_CS, VAL) SELECT x'7B095159131ACE4BBBF29ABF52F98DC8', VRSN_SEQ_ID, 'en', 'stepbrother' FROM CD_VRSN_TBL WHERE CD_ID = x'7B095159131ACE4BBBF29ABF52F98DC8' AND OBSLT_UTC IS NULL;
INSERT INTO CD_NAME_TBL (CD_ID, EFFT_VRSN_SEQ_ID, LANG_CS, VAL) SELECT x'17F9DE4CB04FDF4CB44DB73486C41845', VRSN_SEQ_ID, 'en', 'step child' FROM CD_VRSN_TBL WHERE CD_ID = x'17F9DE4CB04FDF4CB44DB73486C41845' AND OBSLT_UTC IS NULL;
INSERT INTO CD_NAME_TBL (CD_ID, EFFT_VRSN_SEQ_ID, LANG_CS, VAL) SELECT x'3A191EF76205E94699DD437D23663EC3', VRSN_SEQ_ID, 'en', 'stepdaughter' FROM CD_VRSN_TBL WHERE CD_ID = x'3A191EF76205E94699DD437D23663EC3' AND OBSLT_UTC IS NULL;
INSERT INTO CD_NAME_TBL (CD_ID, EFFT_VRSN_SEQ_ID, LANG_CS, VAL) SELECT x'4D7E43BB7274C148A6E7576545A782FA', VRSN_SEQ_ID, 'en', 'stepfather' FROM CD_VRSN_TBL WHERE CD_ID = x'4D7E43BB7274C148A6E7576545A782FA' AND OBSLT_UTC IS NULL;
INSERT INTO CD_NAME_TBL (CD_ID, EFFT_VRSN_SEQ_ID, LANG_CS, VAL) SELECT x'CC39055A3B098E44AEC60D529ED0087F', VRSN_SEQ_ID, 'en', 'stepmother' FROM CD_VRSN_TBL WHERE CD_ID = x'CC39055A3B098E44AEC60D529ED0087F' AND OBSLT_UTC IS NULL;
INSERT INTO CD_NAME_TBL (CD_ID, EFFT_VRSN_SEQ_ID, LANG_CS, VAL) SELECT x'E7EE72F14B7F224081D076393A1200AE', VRSN_SEQ_ID, 'en', 'step parent' FROM CD_VRSN_TBL WHERE CD_ID = x'E7EE72F14B7F224081D076393A1200AE' AND OBSLT_UTC IS NULL;
INSERT INTO CD_NAME_TBL (CD_ID, EFFT_VRSN_SEQ_ID, LANG_CS, VAL) SELECT x'5DC26B7EEA5D4546AF3DAA854B7B6F2F', VRSN_SEQ_ID, 'en', 'step sibling' FROM CD_VRSN_TBL WHERE CD_ID = x'5DC26B7EEA5D4546AF3DAA854B7B6F2F' AND OBSLT_UTC IS NULL;
INSERT INTO CD_NAME_TBL (CD_ID, EFFT_VRSN_SEQ_ID, LANG_CS, VAL) SELECT x'85D073CB6C02C74BA1DE356BFD636246', VRSN_SEQ_ID, 'en', 'stepsister' FROM CD_VRSN_TBL WHERE CD_ID = x'85D073CB6C02C74BA1DE356BFD636246' AND OBSLT_UTC IS NULL;
INSERT INTO CD_NAME_TBL (CD_ID, EFFT_VRSN_SEQ_ID, LANG_CS, VAL) SELECT x'F478A9CF0C140D4382F81E6F2D74F48D', VRSN_SEQ_ID, 'en', 'stepson' FROM CD_VRSN_TBL WHERE CD_ID = x'F478A9CF0C140D4382F81E6F2D74F48D' AND OBSLT_UTC IS NULL;
INSERT INTO CD_NAME_TBL (CD_ID, EFFT_VRSN_SEQ_ID, LANG_CS, VAL) SELECT x'6092D9CD7C104E4AACAFD7C9C7E90FDD', VRSN_SEQ_ID, 'en', 'uncle' FROM CD_VRSN_TBL WHERE CD_ID = x'6092D9CD7C104E4AACAFD7C9C7E90FDD' AND OBSLT_UTC IS NULL;
INSERT INTO CD_NAME_TBL (CD_ID, EFFT_VRSN_SEQ_ID, LANG_CS, VAL) SELECT x'3E42FFA3D58171458EDF03C295189A23', VRSN_SEQ_ID, 'en', 'wife' FROM CD_VRSN_TBL WHERE CD_ID = x'3E42FFA3D58171458EDF03C295189A23' AND OBSLT_UTC IS NULL;
INSERT INTO CD_NAME_TBL (CD_ID, EFFT_VRSN_SEQ_ID, LANG_CS, VAL) SELECT x'D2C1E57E211AB1418459CB160FA36C60', VRSN_SEQ_ID, 'en', 'representative half-life' FROM CD_VRSN_TBL WHERE CD_ID = x'D2C1E57E211AB1418459CB160FA36C60' AND OBSLT_UTC IS NULL;
INSERT INTO CD_NAME_TBL (CD_ID, EFFT_VRSN_SEQ_ID, LANG_CS, VAL) SELECT x'58201171F963384B97D94CCF58574E51', VRSN_SEQ_ID, 'en', 'coating' FROM CD_VRSN_TBL WHERE CD_ID = x'58201171F963384B97D94CCF58574E51' AND OBSLT_UTC IS NULL;
INSERT INTO CD_NAME_TBL (CD_ID, EFFT_VRSN_SEQ_ID, LANG_CS, VAL) SELECT x'9533DF123BB41E42B505049515C228B1', VRSN_SEQ_ID, 'en', 'color' FROM CD_VRSN_TBL WHERE CD_ID = x'9533DF123BB41E42B505049515C228B1' AND OBSLT_UTC IS NULL;
INSERT INTO CD_NAME_TBL (CD_ID, EFFT_VRSN_SEQ_ID, LANG_CS, VAL) SELECT x'EC1A078B63909843B242E561915ABB51', VRSN_SEQ_ID, 'en', 'image' FROM CD_VRSN_TBL WHERE CD_ID = x'EC1A078B63909843B242E561915ABB51' AND OBSLT_UTC IS NULL;
INSERT INTO CD_NAME_TBL (CD_ID, EFFT_VRSN_SEQ_ID, LANG_CS, VAL) SELECT x'6C1B3204195BA244BE7A4A53A221A456', VRSN_SEQ_ID, 'en', 'imprint code' FROM CD_VRSN_TBL WHERE CD_ID = x'6C1B3204195BA244BE7A4A53A221A456' AND OBSLT_UTC IS NULL;
INSERT INTO CD_NAME_TBL (CD_ID, EFFT_VRSN_SEQ_ID, LANG_CS, VAL) SELECT x'C36229B3FAEA4641BBCD0E33789DE32C', VRSN_SEQ_ID, 'en', 'scoring' FROM CD_VRSN_TBL WHERE CD_ID = x'C36229B3FAEA4641BBCD0E33789DE32C' AND OBSLT_UTC IS NULL;
INSERT INTO CD_NAME_TBL (CD_ID, EFFT_VRSN_SEQ_ID, LANG_CS, VAL) SELECT x'623DC9938D04644EA0CE7F2F62A8EC6E', VRSN_SEQ_ID, 'en', 'shape' FROM CD_VRSN_TBL WHERE CD_ID = x'623DC9938D04644EA0CE7F2F62A8EC6E' AND OBSLT_UTC IS NULL;
INSERT INTO CD_NAME_TBL (CD_ID, EFFT_VRSN_SEQ_ID, LANG_CS, VAL) SELECT x'B87F3A57ADFEED4BB325C0FE68CE96CE', VRSN_SEQ_ID, 'en', 'size' FROM CD_VRSN_TBL WHERE CD_ID = x'B87F3A57ADFEED4BB325C0FE68CE96CE' AND OBSLT_UTC IS NULL;
INSERT INTO CD_NAME_TBL (CD_ID, EFFT_VRSN_SEQ_ID, LANG_CS, VAL) SELECT x'11845EDC3FCB7F4B8E0EFC1D1FF3B084', VRSN_SEQ_ID, 'en', 'symbol' FROM CD_VRSN_TBL WHERE CD_ID = x'11845EDC3FCB7F4B8E0EFC1D1FF3B084' AND OBSLT_UTC IS NULL;
INSERT INTO CD_NAME_TBL (CD_ID, EFFT_VRSN_SEQ_ID, LANG_CS, VAL) SELECT x'4ED27110E96F0F488A20B1825AE4D707', VRSN_SEQ_ID, 'en', 'care provision' FROM CD_VRSN_TBL WHERE CD_ID = x'4ED27110E96F0F488A20B1825AE4D707' AND OBSLT_UTC IS NULL;
INSERT INTO CD_NAME_TBL (CD_ID, EFFT_VRSN_SEQ_ID, LANG_CS, VAL) SELECT x'0DEFC58C1139994D937F6CFDC2A27D55', VRSN_SEQ_ID, 'en', 'Procedure' FROM CD_VRSN_TBL WHERE CD_ID = x'0DEFC58C1139994D937F6CFDC2A27D55' AND OBSLT_UTC IS NULL;
INSERT INTO CD_NAME_TBL (CD_ID, EFFT_VRSN_SEQ_ID, LANG_CS, VAL) SELECT x'72CA58E66A3B9940AB6E7CF6861A5B61', VRSN_SEQ_ID, 'en', 'request' FROM CD_VRSN_TBL WHERE CD_ID = x'72CA58E66A3B9940AB6E7CF6861A5B61' AND OBSLT_UTC IS NULL;
INSERT INTO CD_NAME_TBL (CD_ID, EFFT_VRSN_SEQ_ID, LANG_CS, VAL) SELECT x'DFDE89B361BE6B45AA70786E1A5A69E0', VRSN_SEQ_ID, 'en', 'promise' FROM CD_VRSN_TBL WHERE CD_ID = x'DFDE89B361BE6B45AA70786E1A5A69E0' AND OBSLT_UTC IS NULL;


delete from CD_REF_TERM_ASSOC_TBL WHERE CD_REF_TERM_ID in (select CD_REF_TERM_ID from CD_REF_TERM_ASSOC_TBL o where 
	(select count(*) from CD_REF_TERM_ASSOC_TBL i where o.CD_ID = i.CD_ID and o.REF_TERM_ID = i.REF_TERM_ID) > 1);

/** Address & Name Use **/
INSERT INTO CD_SYS_TBL (CS_ID, DOMAIN, OID, CRT_PROV_ID, URL)  VALUES (x'236881779293A74C83DD6E7D4B4164E7','EntityNameUse','2.16.840.1.113883.5.1120',x'76A0DCFA90366E4AAF9EF1CD68E8C7E8','http://santedb.org/conceptset/v3-EntityNameUse');
INSERT INTO CD_TBL VALUES(x'2D12FEEF308D1D49805DADDCB4466C35');
INSERT INTO CD_VRSN_TBL (CD_ID, STS_CD_ID, CRT_PROV_ID, MNEMONIC, CLS_ID) VALUES (x'2D12FEEF308D1D49805DADDCB4466C35', x'BD4C06C806FA3045B4301A52F1530C27', x'76A0DCFA90366E4AAF9EF1CD68E8C7E8', 'Legal', x'39346B0DBEC98044AF39EEB457C052D0');
INSERT INTO REF_TERM_TBL(REF_TERM_ID, CS_ID, MNEMONIC, CRT_PROV_ID)  VALUES(x'E548DF40EE3FDE4797726CEFDCD1DBB6', x'236881779293A74C83DD6E7D4B4164E7', 'L', x'76A0DCFA90366E4AAF9EF1CD68E8C7E8');
INSERT INTO CD_REF_TERM_ASSOC_TBL(REF_TERM_ID, CD_ID, EFFT_VRSN_SEQ_ID, REL_TYP_ID) SELECT x'E548DF40EE3FDE4797726CEFDCD1DBB6', x'2D12FEEF308D1D49805DADDCB4466C35', VRSN_SEQ_ID, x'C2AF4D2C6A56AE419EBC3097D7D22F4A' FROM CD_VRSN_TBL WHERE CD_ID = x'2D12FEEF308D1D49805DADDCB4466C35' AND OBSLT_UTC IS NULL;
INSERT INTO REF_TERM_NAME_TBL(REF_TERM_ID, LANG_CS, TERM_NAME, CRT_PROV_ID) VALUES(x'E548DF40EE3FDE4797726CEFDCD1DBB6', 'en', 'Legal', x'76A0DCFA90366E4AAF9EF1CD68E8C7E8');
INSERT INTO CD_NAME_TBL(CD_ID, EFFT_VRSN_SEQ_ID, LANG_CS, VAL) SELECT x'2D12FEEF308D1D49805DADDCB4466C35', VRSN_SEQ_ID, 'en', 'Legal' FROM CD_VRSN_TBL WHERE CD_ID = x'2D12FEEF308D1D49805DADDCB4466C35' AND OBSLT_UTC IS NULL;
INSERT INTO CD_TBL VALUES(x'3A58C91E19B0AA4BB856B99CAF368656');
INSERT INTO CD_VRSN_TBL (CD_ID, STS_CD_ID, CRT_PROV_ID, MNEMONIC, CLS_ID) VALUES (x'3A58C91E19B0AA4BB856B99CAF368656', x'BD4C06C806FA3045B4301A52F1530C27', x'76A0DCFA90366E4AAF9EF1CD68E8C7E8', 'OfficialRecord', x'39346B0DBEC98044AF39EEB457C052D0');
INSERT INTO REF_TERM_TBL(REF_TERM_ID, CS_ID, MNEMONIC, CRT_PROV_ID)  VALUES(x'3BFE93D056178C4D936BADC866D99E58', x'236881779293A74C83DD6E7D4B4164E7', 'OR', x'76A0DCFA90366E4AAF9EF1CD68E8C7E8');
INSERT INTO CD_REF_TERM_ASSOC_TBL(REF_TERM_ID, CD_ID, EFFT_VRSN_SEQ_ID, REL_TYP_ID) SELECT x'3BFE93D056178C4D936BADC866D99E58', x'3A58C91E19B0AA4BB856B99CAF368656', VRSN_SEQ_ID, x'C2AF4D2C6A56AE419EBC3097D7D22F4A' FROM CD_VRSN_TBL WHERE CD_ID = x'3A58C91E19B0AA4BB856B99CAF368656' AND OBSLT_UTC IS NULL;
INSERT INTO REF_TERM_NAME_TBL(REF_TERM_ID, LANG_CS, TERM_NAME, CRT_PROV_ID) VALUES(x'3BFE93D056178C4D936BADC866D99E58', 'en', 'OfficialRecord', x'76A0DCFA90366E4AAF9EF1CD68E8C7E8');
INSERT INTO CD_NAME_TBL(CD_ID, EFFT_VRSN_SEQ_ID, LANG_CS, VAL) SELECT x'3A58C91E19B0AA4BB856B99CAF368656', VRSN_SEQ_ID, 'en', 'OfficialRecord' FROM CD_VRSN_TBL WHERE CD_ID = x'3A58C91E19B0AA4BB856B99CAF368656' AND OBSLT_UTC IS NULL;
INSERT INTO CD_TBL VALUES(x'195D0748297BA54C9C730CBD31248446');
INSERT INTO CD_VRSN_TBL (CD_ID, STS_CD_ID, CRT_PROV_ID, MNEMONIC, CLS_ID) VALUES (x'195D0748297BA54C9C730CBD31248446', x'BD4C06C806FA3045B4301A52F1530C27', x'76A0DCFA90366E4AAF9EF1CD68E8C7E8', 'License', x'39346B0DBEC98044AF39EEB457C052D0');
INSERT INTO REF_TERM_TBL(REF_TERM_ID, CS_ID, MNEMONIC, CRT_PROV_ID)  VALUES(x'834CAB364C1261419EDD77FBC0915399', x'236881779293A74C83DD6E7D4B4164E7', 'C', x'76A0DCFA90366E4AAF9EF1CD68E8C7E8');
INSERT INTO CD_REF_TERM_ASSOC_TBL(REF_TERM_ID, CD_ID, EFFT_VRSN_SEQ_ID, REL_TYP_ID) SELECT x'834CAB364C1261419EDD77FBC0915399', x'195D0748297BA54C9C730CBD31248446', VRSN_SEQ_ID, x'C2AF4D2C6A56AE419EBC3097D7D22F4A' FROM CD_VRSN_TBL WHERE CD_ID = x'195D0748297BA54C9C730CBD31248446' AND OBSLT_UTC IS NULL;
INSERT INTO REF_TERM_NAME_TBL(REF_TERM_ID, LANG_CS, TERM_NAME, CRT_PROV_ID) VALUES(x'834CAB364C1261419EDD77FBC0915399', 'en', 'License', x'76A0DCFA90366E4AAF9EF1CD68E8C7E8');
INSERT INTO CD_NAME_TBL(CD_ID, EFFT_VRSN_SEQ_ID, LANG_CS, VAL) SELECT x'195D0748297BA54C9C730CBD31248446', VRSN_SEQ_ID, 'en', 'License' FROM CD_VRSN_TBL WHERE CD_ID = x'195D0748297BA54C9C730CBD31248446' AND OBSLT_UTC IS NULL;
INSERT INTO CD_TBL VALUES(x'C8C174063A965846AFF98CDCD308FA68');
INSERT INTO CD_VRSN_TBL (CD_ID, STS_CD_ID, CRT_PROV_ID, MNEMONIC, CLS_ID) VALUES (x'C8C174063A965846AFF98CDCD308FA68', x'BD4C06C806FA3045B4301A52F1530C27', x'76A0DCFA90366E4AAF9EF1CD68E8C7E8', 'MaidenName', x'39346B0DBEC98044AF39EEB457C052D0');
INSERT INTO REF_TERM_TBL(REF_TERM_ID, CS_ID, MNEMONIC, CRT_PROV_ID)  VALUES(x'A509B94C18FE594B80B3E1B0F3E17E27', x'236881779293A74C83DD6E7D4B4164E7', 'M', x'76A0DCFA90366E4AAF9EF1CD68E8C7E8');
INSERT INTO CD_REF_TERM_ASSOC_TBL(REF_TERM_ID, CD_ID, EFFT_VRSN_SEQ_ID, REL_TYP_ID) SELECT x'A509B94C18FE594B80B3E1B0F3E17E27', x'C8C174063A965846AFF98CDCD308FA68', VRSN_SEQ_ID, x'C2AF4D2C6A56AE419EBC3097D7D22F4A' FROM CD_VRSN_TBL WHERE CD_ID = x'C8C174063A965846AFF98CDCD308FA68' AND OBSLT_UTC IS NULL;
INSERT INTO REF_TERM_NAME_TBL(REF_TERM_ID, LANG_CS, TERM_NAME, CRT_PROV_ID) VALUES(x'A509B94C18FE594B80B3E1B0F3E17E27', 'en', 'MaidenName', x'76A0DCFA90366E4AAF9EF1CD68E8C7E8');
INSERT INTO CD_NAME_TBL(CD_ID, EFFT_VRSN_SEQ_ID, LANG_CS, VAL) SELECT x'C8C174063A965846AFF98CDCD308FA68', VRSN_SEQ_ID, 'en', 'MaidenName' FROM CD_VRSN_TBL WHERE CD_ID = x'C8C174063A965846AFF98CDCD308FA68' AND OBSLT_UTC IS NULL;
INSERT INTO CD_TBL VALUES(x'052AFBA3BE5EAE47AFD04C1B22336090');
INSERT INTO CD_VRSN_TBL (CD_ID, STS_CD_ID, CRT_PROV_ID, MNEMONIC, CLS_ID) VALUES (x'052AFBA3BE5EAE47AFD04C1B22336090', x'BD4C06C806FA3045B4301A52F1530C27', x'76A0DCFA90366E4AAF9EF1CD68E8C7E8', 'Indigenous', x'39346B0DBEC98044AF39EEB457C052D0');
INSERT INTO REF_TERM_TBL(REF_TERM_ID, CS_ID, MNEMONIC, CRT_PROV_ID)  VALUES(x'C35DE85F62470D44ADC0415B0C56B7C4', x'236881779293A74C83DD6E7D4B4164E7', 'I', x'76A0DCFA90366E4AAF9EF1CD68E8C7E8');
INSERT INTO CD_REF_TERM_ASSOC_TBL(REF_TERM_ID, CD_ID, EFFT_VRSN_SEQ_ID, REL_TYP_ID) SELECT x'C35DE85F62470D44ADC0415B0C56B7C4', x'052AFBA3BE5EAE47AFD04C1B22336090', VRSN_SEQ_ID, x'C2AF4D2C6A56AE419EBC3097D7D22F4A' FROM CD_VRSN_TBL WHERE CD_ID = x'052AFBA3BE5EAE47AFD04C1B22336090' AND OBSLT_UTC IS NULL;
INSERT INTO REF_TERM_NAME_TBL(REF_TERM_ID, LANG_CS, TERM_NAME, CRT_PROV_ID) VALUES(x'C35DE85F62470D44ADC0415B0C56B7C4', 'en', 'Indigenous', x'76A0DCFA90366E4AAF9EF1CD68E8C7E8');
INSERT INTO CD_NAME_TBL(CD_ID, EFFT_VRSN_SEQ_ID, LANG_CS, VAL) SELECT x'052AFBA3BE5EAE47AFD04C1B22336090', VRSN_SEQ_ID, 'en', 'Indigenous' FROM CD_VRSN_TBL WHERE CD_ID = x'052AFBA3BE5EAE47AFD04C1B22336090' AND OBSLT_UTC IS NULL;
INSERT INTO CD_TBL VALUES(x'EF6415C38DCA284585A888245FCEF344');
INSERT INTO CD_VRSN_TBL (CD_ID, STS_CD_ID, CRT_PROV_ID, MNEMONIC, CLS_ID) VALUES (x'EF6415C38DCA284585A888245FCEF344', x'BD4C06C806FA3045B4301A52F1530C27', x'76A0DCFA90366E4AAF9EF1CD68E8C7E8', 'Pseudonym', x'39346B0DBEC98044AF39EEB457C052D0');
INSERT INTO REF_TERM_TBL(REF_TERM_ID, CS_ID, MNEMONIC, CRT_PROV_ID)  VALUES(x'EB62A1584B73384AB8F04FDBC4C65CA2', x'236881779293A74C83DD6E7D4B4164E7', 'P', x'76A0DCFA90366E4AAF9EF1CD68E8C7E8');
INSERT INTO CD_REF_TERM_ASSOC_TBL(REF_TERM_ID, CD_ID, EFFT_VRSN_SEQ_ID, REL_TYP_ID) SELECT x'EB62A1584B73384AB8F04FDBC4C65CA2', x'EF6415C38DCA284585A888245FCEF344', VRSN_SEQ_ID, x'C2AF4D2C6A56AE419EBC3097D7D22F4A' FROM CD_VRSN_TBL WHERE CD_ID = x'EF6415C38DCA284585A888245FCEF344' AND OBSLT_UTC IS NULL;
INSERT INTO REF_TERM_NAME_TBL(REF_TERM_ID, LANG_CS, TERM_NAME, CRT_PROV_ID) VALUES(x'EB62A1584B73384AB8F04FDBC4C65CA2', 'en', 'Pseudonym', x'76A0DCFA90366E4AAF9EF1CD68E8C7E8');
INSERT INTO CD_NAME_TBL(CD_ID, EFFT_VRSN_SEQ_ID, LANG_CS, VAL) SELECT x'EF6415C38DCA284585A888245FCEF344', VRSN_SEQ_ID, 'en', 'Pseudonym' FROM CD_VRSN_TBL WHERE CD_ID = x'EF6415C38DCA284585A888245FCEF344' AND OBSLT_UTC IS NULL;
INSERT INTO CD_TBL VALUES(x'99F17B4A3BF3F9428B9932433EA67BD7');
INSERT INTO CD_VRSN_TBL (CD_ID, STS_CD_ID, CRT_PROV_ID, MNEMONIC, CLS_ID) VALUES (x'99F17B4A3BF3F9428B9932433EA67BD7', x'BD4C06C806FA3045B4301A52F1530C27', x'76A0DCFA90366E4AAF9EF1CD68E8C7E8', 'Artist', x'39346B0DBEC98044AF39EEB457C052D0');
INSERT INTO REF_TERM_TBL(REF_TERM_ID, CS_ID, MNEMONIC, CRT_PROV_ID)  VALUES(x'A855D6339E647145BD90C82061F2EA27', x'236881779293A74C83DD6E7D4B4164E7', 'A', x'76A0DCFA90366E4AAF9EF1CD68E8C7E8');
INSERT INTO CD_REF_TERM_ASSOC_TBL(REF_TERM_ID, CD_ID, EFFT_VRSN_SEQ_ID, REL_TYP_ID) SELECT x'A855D6339E647145BD90C82061F2EA27', x'99F17B4A3BF3F9428B9932433EA67BD7', VRSN_SEQ_ID, x'C2AF4D2C6A56AE419EBC3097D7D22F4A' FROM CD_VRSN_TBL WHERE CD_ID = x'99F17B4A3BF3F9428B9932433EA67BD7' AND OBSLT_UTC IS NULL;
INSERT INTO REF_TERM_NAME_TBL(REF_TERM_ID, LANG_CS, TERM_NAME, CRT_PROV_ID) VALUES(x'A855D6339E647145BD90C82061F2EA27', 'en', 'Artist', x'76A0DCFA90366E4AAF9EF1CD68E8C7E8');
INSERT INTO CD_NAME_TBL(CD_ID, EFFT_VRSN_SEQ_ID, LANG_CS, VAL) SELECT x'99F17B4A3BF3F9428B9932433EA67BD7', VRSN_SEQ_ID, 'en', 'Artist' FROM CD_VRSN_TBL WHERE CD_ID = x'99F17B4A3BF3F9428B9932433EA67BD7' AND OBSLT_UTC IS NULL;
INSERT INTO CD_TBL VALUES(x'8776201590527246A7DF2880A23DCBB5');
INSERT INTO CD_VRSN_TBL (CD_ID, STS_CD_ID, CRT_PROV_ID, MNEMONIC, CLS_ID) VALUES (x'8776201590527246A7DF2880A23DCBB5', x'BD4C06C806FA3045B4301A52F1530C27', x'76A0DCFA90366E4AAF9EF1CD68E8C7E8', 'Religious', x'39346B0DBEC98044AF39EEB457C052D0');
INSERT INTO REF_TERM_TBL(REF_TERM_ID, CS_ID, MNEMONIC, CRT_PROV_ID)  VALUES(x'D513EE896691A34085B0CEED3812A2A6', x'236881779293A74C83DD6E7D4B4164E7', 'R', x'76A0DCFA90366E4AAF9EF1CD68E8C7E8');
INSERT INTO CD_REF_TERM_ASSOC_TBL(REF_TERM_ID, CD_ID, EFFT_VRSN_SEQ_ID, REL_TYP_ID) SELECT x'D513EE896691A34085B0CEED3812A2A6', x'8776201590527246A7DF2880A23DCBB5', VRSN_SEQ_ID, x'C2AF4D2C6A56AE419EBC3097D7D22F4A' FROM CD_VRSN_TBL WHERE CD_ID = x'8776201590527246A7DF2880A23DCBB5' AND OBSLT_UTC IS NULL;
INSERT INTO REF_TERM_NAME_TBL(REF_TERM_ID, LANG_CS, TERM_NAME, CRT_PROV_ID) VALUES(x'D513EE896691A34085B0CEED3812A2A6', 'en', 'Religious', x'76A0DCFA90366E4AAF9EF1CD68E8C7E8');
INSERT INTO CD_NAME_TBL(CD_ID, EFFT_VRSN_SEQ_ID, LANG_CS, VAL) SELECT x'8776201590527246A7DF2880A23DCBB5', VRSN_SEQ_ID, 'en', 'Religious' FROM CD_VRSN_TBL WHERE CD_ID = x'8776201590527246A7DF2880A23DCBB5' AND OBSLT_UTC IS NULL;
INSERT INTO CD_VRSN_TBL (CD_ID, STS_CD_ID, CRT_PROV_ID, MNEMONIC, CLS_ID) VALUES (x'216D7AA8A62CEA4A88F36135CCEB58D1', x'BD4C06C806FA3045B4301A52F1530C27', x'76A0DCFA90366E4AAF9EF1CD68E8C7E8', 'Assigned', x'39346B0DBEC98044AF39EEB457C052D0');
INSERT INTO REF_TERM_TBL(REF_TERM_ID, CS_ID, MNEMONIC, CRT_PROV_ID)  VALUES(x'52C5D9D8A777A34DAF5B8900AC65891E', x'236881779293A74C83DD6E7D4B4164E7', 'ASGN', x'76A0DCFA90366E4AAF9EF1CD68E8C7E8');
INSERT INTO CD_REF_TERM_ASSOC_TBL(REF_TERM_ID, CD_ID, EFFT_VRSN_SEQ_ID, REL_TYP_ID) SELECT x'52C5D9D8A777A34DAF5B8900AC65891E', x'216D7AA8A62CEA4A88F36135CCEB58D1', VRSN_SEQ_ID, x'C2AF4D2C6A56AE419EBC3097D7D22F4A' FROM CD_VRSN_TBL WHERE CD_ID = x'216D7AA8A62CEA4A88F36135CCEB58D1' AND OBSLT_UTC IS NULL;
INSERT INTO REF_TERM_NAME_TBL(REF_TERM_ID, LANG_CS, TERM_NAME, CRT_PROV_ID) VALUES(x'52C5D9D8A777A34DAF5B8900AC65891E', 'en', 'Assigned', x'76A0DCFA90366E4AAF9EF1CD68E8C7E8');
INSERT INTO CD_NAME_TBL(CD_ID, EFFT_VRSN_SEQ_ID, LANG_CS, VAL) SELECT x'216D7AA8A62CEA4A88F36135CCEB58D1', VRSN_SEQ_ID, 'en', 'Assigned' FROM CD_VRSN_TBL WHERE CD_ID = x'216D7AA8A62CEA4A88F36135CCEB58D1' AND OBSLT_UTC IS NULL;
INSERT INTO CD_TBL VALUES(x'7CC0D171E66E40428A9519F96583512E');
INSERT INTO CD_VRSN_TBL (CD_ID, STS_CD_ID, CRT_PROV_ID, MNEMONIC, CLS_ID) VALUES (x'7CC0D171E66E40428A9519F96583512E', x'BD4C06C806FA3045B4301A52F1530C27', x'76A0DCFA90366E4AAF9EF1CD68E8C7E8', 'Alphabetic', x'39346B0DBEC98044AF39EEB457C052D0');
INSERT INTO REF_TERM_TBL(REF_TERM_ID, CS_ID, MNEMONIC, CRT_PROV_ID)  VALUES(x'49813961C27ADC48AE8EA3DBA1A40FEE', x'236881779293A74C83DD6E7D4B4164E7', 'ABC', x'76A0DCFA90366E4AAF9EF1CD68E8C7E8');
INSERT INTO CD_REF_TERM_ASSOC_TBL(REF_TERM_ID, CD_ID, EFFT_VRSN_SEQ_ID, REL_TYP_ID) SELECT x'49813961C27ADC48AE8EA3DBA1A40FEE', x'7CC0D171E66E40428A9519F96583512E', VRSN_SEQ_ID, x'C2AF4D2C6A56AE419EBC3097D7D22F4A' FROM CD_VRSN_TBL WHERE CD_ID = x'7CC0D171E66E40428A9519F96583512E' AND OBSLT_UTC IS NULL;
INSERT INTO REF_TERM_NAME_TBL(REF_TERM_ID, LANG_CS, TERM_NAME, CRT_PROV_ID) VALUES(x'49813961C27ADC48AE8EA3DBA1A40FEE', 'en', 'Alphabetic', x'76A0DCFA90366E4AAF9EF1CD68E8C7E8');
INSERT INTO CD_NAME_TBL(CD_ID, EFFT_VRSN_SEQ_ID, LANG_CS, VAL) SELECT x'7CC0D171E66E40428A9519F96583512E', VRSN_SEQ_ID, 'en', 'Alphabetic' FROM CD_VRSN_TBL WHERE CD_ID = x'7CC0D171E66E40428A9519F96583512E' AND OBSLT_UTC IS NULL;
INSERT INTO CD_TBL VALUES(x'790400097246F844BB4A72FB25F7356A');
INSERT INTO CD_VRSN_TBL (CD_ID, STS_CD_ID, CRT_PROV_ID, MNEMONIC, CLS_ID) VALUES (x'790400097246F844BB4A72FB25F7356A', x'BD4C06C806FA3045B4301A52F1530C27', x'76A0DCFA90366E4AAF9EF1CD68E8C7E8', 'Ideographic', x'39346B0DBEC98044AF39EEB457C052D0');
INSERT INTO REF_TERM_TBL(REF_TERM_ID, CS_ID, MNEMONIC, CRT_PROV_ID)  VALUES(x'CDE73EEC6E6C5C488429A900021B6417', x'236881779293A74C83DD6E7D4B4164E7', 'IDE', x'76A0DCFA90366E4AAF9EF1CD68E8C7E8');
INSERT INTO CD_REF_TERM_ASSOC_TBL(REF_TERM_ID, CD_ID, EFFT_VRSN_SEQ_ID, REL_TYP_ID) SELECT x'CDE73EEC6E6C5C488429A900021B6417', x'790400097246F844BB4A72FB25F7356A', VRSN_SEQ_ID, x'C2AF4D2C6A56AE419EBC3097D7D22F4A' FROM CD_VRSN_TBL WHERE CD_ID = x'790400097246F844BB4A72FB25F7356A' AND OBSLT_UTC IS NULL;
INSERT INTO REF_TERM_NAME_TBL(REF_TERM_ID, LANG_CS, TERM_NAME, CRT_PROV_ID) VALUES(x'CDE73EEC6E6C5C488429A900021B6417', 'en', 'Ideographic', x'76A0DCFA90366E4AAF9EF1CD68E8C7E8');
INSERT INTO CD_NAME_TBL(CD_ID, EFFT_VRSN_SEQ_ID, LANG_CS, VAL) SELECT x'790400097246F844BB4A72FB25F7356A', VRSN_SEQ_ID, 'en', 'Ideographic' FROM CD_VRSN_TBL WHERE CD_ID = x'790400097246F844BB4A72FB25F7356A' AND OBSLT_UTC IS NULL;
INSERT INTO CD_TBL VALUES(x'F03BCAB4FCA7F34487D5E126BEDA93FF');
INSERT INTO CD_VRSN_TBL (CD_ID, STS_CD_ID, CRT_PROV_ID, MNEMONIC, CLS_ID) VALUES (x'F03BCAB4FCA7F34487D5E126BEDA93FF', x'BD4C06C806FA3045B4301A52F1530C27', x'76A0DCFA90366E4AAF9EF1CD68E8C7E8', 'Syllabic', x'39346B0DBEC98044AF39EEB457C052D0');
INSERT INTO REF_TERM_TBL(REF_TERM_ID, CS_ID, MNEMONIC, CRT_PROV_ID)  VALUES(x'C97898444398E746AEF783804E94FAF1', x'236881779293A74C83DD6E7D4B4164E7', 'SYL', x'76A0DCFA90366E4AAF9EF1CD68E8C7E8');
INSERT INTO CD_REF_TERM_ASSOC_TBL(REF_TERM_ID, CD_ID, EFFT_VRSN_SEQ_ID, REL_TYP_ID) SELECT x'C97898444398E746AEF783804E94FAF1', x'F03BCAB4FCA7F34487D5E126BEDA93FF', VRSN_SEQ_ID, x'C2AF4D2C6A56AE419EBC3097D7D22F4A' FROM CD_VRSN_TBL WHERE CD_ID = x'F03BCAB4FCA7F34487D5E126BEDA93FF' AND OBSLT_UTC IS NULL;
INSERT INTO REF_TERM_NAME_TBL(REF_TERM_ID, LANG_CS, TERM_NAME, CRT_PROV_ID) VALUES(x'C97898444398E746AEF783804E94FAF1', 'en', 'Syllabic', x'76A0DCFA90366E4AAF9EF1CD68E8C7E8');
INSERT INTO CD_NAME_TBL(CD_ID, EFFT_VRSN_SEQ_ID, LANG_CS, VAL) SELECT x'F03BCAB4FCA7F34487D5E126BEDA93FF', VRSN_SEQ_ID, 'en', 'Syllabic' FROM CD_VRSN_TBL WHERE CD_ID = x'F03BCAB4FCA7F34487D5E126BEDA93FF' AND OBSLT_UTC IS NULL;
INSERT INTO CD_TBL VALUES(x'3B4E79E525306F4394175886FEEAD55A');
INSERT INTO CD_VRSN_TBL (CD_ID, STS_CD_ID, CRT_PROV_ID, MNEMONIC, CLS_ID) VALUES (x'3B4E79E525306F4394175886FEEAD55A', x'BD4C06C806FA3045B4301A52F1530C27', x'76A0DCFA90366E4AAF9EF1CD68E8C7E8', 'Soundex', x'39346B0DBEC98044AF39EEB457C052D0');
INSERT INTO REF_TERM_TBL(REF_TERM_ID, CS_ID, MNEMONIC, CRT_PROV_ID)  VALUES(x'BE7BB39E9D167D47A9956B9DDA3E1D1F', x'236881779293A74C83DD6E7D4B4164E7', 'SNDX', x'76A0DCFA90366E4AAF9EF1CD68E8C7E8');
INSERT INTO CD_REF_TERM_ASSOC_TBL(REF_TERM_ID, CD_ID, EFFT_VRSN_SEQ_ID, REL_TYP_ID) SELECT x'BE7BB39E9D167D47A9956B9DDA3E1D1F', x'3B4E79E525306F4394175886FEEAD55A', VRSN_SEQ_ID, x'C2AF4D2C6A56AE419EBC3097D7D22F4A' FROM CD_VRSN_TBL WHERE CD_ID = x'3B4E79E525306F4394175886FEEAD55A' AND OBSLT_UTC IS NULL;
INSERT INTO REF_TERM_NAME_TBL(REF_TERM_ID, LANG_CS, TERM_NAME, CRT_PROV_ID) VALUES(x'BE7BB39E9D167D47A9956B9DDA3E1D1F', 'en', 'Soundex', x'76A0DCFA90366E4AAF9EF1CD68E8C7E8');
INSERT INTO CD_NAME_TBL(CD_ID, EFFT_VRSN_SEQ_ID, LANG_CS, VAL) SELECT x'3B4E79E525306F4394175886FEEAD55A', VRSN_SEQ_ID, 'en', 'Soundex' FROM CD_VRSN_TBL WHERE CD_ID = x'3B4E79E525306F4394175886FEEAD55A' AND OBSLT_UTC IS NULL;
INSERT INTO CD_TBL VALUES(x'385D082B083364469F8948D8EF4DABA7');
INSERT INTO CD_VRSN_TBL (CD_ID, STS_CD_ID, CRT_PROV_ID, MNEMONIC, CLS_ID) VALUES (x'385D082B083364469F8948D8EF4DABA7', x'BD4C06C806FA3045B4301A52F1530C27', x'76A0DCFA90366E4AAF9EF1CD68E8C7E8', 'Phonetic', x'39346B0DBEC98044AF39EEB457C052D0');
INSERT INTO REF_TERM_TBL(REF_TERM_ID, CS_ID, MNEMONIC, CRT_PROV_ID)  VALUES(x'D93CCECF1EA7664F8B80699425F973DE', x'236881779293A74C83DD6E7D4B4164E7', 'PHON', x'76A0DCFA90366E4AAF9EF1CD68E8C7E8');
INSERT INTO CD_REF_TERM_ASSOC_TBL(REF_TERM_ID, CD_ID, EFFT_VRSN_SEQ_ID, REL_TYP_ID) SELECT x'D93CCECF1EA7664F8B80699425F973DE', x'385D082B083364469F8948D8EF4DABA7', VRSN_SEQ_ID, x'C2AF4D2C6A56AE419EBC3097D7D22F4A' FROM CD_VRSN_TBL WHERE CD_ID = x'385D082B083364469F8948D8EF4DABA7' AND OBSLT_UTC IS NULL;
INSERT INTO REF_TERM_NAME_TBL(REF_TERM_ID, LANG_CS, TERM_NAME, CRT_PROV_ID) VALUES(x'D93CCECF1EA7664F8B80699425F973DE', 'en', 'Phonetic', x'76A0DCFA90366E4AAF9EF1CD68E8C7E8');
INSERT INTO CD_NAME_TBL(CD_ID, EFFT_VRSN_SEQ_ID, LANG_CS, VAL) SELECT x'385D082B083364469F8948D8EF4DABA7', VRSN_SEQ_ID, 'en', 'Phonetic' FROM CD_VRSN_TBL WHERE CD_ID = x'385D082B083364469F8948D8EF4DABA7' AND OBSLT_UTC IS NULL;
INSERT INTO CD_TBL VALUES(x'3A84E695FF264640B6F4EB440D4B85F7');
INSERT INTO CD_VRSN_TBL (CD_ID, STS_CD_ID, CRT_PROV_ID, MNEMONIC, CLS_ID) VALUES (x'3A84E695FF264640B6F4EB440D4B85F7', x'BD4C06C806FA3045B4301A52F1530C27', x'76A0DCFA90366E4AAF9EF1CD68E8C7E8', 'Anonymous', x'39346B0DBEC98044AF39EEB457C052D0');
INSERT INTO REF_TERM_TBL(REF_TERM_ID, CS_ID, MNEMONIC, CRT_PROV_ID)  VALUES(x'979763A380F0A44CA84B13B4AA54598D', x'236881779293A74C83DD6E7D4B4164E7', 'ANON', x'76A0DCFA90366E4AAF9EF1CD68E8C7E8');
INSERT INTO CD_REF_TERM_ASSOC_TBL(REF_TERM_ID, CD_ID, EFFT_VRSN_SEQ_ID, REL_TYP_ID) SELECT x'979763A380F0A44CA84B13B4AA54598D', x'3A84E695FF264640B6F4EB440D4B85F7', VRSN_SEQ_ID, x'C2AF4D2C6A56AE419EBC3097D7D22F4A' FROM CD_VRSN_TBL WHERE CD_ID = x'3A84E695FF264640B6F4EB440D4B85F7' AND OBSLT_UTC IS NULL;
INSERT INTO REF_TERM_NAME_TBL(REF_TERM_ID, LANG_CS, TERM_NAME, CRT_PROV_ID) VALUES(x'979763A380F0A44CA84B13B4AA54598D', 'en', 'Anonymous', x'76A0DCFA90366E4AAF9EF1CD68E8C7E8');
INSERT INTO CD_NAME_TBL(CD_ID, EFFT_VRSN_SEQ_ID, LANG_CS, VAL) SELECT x'3A84E695FF264640B6F4EB440D4B85F7', VRSN_SEQ_ID, 'en', 'Anonymous' FROM CD_VRSN_TBL WHERE CD_ID = x'3A84E695FF264640B6F4EB440D4B85F7' AND OBSLT_UTC IS NULL;
INSERT INTO CD_TBL VALUES(x'FF4B968742E41D48974969B2A84A1FBE');
INSERT INTO CD_VRSN_TBL (CD_ID, STS_CD_ID, CRT_PROV_ID, MNEMONIC, CLS_ID) VALUES (x'FF4B968742E41D48974969B2A84A1FBE', x'BD4C06C806FA3045B4301A52F1530C27', x'76A0DCFA90366E4AAF9EF1CD68E8C7E8', 'Search', x'39346B0DBEC98044AF39EEB457C052D0');
INSERT INTO REF_TERM_TBL(REF_TERM_ID, CS_ID, MNEMONIC, CRT_PROV_ID)  VALUES(x'32FF888F99DA164EBB1A633D04A05E1A', x'236881779293A74C83DD6E7D4B4164E7', 'SRCH', x'76A0DCFA90366E4AAF9EF1CD68E8C7E8');
INSERT INTO CD_REF_TERM_ASSOC_TBL(REF_TERM_ID, CD_ID, EFFT_VRSN_SEQ_ID, REL_TYP_ID) SELECT x'32FF888F99DA164EBB1A633D04A05E1A', x'FF4B968742E41D48974969B2A84A1FBE', VRSN_SEQ_ID, x'C2AF4D2C6A56AE419EBC3097D7D22F4A' FROM CD_VRSN_TBL WHERE CD_ID = x'FF4B968742E41D48974969B2A84A1FBE' AND OBSLT_UTC IS NULL;
INSERT INTO REF_TERM_NAME_TBL(REF_TERM_ID, LANG_CS, TERM_NAME, CRT_PROV_ID) VALUES(x'32FF888F99DA164EBB1A633D04A05E1A', 'en', 'Search', x'76A0DCFA90366E4AAF9EF1CD68E8C7E8');
INSERT INTO CD_NAME_TBL(CD_ID, EFFT_VRSN_SEQ_ID, LANG_CS, VAL) SELECT x'FF4B968742E41D48974969B2A84A1FBE', VRSN_SEQ_ID, 'en', 'Search' FROM CD_VRSN_TBL WHERE CD_ID = x'FF4B968742E41D48974969B2A84A1FBE' AND OBSLT_UTC IS NULL;

INSERT INTO CD_SYS_TBL (CS_ID, DOMAIN, OID, CRT_PROV_ID, URL)  VALUES (x'1E094D0C01875349B16DB8CA8E85DE46','PostalAddressUse','2.16.840.1.113883.5.1012',x'76A0DCFA90366E4AAF9EF1CD68E8C7E8','http://santedb.org/conceptset/v3-PostalAddressUse');

INSERT INTO CD_TBL VALUES(x'9D3E3C49654F4D4E9582C9008F4F2EB4');
INSERT INTO CD_VRSN_TBL (CD_ID, STS_CD_ID, CRT_PROV_ID, MNEMONIC, CLS_ID) VALUES (x'9D3E3C49654F4D4E9582C9008F4F2EB4', x'BD4C06C806FA3045B4301A52F1530C27', x'76A0DCFA90366E4AAF9EF1CD68E8C7E8', 'HomeAddress', x'39346B0DBEC98044AF39EEB457C052D0');
INSERT INTO REF_TERM_TBL(REF_TERM_ID, CS_ID, MNEMONIC, CRT_PROV_ID)  VALUES(x'1F06C22ED664DB47A3191B68F126A866', x'1E094D0C01875349B16DB8CA8E85DE46', 'H', x'76A0DCFA90366E4AAF9EF1CD68E8C7E8');
INSERT INTO CD_REF_TERM_ASSOC_TBL(REF_TERM_ID, CD_ID, EFFT_VRSN_SEQ_ID, REL_TYP_ID) SELECT x'1F06C22ED664DB47A3191B68F126A866', x'9D3E3C49654F4D4E9582C9008F4F2EB4', VRSN_SEQ_ID, x'C2AF4D2C6A56AE419EBC3097D7D22F4A' FROM CD_VRSN_TBL WHERE CD_ID = x'9D3E3C49654F4D4E9582C9008F4F2EB4' AND OBSLT_UTC IS NULL;
INSERT INTO REF_TERM_NAME_TBL(REF_TERM_ID, LANG_CS, TERM_NAME, CRT_PROV_ID) VALUES(x'1F06C22ED664DB47A3191B68F126A866', 'en', 'HomeAddress', x'76A0DCFA90366E4AAF9EF1CD68E8C7E8');
INSERT INTO CD_NAME_TBL(CD_ID, EFFT_VRSN_SEQ_ID, LANG_CS, VAL) SELECT x'9D3E3C49654F4D4E9582C9008F4F2EB4', VRSN_SEQ_ID, 'en', 'HomeAddress' FROM CD_VRSN_TBL WHERE CD_ID = x'9D3E3C49654F4D4E9582C9008F4F2EB4' AND OBSLT_UTC IS NULL;
INSERT INTO CD_TBL VALUES(x'D8AFFAC490FC30438B4BE4E64C86B87B');
INSERT INTO CD_VRSN_TBL (CD_ID, STS_CD_ID, CRT_PROV_ID, MNEMONIC, CLS_ID) VALUES (x'D8AFFAC490FC30438B4BE4E64C86B87B', x'BD4C06C806FA3045B4301A52F1530C27', x'76A0DCFA90366E4AAF9EF1CD68E8C7E8', 'PrimaryHome', x'39346B0DBEC98044AF39EEB457C052D0');
INSERT INTO REF_TERM_TBL(REF_TERM_ID, CS_ID, MNEMONIC, CRT_PROV_ID)  VALUES(x'6A4CF7C012D06C4A946AA6C032388F16', x'1E094D0C01875349B16DB8CA8E85DE46', 'HP', x'76A0DCFA90366E4AAF9EF1CD68E8C7E8');
INSERT INTO CD_REF_TERM_ASSOC_TBL(REF_TERM_ID, CD_ID, EFFT_VRSN_SEQ_ID, REL_TYP_ID) SELECT x'6A4CF7C012D06C4A946AA6C032388F16', x'D8AFFAC490FC30438B4BE4E64C86B87B', VRSN_SEQ_ID, x'C2AF4D2C6A56AE419EBC3097D7D22F4A' FROM CD_VRSN_TBL WHERE CD_ID = x'D8AFFAC490FC30438B4BE4E64C86B87B' AND OBSLT_UTC IS NULL;
INSERT INTO REF_TERM_NAME_TBL(REF_TERM_ID, LANG_CS, TERM_NAME, CRT_PROV_ID) VALUES(x'6A4CF7C012D06C4A946AA6C032388F16', 'en', 'PrimaryHome', x'76A0DCFA90366E4AAF9EF1CD68E8C7E8');
INSERT INTO CD_NAME_TBL(CD_ID, EFFT_VRSN_SEQ_ID, LANG_CS, VAL) SELECT x'D8AFFAC490FC30438B4BE4E64C86B87B', VRSN_SEQ_ID, 'en', 'PrimaryHome' FROM CD_VRSN_TBL WHERE CD_ID = x'D8AFFAC490FC30438B4BE4E64C86B87B' AND OBSLT_UTC IS NULL;
INSERT INTO CD_TBL VALUES(x'4C53695D9745114DBB9856A9918F5238');
INSERT INTO CD_VRSN_TBL (CD_ID, STS_CD_ID, CRT_PROV_ID, MNEMONIC, CLS_ID) VALUES (x'4C53695D9745114DBB9856A9918F5238', x'BD4C06C806FA3045B4301A52F1530C27', x'76A0DCFA90366E4AAF9EF1CD68E8C7E8', 'VacationHome', x'39346B0DBEC98044AF39EEB457C052D0');
INSERT INTO REF_TERM_TBL(REF_TERM_ID, CS_ID, MNEMONIC, CRT_PROV_ID)  VALUES(x'E6E12427C0ED0148A32120B6A18BD8E1', x'1E094D0C01875349B16DB8CA8E85DE46', 'HV', x'76A0DCFA90366E4AAF9EF1CD68E8C7E8');
INSERT INTO CD_REF_TERM_ASSOC_TBL(REF_TERM_ID, CD_ID, EFFT_VRSN_SEQ_ID, REL_TYP_ID) SELECT x'E6E12427C0ED0148A32120B6A18BD8E1', x'4C53695D9745114DBB9856A9918F5238', VRSN_SEQ_ID, x'C2AF4D2C6A56AE419EBC3097D7D22F4A' FROM CD_VRSN_TBL WHERE CD_ID = x'4C53695D9745114DBB9856A9918F5238' AND OBSLT_UTC IS NULL;
INSERT INTO REF_TERM_NAME_TBL(REF_TERM_ID, LANG_CS, TERM_NAME, CRT_PROV_ID) VALUES(x'E6E12427C0ED0148A32120B6A18BD8E1', 'en', 'VacationHome', x'76A0DCFA90366E4AAF9EF1CD68E8C7E8');
INSERT INTO CD_NAME_TBL(CD_ID, EFFT_VRSN_SEQ_ID, LANG_CS, VAL) SELECT x'4C53695D9745114DBB9856A9918F5238', VRSN_SEQ_ID, 'en', 'VacationHome' FROM CD_VRSN_TBL WHERE CD_ID = x'4C53695D9745114DBB9856A9918F5238' AND OBSLT_UTC IS NULL;
INSERT INTO CD_TBL VALUES(x'8EF0A6EA8EBB57449DC03A1555FADF5C');
INSERT INTO CD_VRSN_TBL (CD_ID, STS_CD_ID, CRT_PROV_ID, MNEMONIC, CLS_ID) VALUES (x'8EF0A6EA8EBB57449DC03A1555FADF5C', x'BD4C06C806FA3045B4301A52F1530C27', x'76A0DCFA90366E4AAF9EF1CD68E8C7E8', 'WorkPlace', x'39346B0DBEC98044AF39EEB457C052D0');
INSERT INTO REF_TERM_TBL(REF_TERM_ID, CS_ID, MNEMONIC, CRT_PROV_ID)  VALUES(x'0246763C5DADE149B919D0F369226051', x'1E094D0C01875349B16DB8CA8E85DE46', 'WP', x'76A0DCFA90366E4AAF9EF1CD68E8C7E8');
INSERT INTO CD_REF_TERM_ASSOC_TBL(REF_TERM_ID, CD_ID, EFFT_VRSN_SEQ_ID, REL_TYP_ID) SELECT x'0246763C5DADE149B919D0F369226051', x'8EF0A6EA8EBB57449DC03A1555FADF5C', VRSN_SEQ_ID, x'C2AF4D2C6A56AE419EBC3097D7D22F4A' FROM CD_VRSN_TBL WHERE CD_ID = x'8EF0A6EA8EBB57449DC03A1555FADF5C' AND OBSLT_UTC IS NULL;
INSERT INTO REF_TERM_NAME_TBL(REF_TERM_ID, LANG_CS, TERM_NAME, CRT_PROV_ID) VALUES(x'0246763C5DADE149B919D0F369226051', 'en', 'WorkPlace', x'76A0DCFA90366E4AAF9EF1CD68E8C7E8');
INSERT INTO CD_NAME_TBL(CD_ID, EFFT_VRSN_SEQ_ID, LANG_CS, VAL) SELECT x'8EF0A6EA8EBB57449DC03A1555FADF5C', VRSN_SEQ_ID, 'en', 'WorkPlace' FROM CD_VRSN_TBL WHERE CD_ID = x'8EF0A6EA8EBB57449DC03A1555FADF5C' AND OBSLT_UTC IS NULL;
INSERT INTO CD_TBL VALUES(x'DB6EDBD0DC6C71468BC200F1C808E188');
INSERT INTO CD_VRSN_TBL (CD_ID, STS_CD_ID, CRT_PROV_ID, MNEMONIC, CLS_ID) VALUES (x'DB6EDBD0DC6C71468BC200F1C808E188', x'BD4C06C806FA3045B4301A52F1530C27', x'76A0DCFA90366E4AAF9EF1CD68E8C7E8', 'Direct', x'39346B0DBEC98044AF39EEB457C052D0');
INSERT INTO REF_TERM_TBL(REF_TERM_ID, CS_ID, MNEMONIC, CRT_PROV_ID)  VALUES(x'154E8C5A8B340D4DB71AB49C0CC26680', x'1E094D0C01875349B16DB8CA8E85DE46', 'DIR', x'76A0DCFA90366E4AAF9EF1CD68E8C7E8');
INSERT INTO CD_REF_TERM_ASSOC_TBL(REF_TERM_ID, CD_ID, EFFT_VRSN_SEQ_ID, REL_TYP_ID) SELECT x'154E8C5A8B340D4DB71AB49C0CC26680', x'DB6EDBD0DC6C71468BC200F1C808E188', VRSN_SEQ_ID, x'C2AF4D2C6A56AE419EBC3097D7D22F4A' FROM CD_VRSN_TBL WHERE CD_ID = x'DB6EDBD0DC6C71468BC200F1C808E188' AND OBSLT_UTC IS NULL;
INSERT INTO REF_TERM_NAME_TBL(REF_TERM_ID, LANG_CS, TERM_NAME, CRT_PROV_ID) VALUES(x'154E8C5A8B340D4DB71AB49C0CC26680', 'en', 'Direct', x'76A0DCFA90366E4AAF9EF1CD68E8C7E8');
INSERT INTO CD_NAME_TBL(CD_ID, EFFT_VRSN_SEQ_ID, LANG_CS, VAL) SELECT x'DB6EDBD0DC6C71468BC200F1C808E188', VRSN_SEQ_ID, 'en', 'Direct' FROM CD_VRSN_TBL WHERE CD_ID = x'DB6EDBD0DC6C71468BC200F1C808E188' AND OBSLT_UTC IS NULL;
INSERT INTO CD_TBL VALUES(x'7CEA35ECD2551946A56BF7A986412F7F');
INSERT INTO CD_VRSN_TBL (CD_ID, STS_CD_ID, CRT_PROV_ID, MNEMONIC, CLS_ID) VALUES (x'7CEA35ECD2551946A56BF7A986412F7F', x'BD4C06C806FA3045B4301A52F1530C27', x'76A0DCFA90366E4AAF9EF1CD68E8C7E8', 'Public', x'39346B0DBEC98044AF39EEB457C052D0');
INSERT INTO REF_TERM_TBL(REF_TERM_ID, CS_ID, MNEMONIC, CRT_PROV_ID)  VALUES(x'73CDC43008E85C4687FB812F0428EFAC', x'1E094D0C01875349B16DB8CA8E85DE46', 'PUB', x'76A0DCFA90366E4AAF9EF1CD68E8C7E8');
INSERT INTO CD_REF_TERM_ASSOC_TBL(REF_TERM_ID, CD_ID, EFFT_VRSN_SEQ_ID, REL_TYP_ID) SELECT x'73CDC43008E85C4687FB812F0428EFAC', x'7CEA35ECD2551946A56BF7A986412F7F', VRSN_SEQ_ID, x'C2AF4D2C6A56AE419EBC3097D7D22F4A' FROM CD_VRSN_TBL WHERE CD_ID = x'7CEA35ECD2551946A56BF7A986412F7F' AND OBSLT_UTC IS NULL;
INSERT INTO REF_TERM_NAME_TBL(REF_TERM_ID, LANG_CS, TERM_NAME, CRT_PROV_ID) VALUES(x'73CDC43008E85C4687FB812F0428EFAC', 'en', 'Public', x'76A0DCFA90366E4AAF9EF1CD68E8C7E8');
INSERT INTO CD_NAME_TBL(CD_ID, EFFT_VRSN_SEQ_ID, LANG_CS, VAL) SELECT x'7CEA35ECD2551946A56BF7A986412F7F', VRSN_SEQ_ID, 'en', 'Public' FROM CD_VRSN_TBL WHERE CD_ID = x'7CEA35ECD2551946A56BF7A986412F7F' AND OBSLT_UTC IS NULL;
INSERT INTO CD_TBL VALUES(x'C02F13F3DDAAB740B875961C40695389');
INSERT INTO CD_VRSN_TBL (CD_ID, STS_CD_ID, CRT_PROV_ID, MNEMONIC, CLS_ID) VALUES (x'C02F13F3DDAAB740B875961C40695389', x'BD4C06C806FA3045B4301A52F1530C27', x'76A0DCFA90366E4AAF9EF1CD68E8C7E8', 'BadAddress', x'39346B0DBEC98044AF39EEB457C052D0');
INSERT INTO REF_TERM_TBL(REF_TERM_ID, CS_ID, MNEMONIC, CRT_PROV_ID)  VALUES(x'F8CE135D3A40C341A2740C2C0EEAD23E', x'1E094D0C01875349B16DB8CA8E85DE46', 'BAD', x'76A0DCFA90366E4AAF9EF1CD68E8C7E8');
INSERT INTO CD_REF_TERM_ASSOC_TBL(REF_TERM_ID, CD_ID, EFFT_VRSN_SEQ_ID, REL_TYP_ID) SELECT x'F8CE135D3A40C341A2740C2C0EEAD23E', x'C02F13F3DDAAB740B875961C40695389', VRSN_SEQ_ID, x'C2AF4D2C6A56AE419EBC3097D7D22F4A' FROM CD_VRSN_TBL WHERE CD_ID = x'C02F13F3DDAAB740B875961C40695389' AND OBSLT_UTC IS NULL;
INSERT INTO REF_TERM_NAME_TBL(REF_TERM_ID, LANG_CS, TERM_NAME, CRT_PROV_ID) VALUES(x'F8CE135D3A40C341A2740C2C0EEAD23E', 'en', 'BadAddress', x'76A0DCFA90366E4AAF9EF1CD68E8C7E8');
INSERT INTO CD_NAME_TBL(CD_ID, EFFT_VRSN_SEQ_ID, LANG_CS, VAL) SELECT x'C02F13F3DDAAB740B875961C40695389', VRSN_SEQ_ID, 'en', 'BadAddress' FROM CD_VRSN_TBL WHERE CD_ID = x'C02F13F3DDAAB740B875961C40695389' AND OBSLT_UTC IS NULL;
INSERT INTO CD_TBL VALUES(x'B6A92457B624B74380757A0D61FCB814');
INSERT INTO CD_VRSN_TBL (CD_ID, STS_CD_ID, CRT_PROV_ID, MNEMONIC, CLS_ID) VALUES (x'B6A92457B624B74380757A0D61FCB814', x'BD4C06C806FA3045B4301A52F1530C27', x'76A0DCFA90366E4AAF9EF1CD68E8C7E8', 'PhysicalVisit', x'39346B0DBEC98044AF39EEB457C052D0');
INSERT INTO REF_TERM_TBL(REF_TERM_ID, CS_ID, MNEMONIC, CRT_PROV_ID)  VALUES(x'50BE3C4CE0F4F549AF084420998CF6EA', x'1E094D0C01875349B16DB8CA8E85DE46', 'PHYS', x'76A0DCFA90366E4AAF9EF1CD68E8C7E8');
INSERT INTO CD_REF_TERM_ASSOC_TBL(REF_TERM_ID, CD_ID, EFFT_VRSN_SEQ_ID, REL_TYP_ID) SELECT x'50BE3C4CE0F4F549AF084420998CF6EA', x'B6A92457B624B74380757A0D61FCB814', VRSN_SEQ_ID, x'C2AF4D2C6A56AE419EBC3097D7D22F4A' FROM CD_VRSN_TBL WHERE CD_ID = x'B6A92457B624B74380757A0D61FCB814' AND OBSLT_UTC IS NULL;
INSERT INTO REF_TERM_NAME_TBL(REF_TERM_ID, LANG_CS, TERM_NAME, CRT_PROV_ID) VALUES(x'50BE3C4CE0F4F549AF084420998CF6EA', 'en', 'PhysicalVisit', x'76A0DCFA90366E4AAF9EF1CD68E8C7E8');
INSERT INTO CD_NAME_TBL(CD_ID, EFFT_VRSN_SEQ_ID, LANG_CS, VAL) SELECT x'B6A92457B624B74380757A0D61FCB814', VRSN_SEQ_ID, 'en', 'PhysicalVisit' FROM CD_VRSN_TBL WHERE CD_ID = x'B6A92457B624B74380757A0D61FCB814' AND OBSLT_UTC IS NULL;
INSERT INTO CD_TBL VALUES(x'8DE94672C620E64A85AD4AA09649FEB7');
INSERT INTO CD_VRSN_TBL (CD_ID, STS_CD_ID, CRT_PROV_ID, MNEMONIC, CLS_ID) VALUES (x'8DE94672C620E64A85AD4AA09649FEB7', x'BD4C06C806FA3045B4301A52F1530C27', x'76A0DCFA90366E4AAF9EF1CD68E8C7E8', 'PostalAddress', x'39346B0DBEC98044AF39EEB457C052D0');
INSERT INTO REF_TERM_TBL(REF_TERM_ID, CS_ID, MNEMONIC, CRT_PROV_ID)  VALUES(x'EAB8D1CEF972BC4FA372B3535D00F449', x'1E094D0C01875349B16DB8CA8E85DE46', 'PST', x'76A0DCFA90366E4AAF9EF1CD68E8C7E8');
INSERT INTO CD_REF_TERM_ASSOC_TBL(REF_TERM_ID, CD_ID, EFFT_VRSN_SEQ_ID, REL_TYP_ID) SELECT x'EAB8D1CEF972BC4FA372B3535D00F449', x'8DE94672C620E64A85AD4AA09649FEB7', VRSN_SEQ_ID, x'C2AF4D2C6A56AE419EBC3097D7D22F4A' FROM CD_VRSN_TBL WHERE CD_ID = x'8DE94672C620E64A85AD4AA09649FEB7' AND OBSLT_UTC IS NULL;
INSERT INTO REF_TERM_NAME_TBL(REF_TERM_ID, LANG_CS, TERM_NAME, CRT_PROV_ID) VALUES(x'EAB8D1CEF972BC4FA372B3535D00F449', 'en', 'PostalAddress', x'76A0DCFA90366E4AAF9EF1CD68E8C7E8');
INSERT INTO CD_NAME_TBL(CD_ID, EFFT_VRSN_SEQ_ID, LANG_CS, VAL) SELECT x'8DE94672C620E64A85AD4AA09649FEB7', VRSN_SEQ_ID, 'en', 'PostalAddress' FROM CD_VRSN_TBL WHERE CD_ID = x'8DE94672C620E64A85AD4AA09649FEB7' AND OBSLT_UTC IS NULL;
INSERT INTO CD_TBL VALUES(x'31EAF6CE97A0594F8723A38C727C6597');
INSERT INTO CD_VRSN_TBL (CD_ID, STS_CD_ID, CRT_PROV_ID, MNEMONIC, CLS_ID) VALUES (x'31EAF6CE97A0594F8723A38C727C6597', x'BD4C06C806FA3045B4301A52F1530C27', x'76A0DCFA90366E4AAF9EF1CD68E8C7E8', 'TemporaryAddress', x'39346B0DBEC98044AF39EEB457C052D0');
INSERT INTO REF_TERM_TBL(REF_TERM_ID, CS_ID, MNEMONIC, CRT_PROV_ID)  VALUES(x'F9A87DAC30783C48ADC0B6F6836C88A0', x'1E094D0C01875349B16DB8CA8E85DE46', 'TMP', x'76A0DCFA90366E4AAF9EF1CD68E8C7E8');
INSERT INTO CD_REF_TERM_ASSOC_TBL(REF_TERM_ID, CD_ID, EFFT_VRSN_SEQ_ID, REL_TYP_ID) SELECT x'F9A87DAC30783C48ADC0B6F6836C88A0', x'31EAF6CE97A0594F8723A38C727C6597', VRSN_SEQ_ID, x'C2AF4D2C6A56AE419EBC3097D7D22F4A' FROM CD_VRSN_TBL WHERE CD_ID = x'31EAF6CE97A0594F8723A38C727C6597' AND OBSLT_UTC IS NULL;
INSERT INTO REF_TERM_NAME_TBL(REF_TERM_ID, LANG_CS, TERM_NAME, CRT_PROV_ID) VALUES(x'F9A87DAC30783C48ADC0B6F6836C88A0', 'en', 'TemporaryAddress', x'76A0DCFA90366E4AAF9EF1CD68E8C7E8');
INSERT INTO CD_NAME_TBL(CD_ID, EFFT_VRSN_SEQ_ID, LANG_CS, VAL) SELECT x'31EAF6CE97A0594F8723A38C727C6597', VRSN_SEQ_ID, 'en', 'TemporaryAddress' FROM CD_VRSN_TBL WHERE CD_ID = x'31EAF6CE97A0594F8723A38C727C6597' AND OBSLT_UTC IS NULL;
INSERT INTO REF_TERM_TBL(REF_TERM_ID, CS_ID, MNEMONIC, CRT_PROV_ID)  VALUES(x'DC739D64CD8BB34699EF238DEB53A32E', x'1E094D0C01875349B16DB8CA8E85DE46', 'ABC', x'76A0DCFA90366E4AAF9EF1CD68E8C7E8');
INSERT INTO CD_REF_TERM_ASSOC_TBL(REF_TERM_ID, CD_ID, EFFT_VRSN_SEQ_ID, REL_TYP_ID) SELECT x'DC739D64CD8BB34699EF238DEB53A32E', x'7CC0D171E66E40428A9519F96583512E', VRSN_SEQ_ID, x'C2AF4D2C6A56AE419EBC3097D7D22F4A' FROM CD_VRSN_TBL WHERE CD_ID = x'7CC0D171E66E40428A9519F96583512E' AND OBSLT_UTC IS NULL;
INSERT INTO REF_TERM_NAME_TBL(REF_TERM_ID, LANG_CS, TERM_NAME, CRT_PROV_ID) VALUES(x'DC739D64CD8BB34699EF238DEB53A32E', 'en', 'Alphabetic', x'76A0DCFA90366E4AAF9EF1CD68E8C7E8');
INSERT INTO REF_TERM_TBL(REF_TERM_ID, CS_ID, MNEMONIC, CRT_PROV_ID)  VALUES(x'220B873C5903EB44ACEB48429BFB22FD', x'1E094D0C01875349B16DB8CA8E85DE46', 'IDE', x'76A0DCFA90366E4AAF9EF1CD68E8C7E8');
INSERT INTO CD_REF_TERM_ASSOC_TBL(REF_TERM_ID, CD_ID, EFFT_VRSN_SEQ_ID, REL_TYP_ID) SELECT x'220B873C5903EB44ACEB48429BFB22FD', x'790400097246F844BB4A72FB25F7356A', VRSN_SEQ_ID, x'C2AF4D2C6A56AE419EBC3097D7D22F4A' FROM CD_VRSN_TBL WHERE CD_ID = x'790400097246F844BB4A72FB25F7356A' AND OBSLT_UTC IS NULL;
INSERT INTO REF_TERM_NAME_TBL(REF_TERM_ID, LANG_CS, TERM_NAME, CRT_PROV_ID) VALUES(x'220B873C5903EB44ACEB48429BFB22FD', 'en', 'Ideographic', x'76A0DCFA90366E4AAF9EF1CD68E8C7E8');
INSERT INTO CD_NAME_TBL(CD_ID, EFFT_VRSN_SEQ_ID, LANG_CS, VAL) SELECT x'790400097246F844BB4A72FB25F7356A', VRSN_SEQ_ID, 'en', 'Ideographic' FROM CD_VRSN_TBL WHERE CD_ID = x'790400097246F844BB4A72FB25F7356A' AND OBSLT_UTC IS NULL;
INSERT INTO REF_TERM_TBL(REF_TERM_ID, CS_ID, MNEMONIC, CRT_PROV_ID)  VALUES(x'8ACE554A54B86140BF5CB0E830C9AE50', x'1E094D0C01875349B16DB8CA8E85DE46', 'SYL', x'76A0DCFA90366E4AAF9EF1CD68E8C7E8');
INSERT INTO CD_REF_TERM_ASSOC_TBL(REF_TERM_ID, CD_ID, EFFT_VRSN_SEQ_ID, REL_TYP_ID) SELECT x'8ACE554A54B86140BF5CB0E830C9AE50', x'F03BCAB4FCA7F34487D5E126BEDA93FF', VRSN_SEQ_ID, x'C2AF4D2C6A56AE419EBC3097D7D22F4A' FROM CD_VRSN_TBL WHERE CD_ID = x'F03BCAB4FCA7F34487D5E126BEDA93FF' AND OBSLT_UTC IS NULL;
INSERT INTO REF_TERM_NAME_TBL(REF_TERM_ID, LANG_CS, TERM_NAME, CRT_PROV_ID) VALUES(x'8ACE554A54B86140BF5CB0E830C9AE50', 'en', 'Syllabic', x'76A0DCFA90366E4AAF9EF1CD68E8C7E8');
INSERT INTO CD_NAME_TBL(CD_ID, EFFT_VRSN_SEQ_ID, LANG_CS, VAL) SELECT x'F03BCAB4FCA7F34487D5E126BEDA93FF', VRSN_SEQ_ID, 'en', 'Syllabic' FROM CD_VRSN_TBL WHERE CD_ID = x'F03BCAB4FCA7F34487D5E126BEDA93FF' AND OBSLT_UTC IS NULL;
INSERT INTO REF_TERM_TBL(REF_TERM_ID, CS_ID, MNEMONIC, CRT_PROV_ID)  VALUES(x'448829E339575B4CBB170447B7233AB1', x'1E094D0C01875349B16DB8CA8E85DE46', 'SNDX', x'76A0DCFA90366E4AAF9EF1CD68E8C7E8');
INSERT INTO CD_REF_TERM_ASSOC_TBL(REF_TERM_ID, CD_ID, EFFT_VRSN_SEQ_ID, REL_TYP_ID) SELECT x'448829E339575B4CBB170447B7233AB1', x'3B4E79E525306F4394175886FEEAD55A', VRSN_SEQ_ID, x'C2AF4D2C6A56AE419EBC3097D7D22F4A' FROM CD_VRSN_TBL WHERE CD_ID = x'3B4E79E525306F4394175886FEEAD55A' AND OBSLT_UTC IS NULL;
INSERT INTO REF_TERM_NAME_TBL(REF_TERM_ID, LANG_CS, TERM_NAME, CRT_PROV_ID) VALUES(x'448829E339575B4CBB170447B7233AB1', 'en', 'Soundex', x'76A0DCFA90366E4AAF9EF1CD68E8C7E8');
INSERT INTO CD_NAME_TBL(CD_ID, EFFT_VRSN_SEQ_ID, LANG_CS, VAL) SELECT x'3B4E79E525306F4394175886FEEAD55A', VRSN_SEQ_ID, 'en', 'Soundex' FROM CD_VRSN_TBL WHERE CD_ID = x'3B4E79E525306F4394175886FEEAD55A' AND OBSLT_UTC IS NULL;
INSERT INTO REF_TERM_TBL(REF_TERM_ID, CS_ID, MNEMONIC, CRT_PROV_ID)  VALUES(x'ED93A8389898694A817EB23CD14FF430', x'1E094D0C01875349B16DB8CA8E85DE46', 'PHON', x'76A0DCFA90366E4AAF9EF1CD68E8C7E8');
INSERT INTO CD_REF_TERM_ASSOC_TBL(REF_TERM_ID, CD_ID, EFFT_VRSN_SEQ_ID, REL_TYP_ID) SELECT x'ED93A8389898694A817EB23CD14FF430', x'385D082B083364469F8948D8EF4DABA7', VRSN_SEQ_ID, x'C2AF4D2C6A56AE419EBC3097D7D22F4A' FROM CD_VRSN_TBL WHERE CD_ID = x'385D082B083364469F8948D8EF4DABA7' AND OBSLT_UTC IS NULL;
INSERT INTO REF_TERM_NAME_TBL(REF_TERM_ID, LANG_CS, TERM_NAME, CRT_PROV_ID) VALUES(x'ED93A8389898694A817EB23CD14FF430', 'en', 'Phonetic', x'76A0DCFA90366E4AAF9EF1CD68E8C7E8');
INSERT INTO CD_NAME_TBL(CD_ID, EFFT_VRSN_SEQ_ID, LANG_CS, VAL) SELECT x'385D082B083364469F8948D8EF4DABA7', VRSN_SEQ_ID, 'en', 'Phonetic' FROM CD_VRSN_TBL WHERE CD_ID = x'385D082B083364469F8948D8EF4DABA7' AND OBSLT_UTC IS NULL;
INSERT INTO CD_SYS_TBL (CS_ID, DOMAIN, OID, CRT_PROV_ID, URL)  VALUES (x'9CD9206B75C0CD4CA9998371E7132E7D','EntityNamePartType','2.16.840.1.113883.5.1121',x'76A0DCFA90366E4AAF9EF1CD68E8C7E8','http://santedb.org/conceptset/v3-EntityNamePartType');
INSERT INTO CD_TBL VALUES(x'5584B92961EDF849A1612D73363E1DF0');
INSERT INTO CD_VRSN_TBL (CD_ID, STS_CD_ID, CRT_PROV_ID, MNEMONIC, CLS_ID) VALUES (x'5584B92961EDF849A1612D73363E1DF0', x'BD4C06C806FA3045B4301A52F1530C27', x'76A0DCFA90366E4AAF9EF1CD68E8C7E8', 'Family', x'39346B0DBEC98044AF39EEB457C052D0');
INSERT INTO REF_TERM_TBL(REF_TERM_ID, CS_ID, MNEMONIC, CRT_PROV_ID)  VALUES(x'1C1ABF84CA887844A04A69715D76E8A5', x'9CD9206B75C0CD4CA9998371E7132E7D', 'FAM', x'76A0DCFA90366E4AAF9EF1CD68E8C7E8');
INSERT INTO CD_REF_TERM_ASSOC_TBL(REF_TERM_ID, CD_ID, EFFT_VRSN_SEQ_ID, REL_TYP_ID) SELECT x'1C1ABF84CA887844A04A69715D76E8A5', x'5584B92961EDF849A1612D73363E1DF0', VRSN_SEQ_ID, x'C2AF4D2C6A56AE419EBC3097D7D22F4A' FROM CD_VRSN_TBL WHERE CD_ID = x'5584B92961EDF849A1612D73363E1DF0' AND OBSLT_UTC IS NULL;
INSERT INTO REF_TERM_NAME_TBL(REF_TERM_ID, LANG_CS, TERM_NAME, CRT_PROV_ID) VALUES(x'1C1ABF84CA887844A04A69715D76E8A5', 'en', 'Family', x'76A0DCFA90366E4AAF9EF1CD68E8C7E8');
INSERT INTO CD_NAME_TBL(CD_ID, EFFT_VRSN_SEQ_ID, LANG_CS, VAL) SELECT x'5584B92961EDF849A1612D73363E1DF0', VRSN_SEQ_ID, 'en', 'Family' FROM CD_VRSN_TBL WHERE CD_ID = x'5584B92961EDF849A1612D73363E1DF0' AND OBSLT_UTC IS NULL;
INSERT INTO CD_TBL VALUES(x'E2BD642F96A60A4B9690B21EBD7E5092');
INSERT INTO CD_VRSN_TBL (CD_ID, STS_CD_ID, CRT_PROV_ID, MNEMONIC, CLS_ID) VALUES (x'E2BD642F96A60A4B9690B21EBD7E5092', x'BD4C06C806FA3045B4301A52F1530C27', x'76A0DCFA90366E4AAF9EF1CD68E8C7E8', 'Given', x'39346B0DBEC98044AF39EEB457C052D0');
INSERT INTO REF_TERM_TBL(REF_TERM_ID, CS_ID, MNEMONIC, CRT_PROV_ID)  VALUES(x'5CE52C258399F94B9B336B6A4D928094', x'9CD9206B75C0CD4CA9998371E7132E7D', 'GIV', x'76A0DCFA90366E4AAF9EF1CD68E8C7E8');
INSERT INTO CD_REF_TERM_ASSOC_TBL(REF_TERM_ID, CD_ID, EFFT_VRSN_SEQ_ID, REL_TYP_ID) SELECT x'5CE52C258399F94B9B336B6A4D928094', x'E2BD642F96A60A4B9690B21EBD7E5092', VRSN_SEQ_ID, x'C2AF4D2C6A56AE419EBC3097D7D22F4A' FROM CD_VRSN_TBL WHERE CD_ID = x'E2BD642F96A60A4B9690B21EBD7E5092' AND OBSLT_UTC IS NULL;
INSERT INTO REF_TERM_NAME_TBL(REF_TERM_ID, LANG_CS, TERM_NAME, CRT_PROV_ID) VALUES(x'5CE52C258399F94B9B336B6A4D928094', 'en', 'Given', x'76A0DCFA90366E4AAF9EF1CD68E8C7E8');
INSERT INTO CD_NAME_TBL(CD_ID, EFFT_VRSN_SEQ_ID, LANG_CS, VAL) SELECT x'E2BD642F96A60A4B9690B21EBD7E5092', VRSN_SEQ_ID, 'en', 'Given' FROM CD_VRSN_TBL WHERE CD_ID = x'E2BD642F96A60A4B9690B21EBD7E5092' AND OBSLT_UTC IS NULL;
INSERT INTO CD_TBL VALUES(x'7B1887A7E46B1E40883697FC000C5D16');
INSERT INTO CD_VRSN_TBL (CD_ID, STS_CD_ID, CRT_PROV_ID, MNEMONIC, CLS_ID) VALUES (x'7B1887A7E46B1E40883697FC000C5D16', x'BD4C06C806FA3045B4301A52F1530C27', x'76A0DCFA90366E4AAF9EF1CD68E8C7E8', 'Prefix', x'39346B0DBEC98044AF39EEB457C052D0');
INSERT INTO REF_TERM_TBL(REF_TERM_ID, CS_ID, MNEMONIC, CRT_PROV_ID)  VALUES(x'B82D297109E44040AF80081DFDF8B3F1', x'9CD9206B75C0CD4CA9998371E7132E7D', 'PFX', x'76A0DCFA90366E4AAF9EF1CD68E8C7E8');
INSERT INTO CD_REF_TERM_ASSOC_TBL(REF_TERM_ID, CD_ID, EFFT_VRSN_SEQ_ID, REL_TYP_ID) SELECT x'B82D297109E44040AF80081DFDF8B3F1', x'7B1887A7E46B1E40883697FC000C5D16', VRSN_SEQ_ID, x'C2AF4D2C6A56AE419EBC3097D7D22F4A' FROM CD_VRSN_TBL WHERE CD_ID = x'7B1887A7E46B1E40883697FC000C5D16' AND OBSLT_UTC IS NULL;
INSERT INTO REF_TERM_NAME_TBL(REF_TERM_ID, LANG_CS, TERM_NAME, CRT_PROV_ID) VALUES(x'B82D297109E44040AF80081DFDF8B3F1', 'en', 'Prefix', x'76A0DCFA90366E4AAF9EF1CD68E8C7E8');
INSERT INTO CD_NAME_TBL(CD_ID, EFFT_VRSN_SEQ_ID, LANG_CS, VAL) SELECT x'7B1887A7E46B1E40883697FC000C5D16', VRSN_SEQ_ID, 'en', 'Prefix' FROM CD_VRSN_TBL WHERE CD_ID = x'7B1887A7E46B1E40883697FC000C5D16' AND OBSLT_UTC IS NULL;
INSERT INTO CD_TBL VALUES(x'DF23450603BB32499323CDF0CC9590BA');
INSERT INTO CD_VRSN_TBL (CD_ID, STS_CD_ID, CRT_PROV_ID, MNEMONIC, CLS_ID) VALUES (x'DF23450603BB32499323CDF0CC9590BA', x'BD4C06C806FA3045B4301A52F1530C27', x'76A0DCFA90366E4AAF9EF1CD68E8C7E8', 'Suffix', x'39346B0DBEC98044AF39EEB457C052D0');
INSERT INTO REF_TERM_TBL(REF_TERM_ID, CS_ID, MNEMONIC, CRT_PROV_ID)  VALUES(x'77D2808E469B4949BDC12ADF6CBE8750', x'9CD9206B75C0CD4CA9998371E7132E7D', 'SFX', x'76A0DCFA90366E4AAF9EF1CD68E8C7E8');
INSERT INTO CD_REF_TERM_ASSOC_TBL(REF_TERM_ID, CD_ID, EFFT_VRSN_SEQ_ID, REL_TYP_ID) SELECT x'77D2808E469B4949BDC12ADF6CBE8750', x'DF23450603BB32499323CDF0CC9590BA', VRSN_SEQ_ID, x'C2AF4D2C6A56AE419EBC3097D7D22F4A' FROM CD_VRSN_TBL WHERE CD_ID = x'DF23450603BB32499323CDF0CC9590BA' AND OBSLT_UTC IS NULL;
INSERT INTO REF_TERM_NAME_TBL(REF_TERM_ID, LANG_CS, TERM_NAME, CRT_PROV_ID) VALUES(x'77D2808E469B4949BDC12ADF6CBE8750', 'en', 'Suffix', x'76A0DCFA90366E4AAF9EF1CD68E8C7E8');
INSERT INTO CD_NAME_TBL(CD_ID, EFFT_VRSN_SEQ_ID, LANG_CS, VAL) SELECT x'DF23450603BB32499323CDF0CC9590BA', VRSN_SEQ_ID, 'en', 'Suffix' FROM CD_VRSN_TBL WHERE CD_ID = x'DF23450603BB32499323CDF0CC9590BA' AND OBSLT_UTC IS NULL;
INSERT INTO CD_TBL VALUES(x'2AD986431BD83340B96801E57E20D5E0');
INSERT INTO CD_VRSN_TBL (CD_ID, STS_CD_ID, CRT_PROV_ID, MNEMONIC, CLS_ID) VALUES (x'2AD986431BD83340B96801E57E20D5E0', x'BD4C06C806FA3045B4301A52F1530C27', x'76A0DCFA90366E4AAF9EF1CD68E8C7E8', 'Title', x'39346B0DBEC98044AF39EEB457C052D0');
INSERT INTO REF_TERM_TBL(REF_TERM_ID, CS_ID, MNEMONIC, CRT_PROV_ID)  VALUES(x'682A5212AB8AA446A688C1185B8580D6', x'9CD9206B75C0CD4CA9998371E7132E7D', 'TITLE', x'76A0DCFA90366E4AAF9EF1CD68E8C7E8');
INSERT INTO CD_REF_TERM_ASSOC_TBL(REF_TERM_ID, CD_ID, EFFT_VRSN_SEQ_ID, REL_TYP_ID) SELECT x'682A5212AB8AA446A688C1185B8580D6', x'2AD986431BD83340B96801E57E20D5E0', VRSN_SEQ_ID, x'C2AF4D2C6A56AE419EBC3097D7D22F4A' FROM CD_VRSN_TBL WHERE CD_ID = x'2AD986431BD83340B96801E57E20D5E0' AND OBSLT_UTC IS NULL;
INSERT INTO REF_TERM_NAME_TBL(REF_TERM_ID, LANG_CS, TERM_NAME, CRT_PROV_ID) VALUES(x'682A5212AB8AA446A688C1185B8580D6', 'en', 'Title', x'76A0DCFA90366E4AAF9EF1CD68E8C7E8');
INSERT INTO CD_NAME_TBL(CD_ID, EFFT_VRSN_SEQ_ID, LANG_CS, VAL) SELECT x'2AD986431BD83340B96801E57E20D5E0', VRSN_SEQ_ID, 'en', 'Title' FROM CD_VRSN_TBL WHERE CD_ID = x'2AD986431BD83340B96801E57E20D5E0' AND OBSLT_UTC IS NULL;
INSERT INTO CD_TBL VALUES(x'19956B4C93A4A94480E632D85109B04B');
INSERT INTO CD_VRSN_TBL (CD_ID, STS_CD_ID, CRT_PROV_ID, MNEMONIC, CLS_ID) VALUES (x'19956B4C93A4A94480E632D85109B04B', x'BD4C06C806FA3045B4301A52F1530C27', x'76A0DCFA90366E4AAF9EF1CD68E8C7E8', 'Delimiter', x'39346B0DBEC98044AF39EEB457C052D0');
INSERT INTO REF_TERM_TBL(REF_TERM_ID, CS_ID, MNEMONIC, CRT_PROV_ID)  VALUES(x'C89E03C03551954FBD369460E2709EC8', x'9CD9206B75C0CD4CA9998371E7132E7D', 'DEL', x'76A0DCFA90366E4AAF9EF1CD68E8C7E8');
INSERT INTO CD_REF_TERM_ASSOC_TBL(REF_TERM_ID, CD_ID, EFFT_VRSN_SEQ_ID, REL_TYP_ID) SELECT x'C89E03C03551954FBD369460E2709EC8', x'19956B4C93A4A94480E632D85109B04B', VRSN_SEQ_ID, x'C2AF4D2C6A56AE419EBC3097D7D22F4A' FROM CD_VRSN_TBL WHERE CD_ID = x'19956B4C93A4A94480E632D85109B04B' AND OBSLT_UTC IS NULL;
INSERT INTO REF_TERM_NAME_TBL(REF_TERM_ID, LANG_CS, TERM_NAME, CRT_PROV_ID) VALUES(x'C89E03C03551954FBD369460E2709EC8', 'en', 'Delimiter', x'76A0DCFA90366E4AAF9EF1CD68E8C7E8');
INSERT INTO CD_NAME_TBL(CD_ID, EFFT_VRSN_SEQ_ID, LANG_CS, VAL) SELECT x'19956B4C93A4A94480E632D85109B04B', VRSN_SEQ_ID, 'en', 'Delimiter' FROM CD_VRSN_TBL WHERE CD_ID = x'19956B4C93A4A94480E632D85109B04B' AND OBSLT_UTC IS NULL;
INSERT INTO CD_SYS_TBL (CS_ID, DOMAIN, OID, CRT_PROV_ID, URL)  VALUES (x'3DD2DA2024F5934ABD49780AB3D6FD6E','AddressPartType','2.16.840.1.113883.5.16',x'76A0DCFA90366E4AAF9EF1CD68E8C7E8','http://santedb.org/conceptset/v3-AddressPartType');
INSERT INTO CD_TBL VALUES(x'282D344F5088AF4D8BCA0B44A255F7ED');
INSERT INTO CD_VRSN_TBL (CD_ID, STS_CD_ID, CRT_PROV_ID, MNEMONIC, CLS_ID) VALUES (x'282D344F5088AF4D8BCA0B44A255F7ED', x'BD4C06C806FA3045B4301A52F1530C27', x'76A0DCFA90366E4AAF9EF1CD68E8C7E8', 'AddressLine', x'39346B0DBEC98044AF39EEB457C052D0');
INSERT INTO REF_TERM_TBL(REF_TERM_ID, CS_ID, MNEMONIC, CRT_PROV_ID)  VALUES(x'817D6A2BCE908A42A8FC1FC596E2805F', x'3DD2DA2024F5934ABD49780AB3D6FD6E', 'AL', x'76A0DCFA90366E4AAF9EF1CD68E8C7E8');
INSERT INTO CD_REF_TERM_ASSOC_TBL(REF_TERM_ID, CD_ID, EFFT_VRSN_SEQ_ID, REL_TYP_ID) SELECT x'817D6A2BCE908A42A8FC1FC596E2805F', x'282D344F5088AF4D8BCA0B44A255F7ED', VRSN_SEQ_ID, x'C2AF4D2C6A56AE419EBC3097D7D22F4A' FROM CD_VRSN_TBL WHERE CD_ID = x'282D344F5088AF4D8BCA0B44A255F7ED' AND OBSLT_UTC IS NULL;
INSERT INTO REF_TERM_NAME_TBL(REF_TERM_ID, LANG_CS, TERM_NAME, CRT_PROV_ID) VALUES(x'817D6A2BCE908A42A8FC1FC596E2805F', 'en', 'AddressLine', x'76A0DCFA90366E4AAF9EF1CD68E8C7E8');
INSERT INTO CD_NAME_TBL(CD_ID, EFFT_VRSN_SEQ_ID, LANG_CS, VAL) SELECT x'282D344F5088AF4D8BCA0B44A255F7ED', VRSN_SEQ_ID, 'en', 'AddressLine' FROM CD_VRSN_TBL WHERE CD_ID = x'282D344F5088AF4D8BCA0B44A255F7ED' AND OBSLT_UTC IS NULL;
INSERT INTO CD_TBL VALUES(x'8E2B31D2FBBD12409397F14336F8D206');
INSERT INTO CD_VRSN_TBL (CD_ID, STS_CD_ID, CRT_PROV_ID, MNEMONIC, CLS_ID) VALUES (x'8E2B31D2FBBD12409397F14336F8D206', x'BD4C06C806FA3045B4301A52F1530C27', x'76A0DCFA90366E4AAF9EF1CD68E8C7E8', 'AdditionalLocator', x'39346B0DBEC98044AF39EEB457C052D0');
INSERT INTO REF_TERM_TBL(REF_TERM_ID, CS_ID, MNEMONIC, CRT_PROV_ID)  VALUES(x'F8563978CA21A349B69E2B38D0452723', x'3DD2DA2024F5934ABD49780AB3D6FD6E', 'ADL', x'76A0DCFA90366E4AAF9EF1CD68E8C7E8');
INSERT INTO CD_REF_TERM_ASSOC_TBL(REF_TERM_ID, CD_ID, EFFT_VRSN_SEQ_ID, REL_TYP_ID) SELECT x'F8563978CA21A349B69E2B38D0452723', x'8E2B31D2FBBD12409397F14336F8D206', VRSN_SEQ_ID, x'C2AF4D2C6A56AE419EBC3097D7D22F4A' FROM CD_VRSN_TBL WHERE CD_ID = x'8E2B31D2FBBD12409397F14336F8D206' AND OBSLT_UTC IS NULL;
INSERT INTO REF_TERM_NAME_TBL(REF_TERM_ID, LANG_CS, TERM_NAME, CRT_PROV_ID) VALUES(x'F8563978CA21A349B69E2B38D0452723', 'en', 'AdditionalLocator', x'76A0DCFA90366E4AAF9EF1CD68E8C7E8');
INSERT INTO CD_NAME_TBL(CD_ID, EFFT_VRSN_SEQ_ID, LANG_CS, VAL) SELECT x'8E2B31D2FBBD12409397F14336F8D206', VRSN_SEQ_ID, 'en', 'AdditionalLocator' FROM CD_VRSN_TBL WHERE CD_ID = x'8E2B31D2FBBD12409397F14336F8D206' AND OBSLT_UTC IS NULL;
INSERT INTO CD_TBL VALUES(x'DF098C90FE81AC4592330881A278A401');
INSERT INTO CD_VRSN_TBL (CD_ID, STS_CD_ID, CRT_PROV_ID, MNEMONIC, CLS_ID) VALUES (x'DF098C90FE81AC4592330881A278A401', x'BD4C06C806FA3045B4301A52F1530C27', x'76A0DCFA90366E4AAF9EF1CD68E8C7E8', 'UnitIdentifier', x'39346B0DBEC98044AF39EEB457C052D0');
INSERT INTO REF_TERM_TBL(REF_TERM_ID, CS_ID, MNEMONIC, CRT_PROV_ID)  VALUES(x'B405EC276309214792881B9BD4199AAA', x'3DD2DA2024F5934ABD49780AB3D6FD6E', 'UNID', x'76A0DCFA90366E4AAF9EF1CD68E8C7E8');
INSERT INTO CD_REF_TERM_ASSOC_TBL(REF_TERM_ID, CD_ID, EFFT_VRSN_SEQ_ID, REL_TYP_ID) SELECT x'B405EC276309214792881B9BD4199AAA', x'DF098C90FE81AC4592330881A278A401', VRSN_SEQ_ID, x'C2AF4D2C6A56AE419EBC3097D7D22F4A' FROM CD_VRSN_TBL WHERE CD_ID = x'DF098C90FE81AC4592330881A278A401' AND OBSLT_UTC IS NULL;
INSERT INTO REF_TERM_NAME_TBL(REF_TERM_ID, LANG_CS, TERM_NAME, CRT_PROV_ID) VALUES(x'B405EC276309214792881B9BD4199AAA', 'en', 'UnitIdentifier', x'76A0DCFA90366E4AAF9EF1CD68E8C7E8');
INSERT INTO CD_NAME_TBL(CD_ID, EFFT_VRSN_SEQ_ID, LANG_CS, VAL) SELECT x'DF098C90FE81AC4592330881A278A401', VRSN_SEQ_ID, 'en', 'UnitIdentifier' FROM CD_VRSN_TBL WHERE CD_ID = x'DF098C90FE81AC4592330881A278A401' AND OBSLT_UTC IS NULL;
INSERT INTO CD_TBL VALUES(x'CB718EB13C20404683F0CC86DEBBBBC0');
INSERT INTO CD_VRSN_TBL (CD_ID, STS_CD_ID, CRT_PROV_ID, MNEMONIC, CLS_ID) VALUES (x'CB718EB13C20404683F0CC86DEBBBBC0', x'BD4C06C806FA3045B4301A52F1530C27', x'76A0DCFA90366E4AAF9EF1CD68E8C7E8', 'UnitDesignator', x'39346B0DBEC98044AF39EEB457C052D0');
INSERT INTO REF_TERM_TBL(REF_TERM_ID, CS_ID, MNEMONIC, CRT_PROV_ID)  VALUES(x'CE77AFA346013149B69732CEBAB4B1C3', x'3DD2DA2024F5934ABD49780AB3D6FD6E', 'UNIT', x'76A0DCFA90366E4AAF9EF1CD68E8C7E8');
INSERT INTO CD_REF_TERM_ASSOC_TBL(REF_TERM_ID, CD_ID, EFFT_VRSN_SEQ_ID, REL_TYP_ID) SELECT x'CE77AFA346013149B69732CEBAB4B1C3', x'CB718EB13C20404683F0CC86DEBBBBC0', VRSN_SEQ_ID, x'C2AF4D2C6A56AE419EBC3097D7D22F4A' FROM CD_VRSN_TBL WHERE CD_ID = x'CB718EB13C20404683F0CC86DEBBBBC0' AND OBSLT_UTC IS NULL;
INSERT INTO REF_TERM_NAME_TBL(REF_TERM_ID, LANG_CS, TERM_NAME, CRT_PROV_ID) VALUES(x'CE77AFA346013149B69732CEBAB4B1C3', 'en', 'UnitDesignator', x'76A0DCFA90366E4AAF9EF1CD68E8C7E8');
INSERT INTO CD_NAME_TBL(CD_ID, EFFT_VRSN_SEQ_ID, LANG_CS, VAL) SELECT x'CB718EB13C20404683F0CC86DEBBBBC0', VRSN_SEQ_ID, 'en', 'UnitDesignator' FROM CD_VRSN_TBL WHERE CD_ID = x'CB718EB13C20404683F0CC86DEBBBBC0' AND OBSLT_UTC IS NULL;
INSERT INTO CD_TBL VALUES(x'219B13F6363A3F4AB4980C661F06DF59');
INSERT INTO CD_VRSN_TBL (CD_ID, STS_CD_ID, CRT_PROV_ID, MNEMONIC, CLS_ID) VALUES (x'219B13F6363A3F4AB4980C661F06DF59', x'BD4C06C806FA3045B4301A52F1530C27', x'76A0DCFA90366E4AAF9EF1CD68E8C7E8', 'DeliveryAddressLine', x'39346B0DBEC98044AF39EEB457C052D0');
INSERT INTO REF_TERM_TBL(REF_TERM_ID, CS_ID, MNEMONIC, CRT_PROV_ID)  VALUES(x'E9620C6379F37142B121211F7A1A3255', x'3DD2DA2024F5934ABD49780AB3D6FD6E', 'DAL', x'76A0DCFA90366E4AAF9EF1CD68E8C7E8');
INSERT INTO CD_REF_TERM_ASSOC_TBL(REF_TERM_ID, CD_ID, EFFT_VRSN_SEQ_ID, REL_TYP_ID) SELECT x'E9620C6379F37142B121211F7A1A3255', x'219B13F6363A3F4AB4980C661F06DF59', VRSN_SEQ_ID, x'C2AF4D2C6A56AE419EBC3097D7D22F4A' FROM CD_VRSN_TBL WHERE CD_ID = x'219B13F6363A3F4AB4980C661F06DF59' AND OBSLT_UTC IS NULL;
INSERT INTO REF_TERM_NAME_TBL(REF_TERM_ID, LANG_CS, TERM_NAME, CRT_PROV_ID) VALUES(x'E9620C6379F37142B121211F7A1A3255', 'en', 'DeliveryAddressLine', x'76A0DCFA90366E4AAF9EF1CD68E8C7E8');
INSERT INTO CD_NAME_TBL(CD_ID, EFFT_VRSN_SEQ_ID, LANG_CS, VAL) SELECT x'219B13F6363A3F4AB4980C661F06DF59', VRSN_SEQ_ID, 'en', 'DeliveryAddressLine' FROM CD_VRSN_TBL WHERE CD_ID = x'219B13F6363A3F4AB4980C661F06DF59' AND OBSLT_UTC IS NULL;
INSERT INTO CD_TBL VALUES(x'00B84F685C14C54798C5E7AA53802B69');
INSERT INTO CD_VRSN_TBL (CD_ID, STS_CD_ID, CRT_PROV_ID, MNEMONIC, CLS_ID) VALUES (x'00B84F685C14C54798C5E7AA53802B69', x'BD4C06C806FA3045B4301A52F1530C27', x'76A0DCFA90366E4AAF9EF1CD68E8C7E8', 'DeliveryInstallationType', x'39346B0DBEC98044AF39EEB457C052D0');
INSERT INTO REF_TERM_TBL(REF_TERM_ID, CS_ID, MNEMONIC, CRT_PROV_ID)  VALUES(x'2BC80D16B4875E4CA0EBF753737E71FC', x'3DD2DA2024F5934ABD49780AB3D6FD6E', 'DINST', x'76A0DCFA90366E4AAF9EF1CD68E8C7E8');
INSERT INTO CD_REF_TERM_ASSOC_TBL(REF_TERM_ID, CD_ID, EFFT_VRSN_SEQ_ID, REL_TYP_ID) SELECT x'2BC80D16B4875E4CA0EBF753737E71FC', x'00B84F685C14C54798C5E7AA53802B69', VRSN_SEQ_ID, x'C2AF4D2C6A56AE419EBC3097D7D22F4A' FROM CD_VRSN_TBL WHERE CD_ID = x'00B84F685C14C54798C5E7AA53802B69' AND OBSLT_UTC IS NULL;
INSERT INTO REF_TERM_NAME_TBL(REF_TERM_ID, LANG_CS, TERM_NAME, CRT_PROV_ID) VALUES(x'2BC80D16B4875E4CA0EBF753737E71FC', 'en', 'DeliveryInstallationType', x'76A0DCFA90366E4AAF9EF1CD68E8C7E8');
INSERT INTO CD_NAME_TBL(CD_ID, EFFT_VRSN_SEQ_ID, LANG_CS, VAL) SELECT x'00B84F685C14C54798C5E7AA53802B69', VRSN_SEQ_ID, 'en', 'DeliveryInstallationType' FROM CD_VRSN_TBL WHERE CD_ID = x'00B84F685C14C54798C5E7AA53802B69' AND OBSLT_UTC IS NULL;
INSERT INTO CD_TBL VALUES(x'B85A9DECE13B8F4493466A08253F9DEA');
INSERT INTO CD_VRSN_TBL (CD_ID, STS_CD_ID, CRT_PROV_ID, MNEMONIC, CLS_ID) VALUES (x'B85A9DECE13B8F4493466A08253F9DEA', x'BD4C06C806FA3045B4301A52F1530C27', x'76A0DCFA90366E4AAF9EF1CD68E8C7E8', 'DeliveryInstallationArea', x'39346B0DBEC98044AF39EEB457C052D0');
INSERT INTO REF_TERM_TBL(REF_TERM_ID, CS_ID, MNEMONIC, CRT_PROV_ID)  VALUES(x'072E2B877C884D468A89D500E94482A7', x'3DD2DA2024F5934ABD49780AB3D6FD6E', 'DINSTA', x'76A0DCFA90366E4AAF9EF1CD68E8C7E8');
INSERT INTO CD_REF_TERM_ASSOC_TBL(REF_TERM_ID, CD_ID, EFFT_VRSN_SEQ_ID, REL_TYP_ID) SELECT x'072E2B877C884D468A89D500E94482A7', x'B85A9DECE13B8F4493466A08253F9DEA', VRSN_SEQ_ID, x'C2AF4D2C6A56AE419EBC3097D7D22F4A' FROM CD_VRSN_TBL WHERE CD_ID = x'B85A9DECE13B8F4493466A08253F9DEA' AND OBSLT_UTC IS NULL;
INSERT INTO REF_TERM_NAME_TBL(REF_TERM_ID, LANG_CS, TERM_NAME, CRT_PROV_ID) VALUES(x'072E2B877C884D468A89D500E94482A7', 'en', 'DeliveryInstallationArea', x'76A0DCFA90366E4AAF9EF1CD68E8C7E8');
INSERT INTO CD_NAME_TBL(CD_ID, EFFT_VRSN_SEQ_ID, LANG_CS, VAL) SELECT x'B85A9DECE13B8F4493466A08253F9DEA', VRSN_SEQ_ID, 'en', 'DeliveryInstallationArea' FROM CD_VRSN_TBL WHERE CD_ID = x'B85A9DECE13B8F4493466A08253F9DEA' AND OBSLT_UTC IS NULL;
INSERT INTO CD_TBL VALUES(x'ED6EFB784965224FAB3EF3696DA050BC');
INSERT INTO CD_VRSN_TBL (CD_ID, STS_CD_ID, CRT_PROV_ID, MNEMONIC, CLS_ID) VALUES (x'ED6EFB784965224FAB3EF3696DA050BC', x'BD4C06C806FA3045B4301A52F1530C27', x'76A0DCFA90366E4AAF9EF1CD68E8C7E8', 'DeliveryInstallationQualifier', x'39346B0DBEC98044AF39EEB457C052D0');
INSERT INTO REF_TERM_TBL(REF_TERM_ID, CS_ID, MNEMONIC, CRT_PROV_ID)  VALUES(x'EB1D6E3ED9408549AF579FEF0CEA3681', x'3DD2DA2024F5934ABD49780AB3D6FD6E', 'DINSTQ', x'76A0DCFA90366E4AAF9EF1CD68E8C7E8');
INSERT INTO CD_REF_TERM_ASSOC_TBL(REF_TERM_ID, CD_ID, EFFT_VRSN_SEQ_ID, REL_TYP_ID) SELECT x'EB1D6E3ED9408549AF579FEF0CEA3681', x'ED6EFB784965224FAB3EF3696DA050BC', VRSN_SEQ_ID, x'C2AF4D2C6A56AE419EBC3097D7D22F4A' FROM CD_VRSN_TBL WHERE CD_ID = x'ED6EFB784965224FAB3EF3696DA050BC' AND OBSLT_UTC IS NULL;
INSERT INTO REF_TERM_NAME_TBL(REF_TERM_ID, LANG_CS, TERM_NAME, CRT_PROV_ID) VALUES(x'EB1D6E3ED9408549AF579FEF0CEA3681', 'en', 'DeliveryInstallationQualifier', x'76A0DCFA90366E4AAF9EF1CD68E8C7E8');
INSERT INTO CD_NAME_TBL(CD_ID, EFFT_VRSN_SEQ_ID, LANG_CS, VAL) SELECT x'ED6EFB784965224FAB3EF3696DA050BC', VRSN_SEQ_ID, 'en', 'DeliveryInstallationQualifier' FROM CD_VRSN_TBL WHERE CD_ID = x'ED6EFB784965224FAB3EF3696DA050BC' AND OBSLT_UTC IS NULL;
INSERT INTO CD_TBL VALUES(x'368660120D91AC4BB8497F999DE20332');
INSERT INTO CD_VRSN_TBL (CD_ID, STS_CD_ID, CRT_PROV_ID, MNEMONIC, CLS_ID) VALUES (x'368660120D91AC4BB8497F999DE20332', x'BD4C06C806FA3045B4301A52F1530C27', x'76A0DCFA90366E4AAF9EF1CD68E8C7E8', 'DeliveryMode', x'39346B0DBEC98044AF39EEB457C052D0');
INSERT INTO REF_TERM_TBL(REF_TERM_ID, CS_ID, MNEMONIC, CRT_PROV_ID)  VALUES(x'659884E7C3740A45A5A7BA58B91613B1', x'3DD2DA2024F5934ABD49780AB3D6FD6E', 'DMOD', x'76A0DCFA90366E4AAF9EF1CD68E8C7E8');
INSERT INTO CD_REF_TERM_ASSOC_TBL(REF_TERM_ID, CD_ID, EFFT_VRSN_SEQ_ID, REL_TYP_ID) SELECT x'659884E7C3740A45A5A7BA58B91613B1', x'368660120D91AC4BB8497F999DE20332', VRSN_SEQ_ID, x'C2AF4D2C6A56AE419EBC3097D7D22F4A' FROM CD_VRSN_TBL WHERE CD_ID = x'368660120D91AC4BB8497F999DE20332' AND OBSLT_UTC IS NULL;
INSERT INTO REF_TERM_NAME_TBL(REF_TERM_ID, LANG_CS, TERM_NAME, CRT_PROV_ID) VALUES(x'659884E7C3740A45A5A7BA58B91613B1', 'en', 'DeliveryMode', x'76A0DCFA90366E4AAF9EF1CD68E8C7E8');
INSERT INTO CD_NAME_TBL(CD_ID, EFFT_VRSN_SEQ_ID, LANG_CS, VAL) SELECT x'368660120D91AC4BB8497F999DE20332', VRSN_SEQ_ID, 'en', 'DeliveryMode' FROM CD_VRSN_TBL WHERE CD_ID = x'368660120D91AC4BB8497F999DE20332' AND OBSLT_UTC IS NULL;
INSERT INTO CD_TBL VALUES(x'2760BD08EB47DE43845459B7A5D00A3E');
INSERT INTO CD_VRSN_TBL (CD_ID, STS_CD_ID, CRT_PROV_ID, MNEMONIC, CLS_ID) VALUES (x'2760BD08EB47DE43845459B7A5D00A3E', x'BD4C06C806FA3045B4301A52F1530C27', x'76A0DCFA90366E4AAF9EF1CD68E8C7E8', 'DeliveryModeIdentifier', x'39346B0DBEC98044AF39EEB457C052D0');
INSERT INTO REF_TERM_TBL(REF_TERM_ID, CS_ID, MNEMONIC, CRT_PROV_ID)  VALUES(x'EF7085EE3EE9B84E823153697828BA45', x'3DD2DA2024F5934ABD49780AB3D6FD6E', 'DMODID', x'76A0DCFA90366E4AAF9EF1CD68E8C7E8');
INSERT INTO CD_REF_TERM_ASSOC_TBL(REF_TERM_ID, CD_ID, EFFT_VRSN_SEQ_ID, REL_TYP_ID) SELECT x'EF7085EE3EE9B84E823153697828BA45', x'2760BD08EB47DE43845459B7A5D00A3E', VRSN_SEQ_ID, x'C2AF4D2C6A56AE419EBC3097D7D22F4A' FROM CD_VRSN_TBL WHERE CD_ID = x'2760BD08EB47DE43845459B7A5D00A3E' AND OBSLT_UTC IS NULL;
INSERT INTO REF_TERM_NAME_TBL(REF_TERM_ID, LANG_CS, TERM_NAME, CRT_PROV_ID) VALUES(x'EF7085EE3EE9B84E823153697828BA45', 'en', 'DeliveryModeIdentifier', x'76A0DCFA90366E4AAF9EF1CD68E8C7E8');
INSERT INTO CD_NAME_TBL(CD_ID, EFFT_VRSN_SEQ_ID, LANG_CS, VAL) SELECT x'2760BD08EB47DE43845459B7A5D00A3E', VRSN_SEQ_ID, 'en', 'DeliveryModeIdentifier' FROM CD_VRSN_TBL WHERE CD_ID = x'2760BD08EB47DE43845459B7A5D00A3E' AND OBSLT_UTC IS NULL;
INSERT INTO CD_TBL VALUES(x'A8CF9DF618DF3B409217C59680BAD99E');
INSERT INTO CD_VRSN_TBL (CD_ID, STS_CD_ID, CRT_PROV_ID, MNEMONIC, CLS_ID) VALUES (x'A8CF9DF618DF3B409217C59680BAD99E', x'BD4C06C806FA3045B4301A52F1530C27', x'76A0DCFA90366E4AAF9EF1CD68E8C7E8', 'StreetAddressLine', x'39346B0DBEC98044AF39EEB457C052D0');
INSERT INTO REF_TERM_TBL(REF_TERM_ID, CS_ID, MNEMONIC, CRT_PROV_ID)  VALUES(x'94107BF4ABB4334FA22E9C6C10784A09', x'3DD2DA2024F5934ABD49780AB3D6FD6E', 'SAL', x'76A0DCFA90366E4AAF9EF1CD68E8C7E8');
INSERT INTO CD_REF_TERM_ASSOC_TBL(REF_TERM_ID, CD_ID, EFFT_VRSN_SEQ_ID, REL_TYP_ID) SELECT x'94107BF4ABB4334FA22E9C6C10784A09', x'A8CF9DF618DF3B409217C59680BAD99E', VRSN_SEQ_ID, x'C2AF4D2C6A56AE419EBC3097D7D22F4A' FROM CD_VRSN_TBL WHERE CD_ID = x'A8CF9DF618DF3B409217C59680BAD99E' AND OBSLT_UTC IS NULL;
INSERT INTO REF_TERM_NAME_TBL(REF_TERM_ID, LANG_CS, TERM_NAME, CRT_PROV_ID) VALUES(x'94107BF4ABB4334FA22E9C6C10784A09', 'en', 'StreetAddressLine', x'76A0DCFA90366E4AAF9EF1CD68E8C7E8');
INSERT INTO CD_NAME_TBL(CD_ID, EFFT_VRSN_SEQ_ID, LANG_CS, VAL) SELECT x'A8CF9DF618DF3B409217C59680BAD99E', VRSN_SEQ_ID, 'en', 'StreetAddressLine' FROM CD_VRSN_TBL WHERE CD_ID = x'A8CF9DF618DF3B409217C59680BAD99E' AND OBSLT_UTC IS NULL;
INSERT INTO CD_TBL VALUES(x'996EC8F3FC8A47499DD886412A34B1C7');
INSERT INTO CD_VRSN_TBL (CD_ID, STS_CD_ID, CRT_PROV_ID, MNEMONIC, CLS_ID) VALUES (x'996EC8F3FC8A47499DD886412A34B1C7', x'BD4C06C806FA3045B4301A52F1530C27', x'76A0DCFA90366E4AAF9EF1CD68E8C7E8', 'BuildingNumber', x'39346B0DBEC98044AF39EEB457C052D0');
INSERT INTO REF_TERM_TBL(REF_TERM_ID, CS_ID, MNEMONIC, CRT_PROV_ID)  VALUES(x'71AEB79D70C55A46A3CA418B2A12CCF0', x'3DD2DA2024F5934ABD49780AB3D6FD6E', 'BNR', x'76A0DCFA90366E4AAF9EF1CD68E8C7E8');
INSERT INTO CD_REF_TERM_ASSOC_TBL(REF_TERM_ID, CD_ID, EFFT_VRSN_SEQ_ID, REL_TYP_ID) SELECT x'71AEB79D70C55A46A3CA418B2A12CCF0', x'996EC8F3FC8A47499DD886412A34B1C7', VRSN_SEQ_ID, x'C2AF4D2C6A56AE419EBC3097D7D22F4A' FROM CD_VRSN_TBL WHERE CD_ID = x'996EC8F3FC8A47499DD886412A34B1C7' AND OBSLT_UTC IS NULL;
INSERT INTO REF_TERM_NAME_TBL(REF_TERM_ID, LANG_CS, TERM_NAME, CRT_PROV_ID) VALUES(x'71AEB79D70C55A46A3CA418B2A12CCF0', 'en', 'BuildingNumber', x'76A0DCFA90366E4AAF9EF1CD68E8C7E8');
INSERT INTO CD_NAME_TBL(CD_ID, EFFT_VRSN_SEQ_ID, LANG_CS, VAL) SELECT x'996EC8F3FC8A47499DD886412A34B1C7', VRSN_SEQ_ID, 'en', 'BuildingNumber' FROM CD_VRSN_TBL WHERE CD_ID = x'996EC8F3FC8A47499DD886412A34B1C7' AND OBSLT_UTC IS NULL;
INSERT INTO CD_TBL VALUES(x'D6B45832DCE4E6439F29FD8423A2AE12');
INSERT INTO CD_VRSN_TBL (CD_ID, STS_CD_ID, CRT_PROV_ID, MNEMONIC, CLS_ID) VALUES (x'D6B45832DCE4E6439F29FD8423A2AE12', x'BD4C06C806FA3045B4301A52F1530C27', x'76A0DCFA90366E4AAF9EF1CD68E8C7E8', 'BuildingNumberNumeric', x'39346B0DBEC98044AF39EEB457C052D0');
INSERT INTO REF_TERM_TBL(REF_TERM_ID, CS_ID, MNEMONIC, CRT_PROV_ID)  VALUES(x'3126E996A99DCB459C9DD515A2ED6D7A', x'3DD2DA2024F5934ABD49780AB3D6FD6E', 'BNN', x'76A0DCFA90366E4AAF9EF1CD68E8C7E8');
INSERT INTO CD_REF_TERM_ASSOC_TBL(REF_TERM_ID, CD_ID, EFFT_VRSN_SEQ_ID, REL_TYP_ID) SELECT x'3126E996A99DCB459C9DD515A2ED6D7A', x'D6B45832DCE4E6439F29FD8423A2AE12', VRSN_SEQ_ID, x'C2AF4D2C6A56AE419EBC3097D7D22F4A' FROM CD_VRSN_TBL WHERE CD_ID = x'D6B45832DCE4E6439F29FD8423A2AE12' AND OBSLT_UTC IS NULL;
INSERT INTO REF_TERM_NAME_TBL(REF_TERM_ID, LANG_CS, TERM_NAME, CRT_PROV_ID) VALUES(x'3126E996A99DCB459C9DD515A2ED6D7A', 'en', 'BuildingNumberNumeric', x'76A0DCFA90366E4AAF9EF1CD68E8C7E8');
INSERT INTO CD_NAME_TBL(CD_ID, EFFT_VRSN_SEQ_ID, LANG_CS, VAL) SELECT x'D6B45832DCE4E6439F29FD8423A2AE12', VRSN_SEQ_ID, 'en', 'BuildingNumberNumeric' FROM CD_VRSN_TBL WHERE CD_ID = x'D6B45832DCE4E6439F29FD8423A2AE12' AND OBSLT_UTC IS NULL;
INSERT INTO CD_TBL VALUES(x'5CF0DBB24D58DB468CBF026A6EA30D81');
INSERT INTO CD_VRSN_TBL (CD_ID, STS_CD_ID, CRT_PROV_ID, MNEMONIC, CLS_ID) VALUES (x'5CF0DBB24D58DB468CBF026A6EA30D81', x'BD4C06C806FA3045B4301A52F1530C27', x'76A0DCFA90366E4AAF9EF1CD68E8C7E8', 'BuildingNumberSuffix', x'39346B0DBEC98044AF39EEB457C052D0');
INSERT INTO REF_TERM_TBL(REF_TERM_ID, CS_ID, MNEMONIC, CRT_PROV_ID)  VALUES(x'A5C24B36EAEFA642AE7975BDEBD10776', x'3DD2DA2024F5934ABD49780AB3D6FD6E', 'BNS', x'76A0DCFA90366E4AAF9EF1CD68E8C7E8');
INSERT INTO CD_REF_TERM_ASSOC_TBL(REF_TERM_ID, CD_ID, EFFT_VRSN_SEQ_ID, REL_TYP_ID) SELECT x'A5C24B36EAEFA642AE7975BDEBD10776', x'5CF0DBB24D58DB468CBF026A6EA30D81', VRSN_SEQ_ID, x'C2AF4D2C6A56AE419EBC3097D7D22F4A' FROM CD_VRSN_TBL WHERE CD_ID = x'5CF0DBB24D58DB468CBF026A6EA30D81' AND OBSLT_UTC IS NULL;
INSERT INTO REF_TERM_NAME_TBL(REF_TERM_ID, LANG_CS, TERM_NAME, CRT_PROV_ID) VALUES(x'A5C24B36EAEFA642AE7975BDEBD10776', 'en', 'BuildingNumberSuffix', x'76A0DCFA90366E4AAF9EF1CD68E8C7E8');
INSERT INTO CD_NAME_TBL(CD_ID, EFFT_VRSN_SEQ_ID, LANG_CS, VAL) SELECT x'5CF0DBB24D58DB468CBF026A6EA30D81', VRSN_SEQ_ID, 'en', 'BuildingNumberSuffix' FROM CD_VRSN_TBL WHERE CD_ID = x'5CF0DBB24D58DB468CBF026A6EA30D81' AND OBSLT_UTC IS NULL;
INSERT INTO CD_TBL VALUES(x'71D63204C3AB4942872CAFD5274C2298');
INSERT INTO CD_VRSN_TBL (CD_ID, STS_CD_ID, CRT_PROV_ID, MNEMONIC, CLS_ID) VALUES (x'71D63204C3AB4942872CAFD5274C2298', x'BD4C06C806FA3045B4301A52F1530C27', x'76A0DCFA90366E4AAF9EF1CD68E8C7E8', 'StreetName', x'39346B0DBEC98044AF39EEB457C052D0');
INSERT INTO REF_TERM_TBL(REF_TERM_ID, CS_ID, MNEMONIC, CRT_PROV_ID)  VALUES(x'DCD13F772CF551438F45EF4C449C889F', x'3DD2DA2024F5934ABD49780AB3D6FD6E', 'STR', x'76A0DCFA90366E4AAF9EF1CD68E8C7E8');
INSERT INTO CD_REF_TERM_ASSOC_TBL(REF_TERM_ID, CD_ID, EFFT_VRSN_SEQ_ID, REL_TYP_ID) SELECT x'DCD13F772CF551438F45EF4C449C889F', x'71D63204C3AB4942872CAFD5274C2298', VRSN_SEQ_ID, x'C2AF4D2C6A56AE419EBC3097D7D22F4A' FROM CD_VRSN_TBL WHERE CD_ID = x'71D63204C3AB4942872CAFD5274C2298' AND OBSLT_UTC IS NULL;
INSERT INTO REF_TERM_NAME_TBL(REF_TERM_ID, LANG_CS, TERM_NAME, CRT_PROV_ID) VALUES(x'DCD13F772CF551438F45EF4C449C889F', 'en', 'StreetName', x'76A0DCFA90366E4AAF9EF1CD68E8C7E8');
INSERT INTO CD_NAME_TBL(CD_ID, EFFT_VRSN_SEQ_ID, LANG_CS, VAL) SELECT x'71D63204C3AB4942872CAFD5274C2298', VRSN_SEQ_ID, 'en', 'StreetName' FROM CD_VRSN_TBL WHERE CD_ID = x'71D63204C3AB4942872CAFD5274C2298' AND OBSLT_UTC IS NULL;
INSERT INTO CD_TBL VALUES(x'C8DBC737C64A4A46AF65D65FCBA60238');
INSERT INTO CD_VRSN_TBL (CD_ID, STS_CD_ID, CRT_PROV_ID, MNEMONIC, CLS_ID) VALUES (x'C8DBC737C64A4A46AF65D65FCBA60238', x'BD4C06C806FA3045B4301A52F1530C27', x'76A0DCFA90366E4AAF9EF1CD68E8C7E8', 'StreetNameBase', x'39346B0DBEC98044AF39EEB457C052D0');
INSERT INTO REF_TERM_TBL(REF_TERM_ID, CS_ID, MNEMONIC, CRT_PROV_ID)  VALUES(x'89CB91553B5E694EB0B33C38F8E68CCD', x'3DD2DA2024F5934ABD49780AB3D6FD6E', 'STB', x'76A0DCFA90366E4AAF9EF1CD68E8C7E8');
INSERT INTO CD_REF_TERM_ASSOC_TBL(REF_TERM_ID, CD_ID, EFFT_VRSN_SEQ_ID, REL_TYP_ID) SELECT x'89CB91553B5E694EB0B33C38F8E68CCD', x'C8DBC737C64A4A46AF65D65FCBA60238', VRSN_SEQ_ID, x'C2AF4D2C6A56AE419EBC3097D7D22F4A' FROM CD_VRSN_TBL WHERE CD_ID = x'C8DBC737C64A4A46AF65D65FCBA60238' AND OBSLT_UTC IS NULL;
INSERT INTO REF_TERM_NAME_TBL(REF_TERM_ID, LANG_CS, TERM_NAME, CRT_PROV_ID) VALUES(x'89CB91553B5E694EB0B33C38F8E68CCD', 'en', 'StreetNameBase', x'76A0DCFA90366E4AAF9EF1CD68E8C7E8');
INSERT INTO CD_NAME_TBL(CD_ID, EFFT_VRSN_SEQ_ID, LANG_CS, VAL) SELECT x'C8DBC737C64A4A46AF65D65FCBA60238', VRSN_SEQ_ID, 'en', 'StreetNameBase' FROM CD_VRSN_TBL WHERE CD_ID = x'C8DBC737C64A4A46AF65D65FCBA60238' AND OBSLT_UTC IS NULL;
INSERT INTO CD_TBL VALUES(x'F65319126504DE418F7AB0E08204C771');
INSERT INTO CD_VRSN_TBL (CD_ID, STS_CD_ID, CRT_PROV_ID, MNEMONIC, CLS_ID) VALUES (x'F65319126504DE418F7AB0E08204C771', x'BD4C06C806FA3045B4301A52F1530C27', x'76A0DCFA90366E4AAF9EF1CD68E8C7E8', 'StreetType', x'39346B0DBEC98044AF39EEB457C052D0');
INSERT INTO REF_TERM_TBL(REF_TERM_ID, CS_ID, MNEMONIC, CRT_PROV_ID)  VALUES(x'59A8B21D945A1643A55BA335E4D19A3C', x'3DD2DA2024F5934ABD49780AB3D6FD6E', 'STTYP', x'76A0DCFA90366E4AAF9EF1CD68E8C7E8');
INSERT INTO CD_REF_TERM_ASSOC_TBL(REF_TERM_ID, CD_ID, EFFT_VRSN_SEQ_ID, REL_TYP_ID) SELECT x'59A8B21D945A1643A55BA335E4D19A3C', x'F65319126504DE418F7AB0E08204C771', VRSN_SEQ_ID, x'C2AF4D2C6A56AE419EBC3097D7D22F4A' FROM CD_VRSN_TBL WHERE CD_ID = x'F65319126504DE418F7AB0E08204C771' AND OBSLT_UTC IS NULL;
INSERT INTO REF_TERM_NAME_TBL(REF_TERM_ID, LANG_CS, TERM_NAME, CRT_PROV_ID) VALUES(x'59A8B21D945A1643A55BA335E4D19A3C', 'en', 'StreetType', x'76A0DCFA90366E4AAF9EF1CD68E8C7E8');
INSERT INTO CD_NAME_TBL(CD_ID, EFFT_VRSN_SEQ_ID, LANG_CS, VAL) SELECT x'F65319126504DE418F7AB0E08204C771', VRSN_SEQ_ID, 'en', 'StreetType' FROM CD_VRSN_TBL WHERE CD_ID = x'F65319126504DE418F7AB0E08204C771' AND OBSLT_UTC IS NULL;
INSERT INTO CD_TBL VALUES(x'1687671F8FAB56489F76D82FE3165C22');
INSERT INTO CD_VRSN_TBL (CD_ID, STS_CD_ID, CRT_PROV_ID, MNEMONIC, CLS_ID) VALUES (x'1687671F8FAB56489F76D82FE3165C22', x'BD4C06C806FA3045B4301A52F1530C27', x'76A0DCFA90366E4AAF9EF1CD68E8C7E8', 'Direction', x'39346B0DBEC98044AF39EEB457C052D0');
INSERT INTO REF_TERM_TBL(REF_TERM_ID, CS_ID, MNEMONIC, CRT_PROV_ID)  VALUES(x'C95FC07500BEDF46A02F89603ABE1291', x'3DD2DA2024F5934ABD49780AB3D6FD6E', 'DIR', x'76A0DCFA90366E4AAF9EF1CD68E8C7E8');
INSERT INTO CD_REF_TERM_ASSOC_TBL(REF_TERM_ID, CD_ID, EFFT_VRSN_SEQ_ID, REL_TYP_ID) SELECT x'C95FC07500BEDF46A02F89603ABE1291', x'1687671F8FAB56489F76D82FE3165C22', VRSN_SEQ_ID, x'C2AF4D2C6A56AE419EBC3097D7D22F4A' FROM CD_VRSN_TBL WHERE CD_ID = x'1687671F8FAB56489F76D82FE3165C22' AND OBSLT_UTC IS NULL;
INSERT INTO REF_TERM_NAME_TBL(REF_TERM_ID, LANG_CS, TERM_NAME, CRT_PROV_ID) VALUES(x'C95FC07500BEDF46A02F89603ABE1291', 'en', 'Direction', x'76A0DCFA90366E4AAF9EF1CD68E8C7E8');
INSERT INTO CD_NAME_TBL(CD_ID, EFFT_VRSN_SEQ_ID, LANG_CS, VAL) SELECT x'1687671F8FAB56489F76D82FE3165C22', VRSN_SEQ_ID, 'en', 'Direction' FROM CD_VRSN_TBL WHERE CD_ID = x'1687671F8FAB56489F76D82FE3165C22' AND OBSLT_UTC IS NULL;
INSERT INTO CD_TBL VALUES(x'9EA8898CC508744387F9ADB3C9261DF6');
INSERT INTO CD_VRSN_TBL (CD_ID, STS_CD_ID, CRT_PROV_ID, MNEMONIC, CLS_ID) VALUES (x'9EA8898CC508744387F9ADB3C9261DF6', x'BD4C06C806FA3045B4301A52F1530C27', x'76A0DCFA90366E4AAF9EF1CD68E8C7E8', 'CareOf', x'39346B0DBEC98044AF39EEB457C052D0');
INSERT INTO REF_TERM_TBL(REF_TERM_ID, CS_ID, MNEMONIC, CRT_PROV_ID)  VALUES(x'45B3BB9C407F6441B8F6732C8DA78685', x'3DD2DA2024F5934ABD49780AB3D6FD6E', 'CAR', x'76A0DCFA90366E4AAF9EF1CD68E8C7E8');
INSERT INTO CD_REF_TERM_ASSOC_TBL(REF_TERM_ID, CD_ID, EFFT_VRSN_SEQ_ID, REL_TYP_ID) SELECT x'45B3BB9C407F6441B8F6732C8DA78685', x'9EA8898CC508744387F9ADB3C9261DF6', VRSN_SEQ_ID, x'C2AF4D2C6A56AE419EBC3097D7D22F4A' FROM CD_VRSN_TBL WHERE CD_ID = x'9EA8898CC508744387F9ADB3C9261DF6' AND OBSLT_UTC IS NULL;
INSERT INTO REF_TERM_NAME_TBL(REF_TERM_ID, LANG_CS, TERM_NAME, CRT_PROV_ID) VALUES(x'45B3BB9C407F6441B8F6732C8DA78685', 'en', 'CareOf', x'76A0DCFA90366E4AAF9EF1CD68E8C7E8');
INSERT INTO CD_NAME_TBL(CD_ID, EFFT_VRSN_SEQ_ID, LANG_CS, VAL) SELECT x'9EA8898CC508744387F9ADB3C9261DF6', VRSN_SEQ_ID, 'en', 'CareOf' FROM CD_VRSN_TBL WHERE CD_ID = x'9EA8898CC508744387F9ADB3C9261DF6' AND OBSLT_UTC IS NULL;
INSERT INTO CD_TBL VALUES(x'7C343A4BFA286045A1A93795C9DB3D3B');
INSERT INTO CD_VRSN_TBL (CD_ID, STS_CD_ID, CRT_PROV_ID, MNEMONIC, CLS_ID) VALUES (x'7C343A4BFA286045A1A93795C9DB3D3B', x'BD4C06C806FA3045B4301A52F1530C27', x'76A0DCFA90366E4AAF9EF1CD68E8C7E8', 'CensusTract', x'39346B0DBEC98044AF39EEB457C052D0');
INSERT INTO REF_TERM_TBL(REF_TERM_ID, CS_ID, MNEMONIC, CRT_PROV_ID)  VALUES(x'F5FB7109B724404DB6485D84AA841417', x'3DD2DA2024F5934ABD49780AB3D6FD6E', 'CEN', x'76A0DCFA90366E4AAF9EF1CD68E8C7E8');
INSERT INTO CD_REF_TERM_ASSOC_TBL(REF_TERM_ID, CD_ID, EFFT_VRSN_SEQ_ID, REL_TYP_ID) SELECT x'F5FB7109B724404DB6485D84AA841417', x'7C343A4BFA286045A1A93795C9DB3D3B', VRSN_SEQ_ID, x'C2AF4D2C6A56AE419EBC3097D7D22F4A' FROM CD_VRSN_TBL WHERE CD_ID = x'7C343A4BFA286045A1A93795C9DB3D3B' AND OBSLT_UTC IS NULL;
INSERT INTO REF_TERM_NAME_TBL(REF_TERM_ID, LANG_CS, TERM_NAME, CRT_PROV_ID) VALUES(x'F5FB7109B724404DB6485D84AA841417', 'en', 'CensusTract', x'76A0DCFA90366E4AAF9EF1CD68E8C7E8');
INSERT INTO CD_NAME_TBL(CD_ID, EFFT_VRSN_SEQ_ID, LANG_CS, VAL) SELECT x'7C343A4BFA286045A1A93795C9DB3D3B', VRSN_SEQ_ID, 'en', 'CensusTract' FROM CD_VRSN_TBL WHERE CD_ID = x'7C343A4BFA286045A1A93795C9DB3D3B' AND OBSLT_UTC IS NULL;
INSERT INTO REF_TERM_TBL(REF_TERM_ID, CS_ID, MNEMONIC, CRT_PROV_ID)  VALUES(x'6E0EBD3A470ADC4C9BE4227E72E2E9C6', x'3DD2DA2024F5934ABD49780AB3D6FD6E', 'CNT', x'76A0DCFA90366E4AAF9EF1CD68E8C7E8');
INSERT INTO CD_REF_TERM_ASSOC_TBL(REF_TERM_ID, CD_ID, EFFT_VRSN_SEQ_ID, REL_TYP_ID) SELECT x'6E0EBD3A470ADC4C9BE4227E72E2E9C6', x'B3FFB248DB07BA47AD73FC8FB8502471', VRSN_SEQ_ID, x'C2AF4D2C6A56AE419EBC3097D7D22F4A' FROM CD_VRSN_TBL WHERE CD_ID = x'B3FFB248DB07BA47AD73FC8FB8502471' AND OBSLT_UTC IS NULL;
INSERT INTO REF_TERM_NAME_TBL(REF_TERM_ID, LANG_CS, TERM_NAME, CRT_PROV_ID) VALUES(x'6E0EBD3A470ADC4C9BE4227E72E2E9C6', 'en', 'Country', x'76A0DCFA90366E4AAF9EF1CD68E8C7E8');
INSERT INTO CD_TBL VALUES(x'569D48D9ACDD9645B5C68F41D73D8DC5');
INSERT INTO CD_VRSN_TBL (CD_ID, STS_CD_ID, CRT_PROV_ID, MNEMONIC, CLS_ID) VALUES (x'569D48D9ACDD9645B5C68F41D73D8DC5', x'BD4C06C806FA3045B4301A52F1530C27', x'76A0DCFA90366E4AAF9EF1CD68E8C7E8', 'County', x'39346B0DBEC98044AF39EEB457C052D0');
INSERT INTO REF_TERM_TBL(REF_TERM_ID, CS_ID, MNEMONIC, CRT_PROV_ID)  VALUES(x'0EB470BC6D04C640B4A9F54E1549ACF8', x'3DD2DA2024F5934ABD49780AB3D6FD6E', 'CPA', x'76A0DCFA90366E4AAF9EF1CD68E8C7E8');
INSERT INTO CD_REF_TERM_ASSOC_TBL(REF_TERM_ID, CD_ID, EFFT_VRSN_SEQ_ID, REL_TYP_ID) SELECT x'0EB470BC6D04C640B4A9F54E1549ACF8', x'569D48D9ACDD9645B5C68F41D73D8DC5', VRSN_SEQ_ID, x'C2AF4D2C6A56AE419EBC3097D7D22F4A' FROM CD_VRSN_TBL WHERE CD_ID = x'569D48D9ACDD9645B5C68F41D73D8DC5' AND OBSLT_UTC IS NULL;
INSERT INTO REF_TERM_NAME_TBL(REF_TERM_ID, LANG_CS, TERM_NAME, CRT_PROV_ID) VALUES(x'0EB470BC6D04C640B4A9F54E1549ACF8', 'en', 'County', x'76A0DCFA90366E4AAF9EF1CD68E8C7E8');
INSERT INTO CD_NAME_TBL(CD_ID, EFFT_VRSN_SEQ_ID, LANG_CS, VAL) SELECT x'569D48D9ACDD9645B5C68F41D73D8DC5', VRSN_SEQ_ID, 'en', 'County' FROM CD_VRSN_TBL WHERE CD_ID = x'569D48D9ACDD9645B5C68F41D73D8DC5' AND OBSLT_UTC IS NULL;
INSERT INTO CD_TBL VALUES(x'6154B8058B578849BCA6E3E94BE9DB76');
INSERT INTO CD_VRSN_TBL (CD_ID, STS_CD_ID, CRT_PROV_ID, MNEMONIC, CLS_ID) VALUES (x'6154B8058B578849BCA6E3E94BE9DB76', x'BD4C06C806FA3045B4301A52F1530C27', x'76A0DCFA90366E4AAF9EF1CD68E8C7E8', 'City', x'39346B0DBEC98044AF39EEB457C052D0');
INSERT INTO REF_TERM_TBL(REF_TERM_ID, CS_ID, MNEMONIC, CRT_PROV_ID)  VALUES(x'34B6E4F2DEBDAB4CAA430A88BC14B8F0', x'3DD2DA2024F5934ABD49780AB3D6FD6E', 'CTY', x'76A0DCFA90366E4AAF9EF1CD68E8C7E8');
INSERT INTO CD_REF_TERM_ASSOC_TBL(REF_TERM_ID, CD_ID, EFFT_VRSN_SEQ_ID, REL_TYP_ID) SELECT x'34B6E4F2DEBDAB4CAA430A88BC14B8F0', x'6154B8058B578849BCA6E3E94BE9DB76', VRSN_SEQ_ID, x'C2AF4D2C6A56AE419EBC3097D7D22F4A' FROM CD_VRSN_TBL WHERE CD_ID = x'6154B8058B578849BCA6E3E94BE9DB76' AND OBSLT_UTC IS NULL;
INSERT INTO REF_TERM_NAME_TBL(REF_TERM_ID, LANG_CS, TERM_NAME, CRT_PROV_ID) VALUES(x'34B6E4F2DEBDAB4CAA430A88BC14B8F0', 'en', 'City', x'76A0DCFA90366E4AAF9EF1CD68E8C7E8');
INSERT INTO CD_NAME_TBL(CD_ID, EFFT_VRSN_SEQ_ID, LANG_CS, VAL) SELECT x'6154B8058B578849BCA6E3E94BE9DB76', VRSN_SEQ_ID, 'en', 'City' FROM CD_VRSN_TBL WHERE CD_ID = x'6154B8058B578849BCA6E3E94BE9DB76' AND OBSLT_UTC IS NULL;
INSERT INTO REF_TERM_TBL(REF_TERM_ID, CS_ID, MNEMONIC, CRT_PROV_ID)  VALUES(x'87C89C67AB86C84AA7EAA870BF62A709', x'3DD2DA2024F5934ABD49780AB3D6FD6E', 'DEL', x'76A0DCFA90366E4AAF9EF1CD68E8C7E8');
INSERT INTO CD_REF_TERM_ASSOC_TBL(REF_TERM_ID, CD_ID, EFFT_VRSN_SEQ_ID, REL_TYP_ID) SELECT x'87C89C67AB86C84AA7EAA870BF62A709', x'19956B4C93A4A94480E632D85109B04B', VRSN_SEQ_ID, x'C2AF4D2C6A56AE419EBC3097D7D22F4A' FROM CD_VRSN_TBL WHERE CD_ID = x'19956B4C93A4A94480E632D85109B04B' AND OBSLT_UTC IS NULL;
INSERT INTO REF_TERM_NAME_TBL(REF_TERM_ID, LANG_CS, TERM_NAME, CRT_PROV_ID) VALUES(x'87C89C67AB86C84AA7EAA870BF62A709', 'en', 'Delimiter', x'76A0DCFA90366E4AAF9EF1CD68E8C7E8');
INSERT INTO CD_TBL VALUES(x'16F247201EF4FB4CA02405D4D3DE52F5');
INSERT INTO CD_VRSN_TBL (CD_ID, STS_CD_ID, CRT_PROV_ID, MNEMONIC, CLS_ID) VALUES (x'16F247201EF4FB4CA02405D4D3DE52F5', x'BD4C06C806FA3045B4301A52F1530C27', x'76A0DCFA90366E4AAF9EF1CD68E8C7E8', 'PostBox', x'39346B0DBEC98044AF39EEB457C052D0');
INSERT INTO REF_TERM_TBL(REF_TERM_ID, CS_ID, MNEMONIC, CRT_PROV_ID)  VALUES(x'D8ED093CC19AC5419B395DD5C4EEE88E', x'3DD2DA2024F5934ABD49780AB3D6FD6E', 'POB', x'76A0DCFA90366E4AAF9EF1CD68E8C7E8');
INSERT INTO CD_REF_TERM_ASSOC_TBL(REF_TERM_ID, CD_ID, EFFT_VRSN_SEQ_ID, REL_TYP_ID) SELECT x'D8ED093CC19AC5419B395DD5C4EEE88E', x'16F247201EF4FB4CA02405D4D3DE52F5', VRSN_SEQ_ID, x'C2AF4D2C6A56AE419EBC3097D7D22F4A' FROM CD_VRSN_TBL WHERE CD_ID = x'16F247201EF4FB4CA02405D4D3DE52F5' AND OBSLT_UTC IS NULL;
INSERT INTO REF_TERM_NAME_TBL(REF_TERM_ID, LANG_CS, TERM_NAME, CRT_PROV_ID) VALUES(x'D8ED093CC19AC5419B395DD5C4EEE88E', 'en', 'PostBox', x'76A0DCFA90366E4AAF9EF1CD68E8C7E8');
INSERT INTO CD_NAME_TBL(CD_ID, EFFT_VRSN_SEQ_ID, LANG_CS, VAL) SELECT x'16F247201EF4FB4CA02405D4D3DE52F5', VRSN_SEQ_ID, 'en', 'PostBox' FROM CD_VRSN_TBL WHERE CD_ID = x'16F247201EF4FB4CA02405D4D3DE52F5' AND OBSLT_UTC IS NULL;
INSERT INTO CD_TBL VALUES(x'F2E0AFAC09E2BB4386333665FD7C90BA');
INSERT INTO CD_VRSN_TBL (CD_ID, STS_CD_ID, CRT_PROV_ID, MNEMONIC, CLS_ID) VALUES (x'F2E0AFAC09E2BB4386333665FD7C90BA', x'BD4C06C806FA3045B4301A52F1530C27', x'76A0DCFA90366E4AAF9EF1CD68E8C7E8', 'Precinct', x'39346B0DBEC98044AF39EEB457C052D0');
INSERT INTO REF_TERM_TBL(REF_TERM_ID, CS_ID, MNEMONIC, CRT_PROV_ID)  VALUES(x'60DBDFC046861D4CAFC1203C90A704FC', x'3DD2DA2024F5934ABD49780AB3D6FD6E', 'PRE', x'76A0DCFA90366E4AAF9EF1CD68E8C7E8');
INSERT INTO CD_REF_TERM_ASSOC_TBL(REF_TERM_ID, CD_ID, EFFT_VRSN_SEQ_ID, REL_TYP_ID) SELECT x'60DBDFC046861D4CAFC1203C90A704FC', x'F2E0AFAC09E2BB4386333665FD7C90BA', VRSN_SEQ_ID, x'C2AF4D2C6A56AE419EBC3097D7D22F4A' FROM CD_VRSN_TBL WHERE CD_ID = x'F2E0AFAC09E2BB4386333665FD7C90BA' AND OBSLT_UTC IS NULL;
INSERT INTO REF_TERM_NAME_TBL(REF_TERM_ID, LANG_CS, TERM_NAME, CRT_PROV_ID) VALUES(x'60DBDFC046861D4CAFC1203C90A704FC', 'en', 'Precinct', x'76A0DCFA90366E4AAF9EF1CD68E8C7E8');
INSERT INTO CD_NAME_TBL(CD_ID, EFFT_VRSN_SEQ_ID, LANG_CS, VAL) SELECT x'F2E0AFAC09E2BB4386333665FD7C90BA', VRSN_SEQ_ID, 'en', 'Precinct' FROM CD_VRSN_TBL WHERE CD_ID = x'F2E0AFAC09E2BB4386333665FD7C90BA' AND OBSLT_UTC IS NULL;
INSERT INTO REF_TERM_TBL(REF_TERM_ID, CS_ID, MNEMONIC, CRT_PROV_ID)  VALUES(x'E07F948C9D721B44ADA1F807199F2970', x'3DD2DA2024F5934ABD49780AB3D6FD6E', 'STA', x'76A0DCFA90366E4AAF9EF1CD68E8C7E8');
INSERT INTO CD_REF_TERM_ASSOC_TBL(REF_TERM_ID, CD_ID, EFFT_VRSN_SEQ_ID, REL_TYP_ID) SELECT x'E07F948C9D721B44ADA1F807199F2970', x'B0B0F48CE584224185FE6AFA8240C218', VRSN_SEQ_ID, x'C2AF4D2C6A56AE419EBC3097D7D22F4A' FROM CD_VRSN_TBL WHERE CD_ID = x'B0B0F48CE584224185FE6AFA8240C218' AND OBSLT_UTC IS NULL;
INSERT INTO REF_TERM_NAME_TBL(REF_TERM_ID, LANG_CS, TERM_NAME, CRT_PROV_ID) VALUES(x'E07F948C9D721B44ADA1F807199F2970', 'en', 'State', x'76A0DCFA90366E4AAF9EF1CD68E8C7E8');
INSERT INTO CD_TBL VALUES(x'2271A478BFF90F45A93F90A103C5F1E8');
INSERT INTO CD_VRSN_TBL (CD_ID, STS_CD_ID, CRT_PROV_ID, MNEMONIC, CLS_ID) VALUES (x'2271A478BFF90F45A93F90A103C5F1E8', x'BD4C06C806FA3045B4301A52F1530C27', x'76A0DCFA90366E4AAF9EF1CD68E8C7E8', 'PostalCode', x'39346B0DBEC98044AF39EEB457C052D0');
INSERT INTO REF_TERM_TBL(REF_TERM_ID, CS_ID, MNEMONIC, CRT_PROV_ID)  VALUES(x'5A67815F5C479044B0E920495E55E270', x'3DD2DA2024F5934ABD49780AB3D6FD6E', 'ZIP', x'76A0DCFA90366E4AAF9EF1CD68E8C7E8');
INSERT INTO CD_REF_TERM_ASSOC_TBL(REF_TERM_ID, CD_ID, EFFT_VRSN_SEQ_ID, REL_TYP_ID) SELECT x'5A67815F5C479044B0E920495E55E270', x'2271A478BFF90F45A93F90A103C5F1E8', VRSN_SEQ_ID, x'C2AF4D2C6A56AE419EBC3097D7D22F4A' FROM CD_VRSN_TBL WHERE CD_ID = x'2271A478BFF90F45A93F90A103C5F1E8' AND OBSLT_UTC IS NULL;
INSERT INTO REF_TERM_NAME_TBL(REF_TERM_ID, LANG_CS, TERM_NAME, CRT_PROV_ID) VALUES(x'5A67815F5C479044B0E920495E55E270', 'en', 'PostalCode', x'76A0DCFA90366E4AAF9EF1CD68E8C7E8');
INSERT INTO CD_NAME_TBL(CD_ID, EFFT_VRSN_SEQ_ID, LANG_CS, VAL) SELECT x'2271A478BFF90F45A93F90A103C5F1E8', VRSN_SEQ_ID, 'en', 'PostalCode' FROM CD_VRSN_TBL WHERE CD_ID = x'2271A478BFF90F45A93F90A103C5F1E8' AND OBSLT_UTC IS NULL;

INSERT INTO CD_SET_MEM_ASSOC_TBL(CD_ID, SET_ID) SELECT CD_ID, x'6958CA5C7B8AA34783DB041D5AF5C9DA' from REF_TERM_TBL INNER JOIN CD_SYS_TBL ON (CD_SYS_TBL.CS_ID = REF_TERM_TBL.CS_ID)
	LEFT JOIN CD_REF_TERM_ASSOC_TBL ON (CD_REF_TERM_ASSOC_TBL.REF_TERM_ID = REF_TERM_TBL.REF_TERM_ID)
	WHERE CD_SYS_TBL.DOMAIN = 'AddressPartType';

INSERT INTO CD_SET_MEM_ASSOC_TBL(CD_ID, SET_ID) SELECT CD_ID, x'8042F18D053DA645BFAE15B63DFC3791' from REF_TERM_TBL INNER JOIN CD_SYS_TBL ON (CD_SYS_TBL.CS_ID = REF_TERM_TBL.CS_ID)
	LEFT JOIN CD_REF_TERM_ASSOC_TBL ON (CD_REF_TERM_ASSOC_TBL.REF_TERM_ID = REF_TERM_TBL.REF_TERM_ID)
	WHERE CD_SYS_TBL.DOMAIN = 'EntityNamePartType';

INSERT INTO CD_SET_MEM_ASSOC_TBL(CD_ID, SET_ID) SELECT CD_ID, x'90768AC68DD7FC4A8A361EBDFB86F15F' from REF_TERM_TBL INNER JOIN CD_SYS_TBL ON (CD_SYS_TBL.CS_ID = REF_TERM_TBL.CS_ID)
	LEFT JOIN CD_REF_TERM_ASSOC_TBL ON (CD_REF_TERM_ASSOC_TBL.REF_TERM_ID = REF_TERM_TBL.REF_TERM_ID)
	WHERE CD_SYS_TBL.DOMAIN = 'PostalAddressUse';

INSERT INTO CD_SET_MEM_ASSOC_TBL(CD_ID, SET_ID) SELECT CD_ID, x'8042F18D053DA645BFAE15B63DFC379F' from REF_TERM_TBL INNER JOIN CD_SYS_TBL ON (CD_SYS_TBL.CS_ID = REF_TERM_TBL.CS_ID)
	LEFT JOIN CD_REF_TERM_ASSOC_TBL ON (CD_REF_TERM_ASSOC_TBL.REF_TERM_ID = REF_TERM_TBL.REF_TERM_ID)
	WHERE CD_SYS_TBL.DOMAIN = 'EntityNameUse';


INSERT INTO CD_SYS_TBL (CS_ID, DOMAIN, OID, CRT_PROV_ID, URL)  VALUES (x'C60EB659D0F17F4C8E3BA7B809DC26CF','TelecommunicationAddressUse','2.16.840.1.113883.5.1011',x'76A0DCFA90366E4AAF9EF1CD68E8C7E8','http://santedb.org/conceptset/v3-TelecomAddressUse');

INSERT INTO CD_TBL VALUES(x'177BCD1EFFB5AE4C9C3BC1258132D137');
INSERT INTO CD_VRSN_TBL (CD_ID, STS_CD_ID, CRT_PROV_ID, MNEMONIC, CLS_ID) VALUES (x'177BCD1EFFB5AE4C9C3BC1258132D137', x'BD4C06C806FA3045B4301A52F1530C27', x'76A0DCFA90366E4AAF9EF1CD68E8C7E8', 'AnsweringService', x'39346B0DBEC98044AF39EEB457C052D0');
INSERT INTO REF_TERM_TBL(REF_TERM_ID, CS_ID, MNEMONIC, CRT_PROV_ID)  VALUES(x'1F5517897C13D44C9B70D036F2A44F60', x'C60EB659D0F17F4C8E3BA7B809DC26CF', 'AS', x'76A0DCFA90366E4AAF9EF1CD68E8C7E8');
INSERT INTO CD_REF_TERM_ASSOC_TBL(REF_TERM_ID, CD_ID, EFFT_VRSN_SEQ_ID, REL_TYP_ID) SELECT x'1F5517897C13D44C9B70D036F2A44F60', x'177BCD1EFFB5AE4C9C3BC1258132D137', VRSN_SEQ_ID, x'C2AF4D2C6A56AE419EBC3097D7D22F4A' FROM CD_VRSN_TBL WHERE CD_ID = x'177BCD1EFFB5AE4C9C3BC1258132D137' AND OBSLT_UTC IS NULL;
INSERT INTO REF_TERM_NAME_TBL(REF_TERM_ID, LANG_CS, TERM_NAME, CRT_PROV_ID) VALUES(x'1F5517897C13D44C9B70D036F2A44F60', 'en', 'Answering Service', x'76A0DCFA90366E4AAF9EF1CD68E8C7E8');
INSERT INTO CD_NAME_TBL(CD_ID, EFFT_VRSN_SEQ_ID, LANG_CS, VAL) SELECT CD_ID, VRSN_SEQ_ID, 'en', 'Answering Service' FROM CD_VRSN_TBL WHERE CD_ID = x'177BCD1EFFB5AE4C9C3BC1258132D137' AND OBSLT_UTC IS NULL;

INSERT INTO REF_TERM_TBL(REF_TERM_ID, CS_ID, MNEMONIC, CRT_PROV_ID)  VALUES(x'E3F3C7B5C95EE44AACB1AAC6700FB516', x'C60EB659D0F17F4C8E3BA7B809DC26CF', 'EC', x'76A0DCFA90366E4AAF9EF1CD68E8C7E8');
INSERT INTO CD_REF_TERM_ASSOC_TBL(REF_TERM_ID, CD_ID, EFFT_VRSN_SEQ_ID, REL_TYP_ID) SELECT x'E3F3C7B5C95EE44AACB1AAC6700FB516', x'425F98256A475544A9774E97A554D710', VRSN_SEQ_ID, x'C2AF4D2C6A56AE419EBC3097D7D22F4A' FROM CD_VRSN_TBL WHERE CD_ID = x'425F98256A475544A9774E97A554D710' AND OBSLT_UTC IS NULL;
INSERT INTO REF_TERM_NAME_TBL(REF_TERM_ID, LANG_CS, TERM_NAME, CRT_PROV_ID) VALUES(x'E3F3C7B5C95EE44AACB1AAC6700FB516', 'en', 'Emergency Contact', x'76A0DCFA90366E4AAF9EF1CD68E8C7E8');
INSERT INTO CD_NAME_TBL(CD_ID, EFFT_VRSN_SEQ_ID, LANG_CS, VAL) SELECT CD_ID, VRSN_SEQ_ID, 'en', 'Emergency Contact' FROM CD_VRSN_TBL WHERE CD_ID = x'425F98256A475544A9774E97A554D710' AND OBSLT_UTC IS NULL;


INSERT INTO CD_TBL VALUES(x'0EF961E139590E43861AF8E885CC353D');
INSERT INTO CD_VRSN_TBL (CD_ID, STS_CD_ID, CRT_PROV_ID, MNEMONIC, CLS_ID) VALUES (x'0EF961E139590E43861AF8E885CC353D', x'BD4C06C806FA3045B4301A52F1530C27', x'76A0DCFA90366E4AAF9EF1CD68E8C7E8', 'MobileContact', x'39346B0DBEC98044AF39EEB457C052D0');
INSERT INTO REF_TERM_TBL(REF_TERM_ID, CS_ID, MNEMONIC, CRT_PROV_ID)  VALUES(x'BD7989EE0C97304C8C6A61F6D91F767F', x'C60EB659D0F17F4C8E3BA7B809DC26CF', 'MC', x'76A0DCFA90366E4AAF9EF1CD68E8C7E8');
INSERT INTO CD_REF_TERM_ASSOC_TBL(REF_TERM_ID, CD_ID, EFFT_VRSN_SEQ_ID, REL_TYP_ID) SELECT x'BD7989EE0C97304C8C6A61F6D91F767F', x'0EF961E139590E43861AF8E885CC353D', VRSN_SEQ_ID, x'C2AF4D2C6A56AE419EBC3097D7D22F4A' FROM CD_VRSN_TBL WHERE CD_ID = x'0EF961E139590E43861AF8E885CC353D' AND OBSLT_UTC IS NULL;
INSERT INTO REF_TERM_NAME_TBL(REF_TERM_ID, LANG_CS, TERM_NAME, CRT_PROV_ID) VALUES(x'BD7989EE0C97304C8C6A61F6D91F767F', 'en', 'Mobile Phone', x'76A0DCFA90366E4AAF9EF1CD68E8C7E8');
INSERT INTO CD_NAME_TBL(CD_ID, EFFT_VRSN_SEQ_ID, LANG_CS, VAL) SELECT CD_ID, VRSN_SEQ_ID, 'en', 'Mobile Phone' FROM CD_VRSN_TBL WHERE CD_ID = x'0EF961E139590E43861AF8E885CC353D' AND OBSLT_UTC IS NULL;

INSERT INTO CD_TBL VALUES(x'B40080787AE35540A2AAC650089CE3B1');
INSERT INTO CD_VRSN_TBL (CD_ID, STS_CD_ID, CRT_PROV_ID, MNEMONIC, CLS_ID) VALUES (x'B40080787AE35540A2AAC650089CE3B1', x'BD4C06C806FA3045B4301A52F1530C27', x'76A0DCFA90366E4AAF9EF1CD68E8C7E8', 'Pager', x'39346B0DBEC98044AF39EEB457C052D0');
INSERT INTO REF_TERM_TBL(REF_TERM_ID, CS_ID, MNEMONIC, CRT_PROV_ID)  VALUES(x'3A2A6C801743464A92BB0FB953A61E40', x'C60EB659D0F17F4C8E3BA7B809DC26CF', 'PG', x'76A0DCFA90366E4AAF9EF1CD68E8C7E8');
INSERT INTO CD_REF_TERM_ASSOC_TBL(REF_TERM_ID, CD_ID, EFFT_VRSN_SEQ_ID, REL_TYP_ID) SELECT x'3A2A6C801743464A92BB0FB953A61E40', x'B40080787AE35540A2AAC650089CE3B1', VRSN_SEQ_ID, x'C2AF4D2C6A56AE419EBC3097D7D22F4A' FROM CD_VRSN_TBL WHERE CD_ID = x'B40080787AE35540A2AAC650089CE3B1' AND OBSLT_UTC IS NULL;
INSERT INTO REF_TERM_NAME_TBL(REF_TERM_ID, LANG_CS, TERM_NAME, CRT_PROV_ID) VALUES(x'3A2A6C801743464A92BB0FB953A61E40', 'en', 'Pager', x'76A0DCFA90366E4AAF9EF1CD68E8C7E8');
INSERT INTO CD_NAME_TBL(CD_ID, EFFT_VRSN_SEQ_ID, LANG_CS, VAL) SELECT CD_ID, VRSN_SEQ_ID, 'en', 'Pager' FROM CD_VRSN_TBL WHERE CD_ID = x'B40080787AE35540A2AAC650089CE3B1' AND OBSLT_UTC IS NULL;

-- STOCK CODES
INSERT INTO CD_TBL VALUES(x'B8FBF63110B52446A639EB7E93A19B27');
INSERT INTO CD_VRSN_TBL (CD_ID, STS_CD_ID, CRT_PROV_ID, MNEMONIC, CLS_ID) VALUES (x'B8FBF63110B52446A639EB7E93A19B27', x'BD4C06C806FA3045B4301A52F1530C27', x'76A0DCFA90366E4AAF9EF1CD68E8C7E8', 'StockTransfer', x'5452FD17258CBB4AB246083FBE9AFA15');
INSERT INTO REF_TERM_TBL(REF_TERM_ID, CS_ID, MNEMONIC, CRT_PROV_ID)  VALUES(x'41D66300AF2D6D4395F239C7E50F4197', x'6AD6B1BA981EFD4B9B4A7C4BE88F35D1', 'TRNFR', x'76A0DCFA90366E4AAF9EF1CD68E8C7E8');
INSERT INTO CD_REF_TERM_ASSOC_TBL(REF_TERM_ID, CD_ID, EFFT_VRSN_SEQ_ID, REL_TYP_ID) SELECT x'41D66300AF2D6D4395F239C7E50F4197', x'B8FBF63110B52446A639EB7E93A19B27', VRSN_SEQ_ID, x'C2AF4D2C6A56AE419EBC3097D7D22F4A' FROM CD_VRSN_TBL WHERE CD_ID = x'B8FBF63110B52446A639EB7E93A19B27' AND OBSLT_UTC IS NULL;
INSERT INTO REF_TERM_NAME_TBL(REF_TERM_ID, LANG_CS, TERM_NAME, CRT_PROV_ID) VALUES(x'41D66300AF2D6D4395F239C7E50F4197', 'en', 'Transfer', x'76A0DCFA90366E4AAF9EF1CD68E8C7E8');
INSERT INTO CD_NAME_TBL(CD_ID, EFFT_VRSN_SEQ_ID, LANG_CS, VAL) SELECT CD_ID, VRSN_SEQ_ID, 'en', 'Transfer' FROM CD_VRSN_TBL WHERE CD_ID = x'B8FBF63110B52446A639EB7E93A19B27' AND OBSLT_UTC IS NULL;

INSERT INTO CD_TBL VALUES(x'258CAE6307D68243A70463A6B6930FAF');
INSERT INTO CD_VRSN_TBL (CD_ID, STS_CD_ID, CRT_PROV_ID, MNEMONIC, CLS_ID) VALUES (x'258CAE6307D68243A70463A6B6930FAF', x'BD4C06C806FA3045B4301A52F1530C27', x'76A0DCFA90366E4AAF9EF1CD68E8C7E8', 'Adjustment', x'5452FD17258CBB4AB246083FBE9AFA15');
INSERT INTO CD_NAME_TBL(CD_ID, EFFT_VRSN_SEQ_ID, LANG_CS, VAL) SELECT CD_ID, VRSN_SEQ_ID, 'en', 'Adjustment' FROM CD_VRSN_TBL WHERE CD_ID = x'258CAE6307D68243A70463A6B6930FAF' AND OBSLT_UTC IS NULL;

INSERT INTO CD_SET_MEM_ASSOC_TBL (CD_ID, SET_ID) VALUES (x'B8FBF63110B52446A639EB7E93A19B27',x'E0FDC562AAA3DF4594E9242F4451644A');
INSERT INTO CD_SET_MEM_ASSOC_TBL (CD_ID, SET_ID) VALUES (x'258CAE6307D68243A70463A6B6930FAF',x'E0FDC562AAA3DF4594E9242F4451644A');

INSERT INTO CD_SET_MEM_ASSOC_TBL (CD_ID, SET_ID) VALUES(x'177BCD1EFFB5AE4C9C3BC1258132D137',x'E2E3AB1DB844454C910225EA147E5710');
INSERT INTO CD_SET_MEM_ASSOC_TBL (CD_ID, SET_ID) VALUES(x'425F98256A475544A9774E97A554D710',x'E2E3AB1DB844454C910225EA147E5710');
INSERT INTO CD_SET_MEM_ASSOC_TBL (CD_ID, SET_ID) VALUES(x'0EF961E139590E43861AF8E885CC353D',x'E2E3AB1DB844454C910225EA147E5710');
INSERT INTO CD_SET_MEM_ASSOC_TBL (CD_ID, SET_ID) VALUES(x'B40080787AE35540A2AAC650089CE3B1',x'E2E3AB1DB844454C910225EA147E5710');
INSERT INTO CD_SET_MEM_ASSOC_TBL (CD_ID, SET_ID) VALUES (x'D8AFFAC490FC30438B4BE4E64C86B87B',x'E2E3AB1DB844454C910225EA147E5710'); 
INSERT INTO CD_SET_MEM_ASSOC_TBL (SET_ID, CD_ID) VALUES (x'E2E3AB1DB844454C910225EA147E5710', x'8EF0A6EA8EBB57449DC03A1555FADF5C');
INSERT INTO CD_SET_MEM_ASSOC_TBL (SET_ID, CD_ID) VALUES (x'E2E3AB1DB844454C910225EA147E5710', x'31EAF6CE97A0594F8723A38C727C6597');
INSERT INTO CD_SET_MEM_ASSOC_TBL (SET_ID, CD_ID) VALUES (x'E2E3AB1DB844454C910225EA147E5710', x'7CEA35ECD2551946A56BF7A986412F7F');

-- CORRECTION
INSERT INTO CD_SET_MEM_ASSOC_TBL (CD_ID, SET_ID) VALUES (x'569D48D9ACDD9645B5C68F41D73D8DC5', x'67A56D4E9400234F855511DA499593AF');
INSERT INTO CD_SET_MEM_ASSOC_TBL (CD_ID, SET_ID) VALUES (x'C9E525903B69D449973CD7010F3A23EE', x'67A56D4E9400234F855511DA499593AF');

-- COMPLETED STATUS
INSERT INTO CD_TBL VALUES (x'0038C3AF25826140B168BACC09CDBAE3');
INSERT INTO CD_VRSN_TBL (CD_ID, STS_CD_ID, CRT_PROV_ID, MNEMONIC, CLS_ID) VALUES (x'0038C3AF25826140B168BACC09CDBAE3', x'BD4C06C806FA3045B4301A52F1530C27', x'76A0DCFA90366E4AAF9EF1CD68E8C7E8', 'COMPLETE', x'8231B95419FCA24782C6089FD70A4F45');
INSERT INTO CD_SET_MEM_ASSOC_TBL(CD_ID, SET_ID) VALUES (x'0038C3AF25826140B168BACC09CDBAE3', x'6A8FA4930868704C83A2D02178C2A883');

-- ACT CLASS CONTRACT
INSERT INTO CD_TBL VALUES(x'CB7F945B5A057B4E95713C2502D72BA6');
INSERT INTO CD_VRSN_TBL (CD_ID, STS_CD_ID, CRT_PROV_ID, MNEMONIC, CLS_ID) VALUES (x'CB7F945B5A057B4E95713C2502D72BA6', x'BD4C06C806FA3045B4301A52F1530C27', x'76A0DCFA90366E4AAF9EF1CD68E8C7E8', 'Contract', x'5452FD17258CBB4AB246083FBE9AFA15');
INSERT INTO REF_TERM_TBL(REF_TERM_ID, CS_ID, MNEMONIC, CRT_PROV_ID)  VALUES(x'A8BC4CB9D280DD458C0E2653F3807E67', x'6AD6B1BA981EFD4B9B4A7C4BE88F35D1', 'CNTRCT', x'76A0DCFA90366E4AAF9EF1CD68E8C7E8');
INSERT INTO CD_REF_TERM_ASSOC_TBL(REF_TERM_ID, CD_ID, EFFT_VRSN_SEQ_ID, REL_TYP_ID) SELECT x'A8BC4CB9D280DD458C0E2653F3807E67', x'CB7F945B5A057B4E95713C2502D72BA6', VRSN_SEQ_ID, x'C2AF4D2C6A56AE419EBC3097D7D22F4A' FROM CD_VRSN_TBL WHERE CD_ID = x'CB7F945B5A057B4E95713C2502D72BA6' AND OBSLT_UTC IS NULL;
INSERT INTO REF_TERM_NAME_TBL(REF_TERM_ID, LANG_CS, TERM_NAME, CRT_PROV_ID) VALUES(x'A8BC4CB9D280DD458C0E2653F3807E67', 'en', 'Contract', x'76A0DCFA90366E4AAF9EF1CD68E8C7E8');
INSERT INTO CD_NAME_TBL(CD_ID, EFFT_VRSN_SEQ_ID, LANG_CS, VAL) SELECT CD_ID, VRSN_SEQ_ID, 'en', 'Contract' FROM CD_VRSN_TBL WHERE CD_ID = x'CB7F945B5A057B4E95713C2502D72BA6' AND OBSLT_UTC IS NULL;
INSERT INTO CD_SET_MEM_ASSOC_TBL(CD_ID, SET_ID) VALUES (x'CB7F945B5A057B4E95713C2502D72BA6', x'E0FDC562AAA3DF4594E9242F4451644A');

-- ACT CLASS FINANCIAL CONTRACT
INSERT INTO CD_TBL VALUES(x'B7AB5FEE7CF97C41AD81AC9D05B81C50');
INSERT INTO CD_VRSN_TBL (CD_ID, STS_CD_ID, CRT_PROV_ID, MNEMONIC, CLS_ID) VALUES (x'B7AB5FEE7CF97C41AD81AC9D05B81C50', x'BD4C06C806FA3045B4301A52F1530C27', x'76A0DCFA90366E4AAF9EF1CD68E8C7E8', 'FinancialContract', x'5452FD17258CBB4AB246083FBE9AFA15');
INSERT INTO REF_TERM_TBL(REF_TERM_ID, CS_ID, MNEMONIC, CRT_PROV_ID)  VALUES(x'D333DC88E4BB2C4EA125BA2963AC3D79', x'6AD6B1BA981EFD4B9B4A7C4BE88F35D1', 'FCNTRCT', x'76A0DCFA90366E4AAF9EF1CD68E8C7E8');
INSERT INTO CD_REF_TERM_ASSOC_TBL(REF_TERM_ID, CD_ID, EFFT_VRSN_SEQ_ID, REL_TYP_ID) SELECT x'D333DC88E4BB2C4EA125BA2963AC3D79', x'B7AB5FEE7CF97C41AD81AC9D05B81C50', VRSN_SEQ_ID, x'C2AF4D2C6A56AE419EBC3097D7D22F4A' FROM CD_VRSN_TBL WHERE CD_ID = x'B7AB5FEE7CF97C41AD81AC9D05B81C50' AND OBSLT_UTC IS NULL;
INSERT INTO REF_TERM_NAME_TBL(REF_TERM_ID, LANG_CS, TERM_NAME, CRT_PROV_ID) VALUES(x'D333DC88E4BB2C4EA125BA2963AC3D79', 'en', 'Financial Contract', x'76A0DCFA90366E4AAF9EF1CD68E8C7E8');
INSERT INTO CD_NAME_TBL(CD_ID, EFFT_VRSN_SEQ_ID, LANG_CS, VAL) SELECT CD_ID, VRSN_SEQ_ID, 'en', 'Financial Contract' FROM CD_VRSN_TBL WHERE CD_ID = x'B7AB5FEE7CF97C41AD81AC9D05B81C50' AND OBSLT_UTC IS NULL;
INSERT INTO CD_SET_MEM_ASSOC_TBL(CD_ID, SET_ID) VALUES (x'B7AB5FEE7CF97C41AD81AC9D05B81C50', x'E0FDC562AAA3DF4594E9242F4451644A');

-- ACT CLASS ACCOUNT
INSERT INTO CD_TBL VALUES(x'DDD8D2EFD4454647BF1A38E95A358C05');
INSERT INTO CD_VRSN_TBL (CD_ID, STS_CD_ID, CRT_PROV_ID, MNEMONIC, CLS_ID) VALUES (x'DDD8D2EFD4454647BF1A38E95A358C05', x'BD4C06C806FA3045B4301A52F1530C27', x'76A0DCFA90366E4AAF9EF1CD68E8C7E8', 'Account', x'5452FD17258CBB4AB246083FBE9AFA15');
INSERT INTO REF_TERM_TBL(REF_TERM_ID, CS_ID, MNEMONIC, CRT_PROV_ID)  VALUES(x'5E3F0F8E0F29F24BAE7456C9F3339C7E', x'6AD6B1BA981EFD4B9B4A7C4BE88F35D1', 'ACCT', x'76A0DCFA90366E4AAF9EF1CD68E8C7E8');
INSERT INTO CD_REF_TERM_ASSOC_TBL(REF_TERM_ID, CD_ID, EFFT_VRSN_SEQ_ID, REL_TYP_ID) SELECT x'5E3F0F8E0F29F24BAE7456C9F3339C7E', x'DDD8D2EFD4454647BF1A38E95A358C05', VRSN_SEQ_ID, x'C2AF4D2C6A56AE419EBC3097D7D22F4A' FROM CD_VRSN_TBL WHERE CD_ID = x'DDD8D2EFD4454647BF1A38E95A358C05' AND OBSLT_UTC IS NULL;
INSERT INTO REF_TERM_NAME_TBL(REF_TERM_ID, LANG_CS, TERM_NAME, CRT_PROV_ID) VALUES(x'5E3F0F8E0F29F24BAE7456C9F3339C7E', 'en', 'Account', x'76A0DCFA90366E4AAF9EF1CD68E8C7E8');
INSERT INTO CD_NAME_TBL(CD_ID, EFFT_VRSN_SEQ_ID, LANG_CS, VAL) SELECT CD_ID, VRSN_SEQ_ID, 'en', 'Account' FROM CD_VRSN_TBL WHERE CD_ID = x'DDD8D2EFD4454647BF1A38E95A358C05' AND OBSLT_UTC IS NULL;
INSERT INTO CD_SET_MEM_ASSOC_TBL(CD_ID, SET_ID) VALUES (x'DDD8D2EFD4454647BF1A38E95A358C05', x'E0FDC562AAA3DF4594E9242F4451644A');

-- FINANCIAL TRANSACTION
INSERT INTO CD_TBL VALUES(x'1EA9376A27CC644E9B49618A1F255904');
INSERT INTO CD_VRSN_TBL (CD_ID, STS_CD_ID, CRT_PROV_ID, MNEMONIC, CLS_ID) VALUES ( x'1EA9376A27CC644E9B49618A1F255904', x'BD4C06C806FA3045B4301A52F1530C27', x'76A0DCFA90366E4AAF9EF1CD68E8C7E8', 'FinancialTransaction', x'5452FD17258CBB4AB246083FBE9AFA15');
INSERT INTO REF_TERM_TBL(REF_TERM_ID, CS_ID, MNEMONIC, CRT_PROV_ID)  VALUES(x'E27E4C041B2B6547B5DE4FE68C4F2FDB', x'6AD6B1BA981EFD4B9B4A7C4BE88F35D1', 'XACT', x'76A0DCFA90366E4AAF9EF1CD68E8C7E8');
INSERT INTO CD_REF_TERM_ASSOC_TBL(REF_TERM_ID, CD_ID, EFFT_VRSN_SEQ_ID, REL_TYP_ID) SELECT  x'E27E4C041B2B6547B5DE4FE68C4F2FDB', x'1EA9376A27CC644E9B49618A1F255904', VRSN_SEQ_ID, x'C2AF4D2C6A56AE419EBC3097D7D22F4A' FROM CD_VRSN_TBL WHERE CD_ID = x'1EA9376A27CC644E9B49618A1F255904' AND OBSLT_UTC IS NULL;
INSERT INTO REF_TERM_NAME_TBL(REF_TERM_ID, LANG_CS, TERM_NAME, CRT_PROV_ID) VALUES(x'E27E4C041B2B6547B5DE4FE68C4F2FDB', 'en', 'Financial Transaction', x'76A0DCFA90366E4AAF9EF1CD68E8C7E8');
INSERT INTO CD_NAME_TBL(CD_ID, EFFT_VRSN_SEQ_ID, LANG_CS, VAL) SELECT CD_ID, VRSN_SEQ_ID, 'en', 'Financial Transaction' FROM CD_VRSN_TBL WHERE CD_ID = x'1EA9376A27CC644E9B49618A1F255904' AND OBSLT_UTC IS NULL;
INSERT INTO CD_SET_MEM_ASSOC_TBL(CD_ID, SET_ID) VALUES (x'1EA9376A27CC644E9B49618A1F255904', x'E0FDC562AAA3DF4594E9242F4451644A');

-- ACT INVOICE ELEMENT ACCOUNT
INSERT INTO CD_TBL VALUES(x'8BEE5567E648D84F802F59B89EFA8966');
INSERT INTO CD_VRSN_TBL (CD_ID, STS_CD_ID, CRT_PROV_ID, MNEMONIC, CLS_ID) VALUES (x'8BEE5567E648D84F802F59B89EFA8966', x'BD4C06C806FA3045B4301A52F1530C27', x'76A0DCFA90366E4AAF9EF1CD68E8C7E8', 'InvoiceElement', x'5452FD17258CBB4AB246083FBE9AFA15');
INSERT INTO REF_TERM_TBL(REF_TERM_ID, CS_ID, MNEMONIC, CRT_PROV_ID)  VALUES(x'08BA647A5B790F4AA7A58D5950FDD113', x'6AD6B1BA981EFD4B9B4A7C4BE88F35D1', 'INVE', x'76A0DCFA90366E4AAF9EF1CD68E8C7E8');
INSERT INTO CD_REF_TERM_ASSOC_TBL(REF_TERM_ID, CD_ID, EFFT_VRSN_SEQ_ID, REL_TYP_ID) SELECT x'08BA647A5B790F4AA7A58D5950FDD113', x'8BEE5567E648D84F802F59B89EFA8966', VRSN_SEQ_ID, x'C2AF4D2C6A56AE419EBC3097D7D22F4A' FROM CD_VRSN_TBL WHERE CD_ID = x'8BEE5567E648D84F802F59B89EFA8966' AND OBSLT_UTC IS NULL;
INSERT INTO REF_TERM_NAME_TBL(REF_TERM_ID, LANG_CS, TERM_NAME, CRT_PROV_ID) VALUES(x'08BA647A5B790F4AA7A58D5950FDD113', 'en', 'Invoice Element', x'76A0DCFA90366E4AAF9EF1CD68E8C7E8');
INSERT INTO CD_NAME_TBL(CD_ID, EFFT_VRSN_SEQ_ID, LANG_CS, VAL) SELECT CD_ID, VRSN_SEQ_ID, 'en', 'Invoice Element' FROM CD_VRSN_TBL WHERE CD_ID = x'8BEE5567E648D84F802F59B89EFA8966' AND OBSLT_UTC IS NULL;
INSERT INTO CD_SET_MEM_ASSOC_TBL(CD_ID, SET_ID) VALUES (x'8BEE5567E648D84F802F59B89EFA8966', x'E0FDC562AAA3DF4594E9242F4451644A');


-- REPLACES CODE
--INSERT INTO CD_TBL VALUES (x'72CA98E96A3B9940AB6E7CF6861A5B61');
INSERT INTO CD_SET_MEM_ASSOC_TBL (CD_ID, SET_ID) VALUES (x'378657D1CBE15E41B3194011DA033813', x'67A616EE85200A44B1E74032D10B9F40');
--INSERT INTO CD_VRSN_TBL (CD_ID, STS_CD_ID, CRT_PROV_ID, MNEMONIC, CLS_ID) VALUES (x'72CA98E96A3B9940AB6E7CF6861A5B61', x'BD4C06C806FA3045B4301A52F1530C27', x'76A0DCFA90366E4AAF9EF1CD68E8C7E8', 'Replaces', x'5452FD17258CBB4AB246083FBE9AFA15');
--INSERT INTO REF_TERM_TBL (REF_TERM_ID, CS_ID, MNEMONIC, CRT_PROV_ID)  VALUES(x'5A57DB9AA2EB4B45A087805F5083B048',x'7BD712FF5D627A498794C3726942B113','REPL', x'76A0DCFA90366E4AAF9EF1CD68E8C7E8');
--INSERT INTO CD_REF_TERM_ASSOC_TBL (REF_TERM_ID, CD_ID, EFFT_VRSN_SEQ_ID, REL_TYP_ID) SELECT x'5A57DB9AA2EB4B45A087805F5083B048', x'72CA98E96A3B9940AB6E7CF6861A5B61', VRSN_SEQ_ID, x'C2AF4D2C6A56AE419EBC3097D7D22F4A' FROM CD_VRSN_TBL WHERE CD_ID = x'72CA98E96A3B9940AB6E7CF6861A5B61' AND OBSLT_UTC IS NULL;
INSERT INTO CD_TBL VALUES(x'6E3BFD3ED502C94C9088EF8F31E321C5');
INSERT INTO CD_SET_MEM_ASSOC_TBL (CD_ID, SET_ID) VALUES (x'6E3BFD3ED502C94C9088EF8F31E321C5', x'6A8FA4930868704C83A2D02178C2A883');
INSERT INTO CD_VRSN_TBL (CD_ID, STS_CD_ID, CRT_PROV_ID, MNEMONIC, CLS_ID) VALUES (x'6E3BFD3ED502C94C9088EF8F31E321C5', x'BD4C06C806FA3045B4301A52F1530C27', x'76A0DCFA90366E4AAF9EF1CD68E8C7E8', 'CANCELLED', x'8231B95419FCA24782C6089FD70A4F45');

-- CACT
INSERT INTO CD_TBL VALUES(x'CE8854B3CDB7D44DB4DE5F83DC55AF9F');
INSERT INTO CD_VRSN_TBL (CD_VRSN_ID, CD_ID, STS_CD_ID, CRT_PROV_ID, MNEMONIC, CLS_ID) VALUES (random(), x'CE8854B3CDB7D44DB4DE5F83DC55AF9F', x'BD4C06C806FA3045B4301A52F1530C27', x'76A0DCFA90366E4AAF9EF1CD68E8C7E8', 'ControlActEvent', x'5452FD17258CBB4AB246083FBE9AFA15');
INSERT INTO REF_TERM_TBL(REF_TERM_ID, CS_ID, MNEMONIC, CRT_PROV_ID)  VALUES(x'BB384E527A0A0D499400B25AE094099C', x'6AD6B1BA981EFD4B9B4A7C4BE88F35D1', 'CACT', x'76A0DCFA90366E4AAF9EF1CD68E8C7E8');
INSERT INTO CD_REF_TERM_ASSOC_TBL(CD_REF_TERM_ID, REF_TERM_ID, CD_ID, EFFT_VRSN_SEQ_ID, REL_TYP_ID) SELECT random(), x'BB384E527A0A0D499400B25AE094099C', x'CE8854B3CDB7D44DB4DE5F83DC55AF9F', VRSN_SEQ_ID, x'C2AF4D2C6A56AE419EBC3097D7D22F4A' FROM CD_VRSN_TBL WHERE CD_ID = x'CE8854B3CDB7D44DB4DE5F83DC55AF9F' AND OBSLT_UTC IS NULL;
INSERT INTO REF_TERM_NAME_TBL(REF_TERM_NAME_ID, REF_TERM_ID, LANG_CS, TERM_NAME, CRT_PROV_ID) VALUES(random(), x'BB384E527A0A0D499400B25AE094099C', 'en', 'Control Event', x'76A0DCFA90366E4AAF9EF1CD68E8C7E8');
INSERT INTO CD_NAME_TBL(NAME_ID, CD_ID, EFFT_VRSN_SEQ_ID, LANG_CS, VAL) SELECT random(), CD_ID, VRSN_SEQ_ID, 'en', 'Control Event' FROM CD_VRSN_TBL WHERE CD_ID = x'CE8854B3CDB7D44DB4DE5F83DC55AF9F' AND OBSLT_UTC IS NULL;
INSERT INTO cd_set_mem_assoc_tbl (set_id, cd_id) VALUES (x'E0FDC562AAA3DF4594E9242F4451644A', x'CE8854B3CDB7D44DB4DE5F83DC55AF9F');